2026-08-10 11:06:41,708 - __main__ - INFO - 8
2026-08-10 11:06:41,725 - __main__ - INFO - failed
2026-08-10 11:06:41,725 - __main__ - INFO - 9
2026-08-10 11:06:41,743 - __main__ - INFO - failed
2026-08-10 11:06:41,743 - __main__ - INFO - 10
2026-08-10 11:06:41,760 - __main__ - INFO - failed
2026-08-10 11:06:41,760 - __main__ - INFO - 11
2026-08-10 11:06:41,778 - __main__ - INFO - failed
2026-08-10 11:06:41,778 - __main__ - INFO - 12
2026-08-10 11:06:41,795 - __main__ - INFO - failed
2026-08-10 11:06:41,795 - __main__ - INFO - 13
2026-08-10 11:06:42,171 - __main__ - INFO - failed
2026-08-10 11:06:42,171 - __main__ - INFO - 3
2026-08-10 11:06:42,189 - __main__ - INFO - failed
2026-08-10 11:06:42,189 - __main__ - INFO - 4
2026-08-10 11:06:42,206 - __main__ - INFO - failed
2026-08-10 11:06:42,206 - __main__ - INFO - 5
2026-08-10 11:06:42,223 - __main__ - INFO - failed
2026-08-10 11:06:42,223 - __main__ - INFO - 6
2026-08-10 11:06:42,240 - __main__ - INFO - failed
2026-08-10 11:06:42,240 - __main__ - INFO - 7
2026-08-10 11:06:42,257 - __main__ - INFO - failed
2026-08-10 11:06:42,257 - __main__ - INFO - 8
2026-08-10 11:06:42,275 - __main__ - INFO - failed
2026-08-10 11:06:42,275 - __main__ - INFO - 9
2026-08-10 11:06:42,292 - __main__ - INFO - failed
2026-08-10 11:06:42,292 - __main__ - INFO - 10
2026-08-10 11:06:42,309 - __main__ - INFO - failed
2026-08-10 11:06:42,309 - __main__ - INFO - 11
2026-08-10 11:06:42,326 - __main__ - INFO - failed
2026-08-10 11:06:42,326 - __main__ - INFO - 12
2026-08-10 11:06:42,343 - __main__ - INFO - failed
2026-08-10 11:06:42,344 - __main__ - INFO - 13
2026-08-10 11:06:42,361 - __main__ - INFO - failed
2026-08-10 11:06:42,361 - __main__ - INFO - 14
2026-08-10 11:06:42,378 - __main__ - INFO - failed
2026-08-10 11:06:42,378 - __main__ - INFO - 15
2026-08-10 11:06:42,395 - __main__ - INFO - failed
2026-08-10 11:06:42,395 - __main__ - INFO - 16
2026-08-10 11:06:42,412 - __main__ - INFO - failed
2026-08-10 11:06:42,412 - __main__ - INFO - 17
2026-08-10 11:06:42,430 - __main__ - INFO - failed
2026-08-10 11:06:42,430 - __main__ - INFO - 18
2026-08-10 11:06:42,447 - __main__ - INFO - failed
2026-08-10 11:06:42,447 - __main__ - INFO - 19
2026-08-10 11:06:42,464 - __main__ - INFO - failed
2026-08-10 11:06:42,464 - __main__ - INFO - 20
2026-08-10 11:06:42,482 - __main__ - INFO - failed
2026-08-10 11:06:42,482 - __main__ - INFO - 21
2026-08-10 11:06:42,905 - __main__ - INFO - failed
2026-08-10 11:06:42,905 - __main__ - INFO - 15
2026-08-10 11:06:42,922 - __main__ - INFO - failed
2026-08-10 11:06:42,922 - __main__ - INFO - 16
2026-08-10 11:06:42,939 - __main__ - INFO - failed
2026-08-10 11:06:42,939 - __main__ - INFO - 17
2026-08-10 11:06:42,957 - __main__ - INFO - failed
2026-08-10 11:06:42,957 - __main__ - INFO - 18
2026-08-10 11:06:42,974 - __main__ - INFO - failed
2026-08-10 11:06:42,974 - __main__ - INFO - 19
2026-08-10 11:06:42,992 - __main__ - INFO - failed
2026-08-10 11:06:42,992 - __main__ - INFO - 20
2026-08-10 11:06:43,009 - __main__ - INFO - failed
2026-08-10 11:06:43,009 - __main__ - INFO - 21
2026-08-10 11:06:43,027 - __main__ - INFO - failed
2026-08-10 11:06:43,027 - __main__ - INFO - 0
2026-08-10 11:06:43,044 - __main__ - INFO - failed
2026-08-10 11:06:43,044 - __main__ - INFO - 1
2026-08-10 11:06:43,061 - __main__ - INFO - failed
2026-08-10 11:06:43,061 - __main__ - INFO - 2
2026-08-10 11:06:43,078 - __main__ - INFO - failed
2026-08-10 11:06:43,078 - __main__ - INFO - 3
2026-08-10 11:06:43,096 - __main__ - INFO - failed
2026-08-10 11:06:43,096 - __main__ - INFO - 4
2026-08-10 11:06:43,113 - __main__ - INFO - failed
2026-08-10 11:06:43,113 - __main__ - INFO - 5
2026-08-10 11:06:43,130 - __main__ - INFO - failed
2026-08-10 11:06:43,130 - __main__ - INFO - 6
2026-08-10 11:06:43,147 - __main__ - INFO - failed
2026-08-10 11:06:43,147 - __main__ - INFO - 7
2026-08-10 11:06:43,166 - __main__ - INFO - failed
2026-08-10 11:06:43,166 - __main__ - INFO - 8
2026-08-10 11:06:43,183 - __main__ - INFO - failed
2026-08-10 11:06:43,183 - __main__ - INFO - 9
2026-08-10 11:06:43,200 - __main__ - INFO - failed
2026-08-10 11:06:43,201 - __main__ - INFO - 10
2026-08-10 11:06:43,218 - __main__ - INFO - failed
2026-08-10 11:06:43,218 - __main__ - INFO - 11
2026-08-10 11:06:43,235 - __main__ - INFO - failed
2026-08-10 11:06:43,235 - __main__ - INFO - 12
2026-08-10 11:06:43,253 - __main__ - INFO - failed
2026-08-10 11:06:43,253 - __main__ - INFO - 13
2026-08-10 11:06:43,270 - __main__ - INFO - failed
2026-08-10 11:06:43,270 - __main__ - INFO - 14
2026-08-10 11:06:43,287 - __main__ - INFO - failed
2026-08-10 11:06:43,287 - __main__ - INFO - 15
2026-08-10 11:06:43,305 - __main__ - INFO - failed
2026-08-10 11:06:43,305 - __main__ - INFO - 16
2026-08-10 11:06:43,322 - __main__ - INFO - failed
2026-08-10 11:06:43,322 - __main__ - INFO - 17
2026-08-10 11:06:43,340 - __main__ - INFO - failed
2026-08-10 11:06:43,340 - __main__ - INFO - 18
2026-08-10 11:06:43,358 - __main__ - INFO - failed
2026-08-10 11:06:43,358 - __main__ - INFO - 19
2026-08-10 11:06:43,375 - __main__ - INFO - failed
2026-08-10 11:06:43,375 - __main__ - INFO - 20
2026-08-10 11:06:43,393 - __main__ - INFO - failed
2026-08-10 11:06:43,393 - __main__ - INFO - 21
2026-08-11 10:48:38,534 - __main__ - INFO - running pc
2026-08-11 10:48:38,534 - __main__ - INFO - running pc
2026-08-11 10:48:38,535 - __main__ - INFO - running pc
2026-08-11 11:05:05,017 - __main__ - INFO - running Us mob
2026-08-11 11:05:05,018 - __main__ - INFO - running Us mob
2026-08-11 11:05:05,018 - __main__ - INFO - running Us mob
2026-08-12 10:58:13,852 - __main__ - INFO - running pc
2026-08-12 10:58:13,853 - __main__ - INFO - running pc
2026-08-12 10:58:13,853 - __main__ - INFO - running pc
2026-08-12 11:14:15,473 - __main__ - INFO - running Us mob
2026-08-12 11:14:15,473 - __main__ - INFO - running Us mob
2026-08-12 11:14:15,474 - __main__ - INFO - running Us mob
2026-08-13 10:58:58,759 - __main__ - INFO - running pc
2026-08-13 10:58:58,759 - __main__ - INFO - running pc
2026-08-13 10:58:58,759 - __main__ - INFO - running pc
2026-08-13 11:15:24,085 - __main__ - INFO - running Us mob
2026-08-13 11:15:24,086 - __main__ - INFO - running Us mob
2026-08-13 11:15:24,086 - __main__ - INFO - running Us mob
2026-08-14 10:55:54,778 - __main__ - INFO - running pc
2026-08-14 10:55:54,778 - __main__ - INFO - running pc
2026-08-14 10:55:54,779 - __main__ - INFO - running pc
2026-08-14 11:12:26,964 - __main__ - INFO - running Us mob
2026-08-14 11:12:26,965 - __main__ - INFO - running Us mob
2026-08-14 11:12:26,965 - __main__ - INFO - running Us mob
2026-08-15 10:19:53,203 - __main__ - INFO - running pc
2026-08-15 10:19:53,203 - __main__ - INFO - running pc
2026-08-15 10:19:53,204 - __main__ - INFO - running pc
2026-08-15 10:36:16,522 - __main__ - INFO - running Us mob
2026-08-15 10:36:16,523 - __main__ - INFO - running Us mob
2026-08-15 10:36:16,539 - __main__ - INFO - running Us mob
2026-08-16 10:19:55,719 - __main__ - INFO - running pc
2026-08-16 10:19:55,719 - __main__ - INFO - running pc
2026-08-16 10:19:55,719 - __main__ - INFO - running pc
2026-08-16 10:36:07,454 - __main__ - INFO - running Us mob
2026-08-16 10:36:07,455 - __main__ - INFO - running Us mob
2026-08-16 10:36:07,489 - __main__ - INFO - running Us mob
2026-08-17 10:29:23,492 - __main__ - INFO - running pc
2026-08-17 10:29:23,493 - __main__ - INFO - running pc
2026-08-17 10:29:23,493 - __main__ - INFO - running pc
2026-08-17 10:45:30,915 - __main__ - INFO - running Us mob
2026-08-17 10:45:30,916 - __main__ - INFO - running Us mob
2026-08-17 10:45:30,917 - __main__ - INFO - running Us mob
2026-08-18 10:24:56,022 - __main__ - INFO - running pc
2026-08-18 10:24:56,022 - __main__ - INFO - running pc
2026-08-18 10:24:56,023 - __main__ - INFO - running pc
2026-08-18 10:41:09,104 - __main__ - INFO - running Us mob
2026-08-18 10:41:09,104 - __main__ - INFO - running Us mob
2026-08-18 10:41:09,106 - __main__ - INFO - running Us mob
2026-08-19 10:25:39,731 - __main__ - INFO - running pc
2026-08-19 10:25:39,731 - __main__ - INFO - running pc
2026-08-19 10:25:39,731 - __main__ - INFO - running pc
2026-08-19 10:41:44,921 - __main__ - INFO - running Us mob
2026-08-19 10:41:44,923 - __main__ - INFO - running Us mob
2026-08-19 10:41:44,923 - __main__ - INFO - running Us mob
2026-08-20 10:27:29,971 - __main__ - INFO - running pc
2026-08-20 10:27:29,971 - __main__ - INFO - running pc
2026-08-20 10:27:29,971 - __main__ - INFO - running pc
2026-08-20 10:43:42,561 - __main__ - INFO - running Us mob
2026-08-20 10:43:42,561 - __main__ - INFO - running Us mob
2026-08-20 10:43:42,562 - __main__ - INFO - running Us mob
2026-08-21 10:27:23,283 - __main__ - INFO - running pc
2026-08-21 10:27:23,283 - __main__ - INFO - running pc
2026-08-21 10:27:23,283 - __main__ - INFO - running pc
2026-08-21 10:44:04,739 - __main__ - INFO - running Us mob
2026-08-21 10:44:04,739 - __main__ - INFO - running Us mob
2026-08-21 10:44:04,740 - __main__ - INFO - running Us mob
2026-08-22 10:20:21,951 - __main__ - INFO - running pc
2026-08-22 10:20:21,952 - __main__ - INFO - running pc
2026-08-22 10:20:21,952 - __main__ - INFO - running pc
2026-08-22 10:36:35,345 - __main__ - INFO - running Us mob
2026-08-22 10:36:35,346 - __main__ - INFO - running Us mob
2026-08-22 10:36:35,346 - __main__ - INFO - running Us mob
2026-08-23 10:21:03,873 - __main__ - INFO - running pc
2026-08-23 10:21:03,873 - __main__ - INFO - running pc
2026-08-23 10:21:03,873 - __main__ - INFO - running pc
2026-08-23 10:36:48,255 - __main__ - INFO - running Us mob
2026-08-23 10:36:48,256 - __main__ - INFO - running Us mob
2026-08-23 10:36:48,257 - __main__ - INFO - running Us mob
2026-08-24 10:34:45,991 - __main__ - INFO - running pc
2026-08-24 10:34:45,991 - __main__ - INFO - running pc
2026-08-24 10:34:45,991 - __main__ - INFO - running pc
2026-08-24 10:50:58,357 - __main__ - INFO - running Us mob
2026-08-24 10:50:58,358 - __main__ - INFO - running Us mob
2026-08-24 10:50:58,375 - __main__ - INFO - running Us mob
2026-08-25 10:29:51,795 - __main__ - INFO - running pc
2026-08-25 10:29:51,795 - __main__ - INFO - running pc
2026-08-25 10:29:51,795 - __main__ - INFO - running pc
2026-08-25 10:46:19,026 - __main__ - INFO - running Us mob
2026-08-25 10:46:19,027 - __main__ - INFO - running Us mob
2026-08-25 10:46:19,027 - __main__ - INFO - running Us mob
2026-08-26 10:32:16,774 - __main__ - INFO - running pc
2026-08-26 10:32:16,774 - __main__ - INFO - running pc
2026-08-26 10:32:16,774 - __main__ - INFO - running pc
2026-08-26 10:48:31,105 - __main__ - INFO - running Us mob
2026-08-26 10:48:31,106 - __main__ - INFO - running Us mob
2026-08-26 10:48:31,116 - __main__ - INFO - running Us mob
2026-08-27 20:08:48,401 - __main__ - INFO - running pc
2026-08-27 20:08:48,401 - __main__ - INFO - running pc
2026-08-27 20:08:48,402 - __main__ - INFO - running pc
2026-08-27 20:26:09,105 - __main__ - INFO - running Us mob
2026-08-27 20:26:09,106 - __main__ - INFO - running Us mob
2026-08-27 20:26:09,106 - __main__ - INFO - running Us mob
2026-08-28 21:05:11,288 - __main__ - INFO - running pc
2026-08-28 21:05:11,288 - __main__ - INFO - running pc
2026-08-28 21:05:11,288 - __main__ - INFO - running pc
2026-08-28 21:21:39,368 - __main__ - INFO - running Us mob
2026-08-28 21:21:39,369 - __main__ - INFO - running Us mob
2026-08-28 21:21:39,369 - __main__ - INFO - running Us mob
2026-08-29 14:55:31,481 - __main__ - INFO - running pc
2026-08-29 14:55:31,481 - __main__ - INFO - running pc
2026-08-29 14:55:31,481 - __main__ - INFO - running pc
2026-08-29 15:12:26,368 - __main__ - INFO - running Us mob
2026-08-29 15:12:26,368 - __main__ - INFO - running Us mob
2026-08-29 15:12:26,369 - __main__ - INFO - running Us mob
2026-08-30 14:40:32,824 - __main__ - INFO - running pc
2026-08-30 14:40:32,824 - __main__ - INFO - running pc
2026-08-30 14:40:32,824 - __main__ - INFO - running pc
2026-08-30 14:56:54,883 - __main__ - INFO - running Us mob
2026-08-30 14:56:54,883 - __main__ - INFO - running Us mob
2026-08-30 14:56:54,883 - __main__ - INFO - running Us mob
2026-08-31 17:23:27,470 - __main__ - INFO - running pc
2026-08-31 17:23:27,470 - __main__ - INFO - running pc
2026-08-31 17:23:27,470 - __main__ - INFO - running pc
2026-08-31 17:39:51,443 - __main__ - INFO - running Us mob
2026-08-31 17:39:51,444 - __main__ - INFO - running Us mob
2026-08-31 17:39:51,445 - __main__ - INFO - running Us mob
2026-09-01 14:30:56,636 - __main__ - INFO - running pc
2026-09-01 14:30:56,636 - __main__ - INFO - running pc
2026-09-01 14:30:56,636 - __main__ - INFO - running pc
2026-09-01 14:47:27,169 - __main__ - INFO - running Us mob
2026-09-01 14:47:27,169 - __main__ - INFO - running Us mob
2026-09-01 14:47:27,171 - __main__ - INFO - running Us mob
2026-09-02 14:04:37,401 - __main__ - INFO - running pc
2026-09-02 14:04:37,401 - __main__ - INFO - running pc
2026-09-02 14:04:37,401 - __main__ - INFO - running pc
2026-09-02 14:21:32,939 - __main__ - INFO - running Us mob
2026-09-02 14:21:32,940 - __main__ - INFO - running Us mob
2026-09-02 14:21:32,940 - __main__ - INFO - running Us mob
2026-09-03 14:08:38,407 - __main__ - INFO - running pc
2026-09-03 14:08:38,408 - __main__ - INFO - running pc
2026-09-03 14:08:38,408 - __main__ - INFO - running pc
2026-09-03 14:24:55,947 - __main__ - INFO - running Us mob
2026-09-03 14:24:55,948 - __main__ - INFO - running Us mob
2026-09-03 14:24:55,948 - __main__ - INFO - running Us mob
2026-09-04 14:00:21,566 - __main__ - INFO - running pc
2026-09-04 14:00:21,567 - __main__ - INFO - running pc
2026-09-04 14:00:21,567 - __main__ - INFO - running pc
2026-09-04 14:17:32,395 - __main__ - INFO - running Us mob
2026-09-04 14:17:32,407 - __main__ - INFO - running Us mob
2026-09-04 14:17:32,409 - __main__ - INFO - running Us mob
2026-09-05 13:14:47,686 - __main__ - INFO - running pc
2026-09-05 13:14:47,686 - __main__ - INFO - running pc
2026-09-05 13:14:47,687 - __main__ - INFO - running pc
2026-09-05 13:31:16,319 - __main__ - INFO - running Us mob
2026-09-05 13:31:16,320 - __main__ - INFO - running Us mob
2026-09-05 13:31:16,320 - __main__ - INFO - running Us mob
2026-09-06 13:24:03,292 - __main__ - INFO - running pc
2026-09-06 13:24:03,292 - __main__ - INFO - running pc
2026-09-06 13:24:03,292 - __main__ - INFO - running pc
2026-09-06 13:39:44,519 - __main__ - INFO - running Us mob
2026-09-06 13:39:44,520 - __main__ - INFO - running Us mob
2026-09-06 13:39:44,521 - __main__ - INFO - running Us mob
2026-09-07 15:30:15,187 - __main__ - INFO - running pc
2026-09-07 15:30:15,187 - __main__ - INFO - running pc
2026-09-07 15:30:15,188 - __main__ - INFO - running pc
2026-09-07 15:46:42,254 - __main__ - INFO - running Us mob
2026-09-07 15:46:42,255 - __main__ - INFO - running Us mob
2026-09-07 15:46:42,273 - __main__ - INFO - running Us mob
2026-09-08 14:08:40,281 - __main__ - INFO - running pc
2026-09-08 14:08:40,281 - __main__ - INFO - running pc
2026-09-08 14:08:40,281 - __main__ - INFO - running pc
2026-09-08 14:25:29,701 - __main__ - INFO - running Us mob
2026-09-08 14:25:29,713 - __main__ - INFO - running Us mob
2026-09-08 14:25:29,714 - __main__ - INFO - running Us mob
2026-09-09 14:09:38,776 - __main__ - INFO - running pc
2026-09-09 14:09:38,776 - __main__ - INFO - running pc
2026-09-09 14:09:38,776 - __main__ - INFO - running pc
2026-09-09 14:25:51,690 - __main__ - INFO - running Us mob
2026-09-09 14:25:51,691 - __main__ - INFO - running Us mob
2026-09-09 14:25:51,692 - __main__ - INFO - running Us mob
2026-09-10 14:03:23,618 - __main__ - INFO - running pc
2026-09-10 14:03:23,618 - __main__ - INFO - running pc
2026-09-10 14:03:23,618 - __main__ - INFO - running pc
2026-09-10 14:19:43,469 - __main__ - INFO - running Us mob
2026-09-10 14:19:43,469 - __main__ - INFO - running Us mob
2026-09-10 14:19:43,470 - __main__ - INFO - running Us mob
2026-09-11 14:03:07,151 - __main__ - INFO - running pc
2026-09-11 14:03:07,152 - __main__ - INFO - running pc
2026-09-11 14:03:07,152 - __main__ - INFO - running pc
2026-09-11 14:20:35,359 - __main__ - INFO - running Us mob
2026-09-11 14:20:35,359 - __main__ - INFO - running Us mob
2026-09-11 14:20:35,360 - __main__ - INFO - running Us mob
2026-09-12 13:20:55,068 - __main__ - INFO - running pc
2026-09-12 13:20:55,068 - __main__ - INFO - running pc
2026-09-12 13:20:55,068 - __main__ - INFO - running pc
2026-09-12 13:37:17,454 - __main__ - INFO - failed
2026-09-12 13:37:17,454 - __main__ - INFO - 28
2026-09-12 13:37:24,396 - __main__ - INFO - running Us mob
2026-09-12 13:37:24,397 - __main__ - INFO - running Us mob
2026-09-12 13:37:24,397 - __main__ - INFO - running Us mob
2026-09-13 14:03:51,272 - __main__ - INFO - running pc
2026-09-13 14:03:51,273 - __main__ - INFO - running pc
2026-09-13 14:03:51,273 - __main__ - INFO - running pc
2026-09-13 14:20:03,653 - __main__ - INFO - running Us mob
2026-09-13 14:20:03,653 - __main__ - INFO - running Us mob
2026-09-13 14:20:03,654 - __main__ - INFO - running Us mob
2026-09-14 16:09:15,452 - __main__ - INFO - running pc
2026-09-14 16:09:15,453 - __main__ - INFO - running pc
2026-09-14 16:09:15,453 - __main__ - INFO - running pc
2026-09-14 16:25:30,360 - __main__ - INFO - running Us mob
2026-09-14 16:25:30,360 - __main__ - INFO - running Us mob
2026-09-14 16:25:30,378 - __main__ - INFO - running Us mob
2026-09-15 14:37:59,977 - __main__ - INFO - running pc
2026-09-15 14:37:59,977 - __main__ - INFO - running pc
2026-09-15 14:37:59,978 - __main__ - INFO - running pc
2026-09-15 14:55:27,485 - __main__ - INFO - running Us mob
2026-09-15 14:55:27,485 - __main__ - INFO - running Us mob
2026-09-15 14:55:27,504 - __main__ - INFO - running Us mob
2026-09-16 14:35:15,485 - __main__ - INFO - running pc
2026-09-16 14:35:15,485 - __main__ - INFO - running pc
2026-09-16 14:35:15,486 - __main__ - INFO - running pc
2026-09-16 14:51:30,178 - __main__ - INFO - running Us mob
2026-09-16 14:51:30,179 - __main__ - INFO - running Us mob
2026-09-16 14:51:30,180 - __main__ - INFO - running Us mob
2026-09-17 14:41:07,934 - __main__ - INFO - running pc
2026-09-17 14:41:07,934 - __main__ - INFO - running pc
2026-09-17 14:41:07,934 - __main__ - INFO - running pc
2026-09-17 14:45:27,733 - __main__ - INFO - failed
2026-09-17 14:45:27,733 - __main__ - INFO - 11
2026-09-17 14:59:41,312 - __main__ - INFO - running Us mob
2026-09-17 14:59:41,313 - __main__ - INFO - running Us mob
2026-09-17 14:59:41,314 - __main__ - INFO - running Us mob
2026-09-18 14:05:54,083 - __main__ - INFO - running pc
2026-09-18 14:05:54,083 - __main__ - INFO - running pc
2026-09-18 14:05:54,084 - __main__ - INFO - running pc
2026-09-18 14:22:12,073 - __main__ - INFO - running Us mob
2026-09-18 14:22:12,073 - __main__ - INFO - running Us mob
2026-09-18 14:22:12,074 - __main__ - INFO - running Us mob
2026-09-19 13:41:33,367 - __main__ - INFO - running pc
2026-09-19 13:41:33,367 - __main__ - INFO - running pc
2026-09-19 13:41:33,368 - __main__ - INFO - running pc
2026-09-19 13:57:40,713 - __main__ - INFO - running Us mob
2026-09-19 13:57:40,713 - __main__ - INFO - running Us mob
2026-09-19 13:57:40,714 - __main__ - INFO - running Us mob
2026-09-20 13:56:51,197 - __main__ - INFO - running pc
2026-09-20 13:56:51,197 - __main__ - INFO - running pc
2026-09-20 13:56:51,197 - __main__ - INFO - running pc
2026-09-20 14:13:13,206 - __main__ - INFO - running Us mob
2026-09-20 14:13:13,206 - __main__ - INFO - running Us mob
2026-09-20 14:13:13,207 - __main__ - INFO - running Us mob
2026-09-21 16:12:10,058 - __main__ - INFO - running pc
2026-09-21 16:12:10,058 - __main__ - INFO - running pc
2026-09-21 16:12:10,058 - __main__ - INFO - running pc
2026-09-21 16:28:27,920 - __main__ - INFO - running Us mob
2026-09-21 16:28:27,920 - __main__ - INFO - running Us mob
2026-09-21 16:28:27,938 - __main__ - INFO - running Us mob
2026-09-22 14:19:52,312 - __main__ - INFO - running pc
2026-09-22 14:19:52,313 - __main__ - INFO - running pc
2026-09-22 14:19:52,313 - __main__ - INFO - running pc
2026-09-22 14:37:03,417 - __main__ - INFO - running Us mob
2026-09-22 14:37:03,417 - __main__ - INFO - running Us mob
2026-09-22 14:37:03,417 - __main__ - INFO - running Us mob
2026-09-23 14:41:20,856 - __main__ - INFO - running pc
2026-09-23 14:41:20,856 - __main__ - INFO - running pc
2026-09-23 14:41:20,857 - __main__ - INFO - running pc
2026-09-23 14:58:07,423 - __main__ - INFO - running Us mob
2026-09-23 14:58:07,423 - __main__ - INFO - running Us mob
2026-09-23 14:58:07,424 - __main__ - INFO - running Us mob
2026-09-24 14:37:42,115 - __main__ - INFO - running pc
2026-09-24 14:37:42,115 - __main__ - INFO - running pc
2026-09-24 14:37:42,116 - __main__ - INFO - running pc
2026-09-24 14:42:29,031 - __main__ - INFO - failed
2026-09-24 14:42:29,032 - __main__ - INFO - 17
2026-09-24 14:54:52,033 - __main__ - INFO - running Us mob
2026-09-24 14:54:52,034 - __main__ - INFO - running Us mob
2026-09-24 14:54:52,035 - __main__ - INFO - running Us mob
2026-09-24 14:56:45,736 - __main__ - INFO - failed
2026-09-24 14:56:45,737 - __main__ - INFO - 8
2026-09-24 14:56:47,348 - __main__ - INFO - failed
2026-09-24 14:56:47,348 - __main__ - INFO - 11
2026-09-24 14:56:51,562 - __main__ - INFO - failed
2026-09-24 14:56:51,562 - __main__ - INFO - 14
2026-09-24 14:58:13,348 - __main__ - INFO - failed
2026-09-24 14:58:13,348 - __main__ - INFO - 8
2026-09-24 14:58:13,361 - __main__ - INFO - failed
2026-09-24 14:58:13,362 - __main__ - INFO - 12
2026-09-25 14:59:30,298 - __main__ - INFO - running pc
2026-09-25 14:59:30,299 - __main__ - INFO - running pc
2026-09-25 14:59:30,299 - __main__ - INFO - running pc
2026-09-25 14:59:30,335 - __main__ - INFO - failed
2026-09-25 14:59:30,335 - __main__ - INFO - failed
2026-09-25 14:59:30,335 - __main__ - INFO - failed
2026-09-25 14:59:30,335 - __main__ - INFO - 0
2026-09-25 14:59:30,336 - __main__ - INFO - 0
2026-09-25 14:59:30,336 - __main__ - INFO - 0
2026-09-25 14:59:30,373 - __main__ - INFO - failed
2026-09-25 14:59:30,373 - __main__ - INFO - failed
2026-09-25 14:59:30,374 - __main__ - INFO - failed
2026-09-25 14:59:30,374 - __main__ - INFO - 1
2026-09-25 14:59:30,374 - __main__ - INFO - 1
2026-09-25 14:59:30,374 - __main__ - INFO - 1
2026-09-25 14:59:30,411 - __main__ - INFO - failed
2026-09-25 14:59:30,411 - __main__ - INFO - 2
2026-09-25 14:59:30,411 - __main__ - INFO - failed
2026-09-25 14:59:30,412 - __main__ - INFO - failed
2026-09-25 14:59:30,424 - __main__ - INFO - 2
2026-09-25 14:59:30,424 - __main__ - INFO - failed
2026-09-25 14:59:30,424 - __main__ - INFO - 2
2026-09-25 14:59:30,425 - __main__ - INFO - 3
2026-09-25 14:59:30,461 - __main__ - INFO - failed
2026-09-25 14:59:30,461 - __main__ - INFO - 3
2026-09-25 14:59:30,461 - __main__ - INFO - failed
2026-09-25 14:59:30,462 - __main__ - INFO - failed
2026-09-25 14:59:30,474 - __main__ - INFO - 3
2026-09-25 14:59:30,475 - __main__ - INFO - failed
2026-09-25 14:59:30,475 - __main__ - INFO - 4
2026-09-25 14:59:30,475 - __main__ - INFO - 4
2026-09-25 14:59:30,511 - __main__ - INFO - failed
2026-09-25 14:59:30,511 - __main__ - INFO - 4
2026-09-25 14:59:30,512 - __main__ - INFO - failed
2026-09-25 14:59:30,512 - __main__ - INFO - 5
2026-09-25 14:59:30,524 - __main__ - INFO - failed
2026-09-25 14:59:30,524 - __main__ - INFO - 5
2026-09-25 14:59:30,536 - __main__ - INFO - failed
2026-09-25 14:59:30,536 - __main__ - INFO - 5
2026-09-25 14:59:30,537 - __main__ - INFO - failed
2026-09-25 14:59:30,561 - __main__ - INFO - 6
2026-09-25 14:59:30,561 - __main__ - INFO - failed
2026-09-25 14:59:30,562 - __main__ - INFO - failed
2026-09-25 14:59:30,562 - __main__ - INFO - 6
2026-09-25 14:59:30,562 - __main__ - INFO - 6
2026-09-25 14:59:30,574 - __main__ - INFO - failed
2026-09-25 14:59:30,574 - __main__ - INFO - 7
2026-09-25 14:59:30,610 - __main__ - INFO - failed
2026-09-25 14:59:30,610 - __main__ - INFO - failed
2026-09-25 14:59:30,611 - __main__ - INFO - failed
2026-09-25 14:59:30,611 - __main__ - INFO - 7
2026-09-25 14:59:30,611 - __main__ - INFO - 8
2026-09-25 14:59:30,611 - __main__ - INFO - 7
2026-09-25 14:59:30,647 - __main__ - INFO - failed
2026-09-25 14:59:30,647 - __main__ - INFO - failed
2026-09-25 14:59:30,648 - __main__ - INFO - failed
2026-09-25 14:59:30,648 - __main__ - INFO - 8
2026-09-25 14:59:30,648 - __main__ - INFO - 9
2026-09-25 14:59:30,648 - __main__ - INFO - 8
2026-09-25 14:59:30,686 - __main__ - INFO - failed
2026-09-25 14:59:30,686 - __main__ - INFO - 9
2026-09-25 14:59:30,687 - __main__ - INFO - failed
2026-09-25 14:59:30,687 - __main__ - INFO - 10
2026-09-25 14:59:30,699 - __main__ - INFO - failed
2026-09-25 14:59:30,699 - __main__ - INFO - 9
2026-09-25 14:59:30,711 - __main__ - INFO - failed
2026-09-25 14:59:30,712 - __main__ - INFO - failed
2026-09-25 14:59:30,724 - __main__ - INFO - 10
2026-09-25 14:59:30,724 - __main__ - INFO - failed
2026-09-25 14:59:30,724 - __main__ - INFO - 11
2026-09-25 14:59:30,724 - __main__ - INFO - 10
2026-09-25 14:59:30,760 - __main__ - INFO - failed
2026-09-25 14:59:30,760 - __main__ - INFO - 11
2026-09-25 14:59:30,761 - __main__ - INFO - failed
2026-09-25 14:59:30,761 - __main__ - INFO - failed
2026-09-25 14:59:30,773 - __main__ - INFO - 12
2026-09-25 14:59:30,774 - __main__ - INFO - failed
2026-09-25 14:59:30,774 - __main__ - INFO - 11
2026-09-25 14:59:30,774 - __main__ - INFO - 12
2026-09-25 14:59:30,798 - __main__ - INFO - failed
2026-09-25 14:59:30,798 - __main__ - INFO - 13
2026-09-25 14:59:30,810 - __main__ - INFO - failed
2026-09-25 14:59:30,810 - __main__ - INFO - 12
2026-09-25 14:59:30,811 - __main__ - INFO - failed
2026-09-25 14:59:30,811 - __main__ - INFO - 13
2026-09-25 14:59:30,835 - __main__ - INFO - failed
2026-09-25 14:59:30,835 - __main__ - INFO - failed
2026-09-25 14:59:30,835 - __main__ - INFO - 14
2026-09-25 14:59:30,835 - __main__ - INFO - 13
2026-09-25 14:59:30,848 - __main__ - INFO - failed
2026-09-25 14:59:30,848 - __main__ - INFO - 14
2026-09-25 14:59:30,883 - __main__ - INFO - failed
2026-09-25 14:59:30,884 - __main__ - INFO - failed
2026-09-25 14:59:30,885 - __main__ - INFO - failed
2026-09-25 14:59:30,885 - __main__ - INFO - 15
2026-09-25 14:59:30,885 - __main__ - INFO - 14
2026-09-25 14:59:30,885 - __main__ - INFO - 15
2026-09-25 14:59:30,921 - __main__ - INFO - failed
2026-09-25 14:59:30,921 - __main__ - INFO - failed
2026-09-25 14:59:30,922 - __main__ - INFO - failed
2026-09-25 14:59:30,922 - __main__ - INFO - 16
2026-09-25 14:59:30,922 - __main__ - INFO - 15
2026-09-25 14:59:30,922 - __main__ - INFO - 16
2026-09-25 14:59:30,958 - __main__ - INFO - failed
2026-09-25 14:59:30,959 - __main__ - INFO - failed
2026-09-25 14:59:30,959 - __main__ - INFO - failed
2026-09-25 14:59:30,959 - __main__ - INFO - 17
2026-09-25 14:59:30,959 - __main__ - INFO - 16
2026-09-25 14:59:30,959 - __main__ - INFO - 17
2026-09-25 14:59:30,995 - __main__ - INFO - failed
2026-09-25 14:59:30,996 - __main__ - INFO - failed
2026-09-25 14:59:30,997 - __main__ - INFO - failed
2026-09-25 14:59:30,997 - __main__ - INFO - 18
2026-09-25 14:59:30,997 - __main__ - INFO - 17
2026-09-25 14:59:30,997 - __main__ - INFO - 18
2026-09-25 14:59:31,033 - __main__ - INFO - failed
2026-09-25 14:59:31,033 - __main__ - INFO - 19
2026-09-25 14:59:31,033 - __main__ - INFO - failed
2026-09-25 14:59:31,033 - __main__ - INFO - 18
2026-09-25 14:59:31,046 - __main__ - INFO - failed
2026-09-25 14:59:31,057 - __main__ - INFO - 19
2026-09-25 14:59:31,058 - __main__ - INFO - failed
2026-09-25 14:59:31,058 - __main__ - INFO - 20
2026-09-25 14:59:31,059 - __main__ - INFO - failed
2026-09-25 14:59:31,071 - __main__ - INFO - 19
2026-09-25 14:59:31,083 - __main__ - INFO - failed
2026-09-25 14:59:31,083 - __main__ - INFO - 20
2026-09-25 14:59:31,095 - __main__ - INFO - failed
2026-09-25 14:59:31,096 - __main__ - INFO - failed
2026-09-25 14:59:31,108 - __main__ - INFO - 21
2026-09-25 14:59:31,108 - __main__ - INFO - failed
2026-09-25 14:59:31,108 - __main__ - INFO - 20
2026-09-25 14:59:31,108 - __main__ - INFO - 21
2026-09-25 14:59:31,144 - __main__ - INFO - failed
2026-09-25 14:59:31,144 - __main__ - INFO - 22
2026-09-25 14:59:31,145 - __main__ - INFO - failed
2026-09-25 14:59:31,145 - __main__ - INFO - 22
2026-09-25 14:59:31,157 - __main__ - INFO - failed
2026-09-25 14:59:31,169 - __main__ - INFO - failed
2026-09-25 14:59:31,170 - __main__ - INFO - failed
2026-09-25 14:59:31,170 - __main__ - INFO - 21
2026-09-25 14:59:31,170 - __main__ - INFO - 23
2026-09-25 14:59:31,170 - __main__ - INFO - 23
2026-09-25 14:59:31,206 - __main__ - INFO - failed
2026-09-25 14:59:31,206 - __main__ - INFO - 22
2026-09-25 14:59:31,206 - __main__ - INFO - failed
2026-09-25 14:59:31,206 - __main__ - INFO - 24
2026-09-25 14:59:31,219 - __main__ - INFO - failed
2026-09-25 14:59:31,219 - __main__ - INFO - 24
2026-09-25 14:59:31,219 - __main__ - INFO - failed
2026-09-25 14:59:31,232 - __main__ - INFO - failed
2026-09-25 14:59:31,232 - __main__ - INFO - 23
2026-09-25 14:59:31,244 - __main__ - INFO - failed
2026-09-25 14:59:31,244 - __main__ - INFO - 25
2026-09-25 14:59:31,244 - __main__ - INFO - 25
2026-09-25 14:59:31,268 - __main__ - INFO - failed
2026-09-25 14:59:31,269 - __main__ - INFO - failed
2026-09-25 14:59:31,280 - __main__ - INFO - 24
2026-09-25 14:59:31,281 - __main__ - INFO - failed
2026-09-25 14:59:31,281 - __main__ - INFO - 26
2026-09-25 14:59:31,281 - __main__ - INFO - 26
2026-09-25 14:59:31,317 - __main__ - INFO - failed
2026-09-25 14:59:31,317 - __main__ - INFO - failed
2026-09-25 14:59:31,318 - __main__ - INFO - failed
2026-09-25 14:59:31,318 - __main__ - INFO - 25
2026-09-25 14:59:31,318 - __main__ - INFO - 27
2026-09-25 14:59:31,318 - __main__ - INFO - 27
2026-09-25 14:59:31,354 - __main__ - INFO - failed
2026-09-25 14:59:31,355 - __main__ - INFO - failed
2026-09-25 14:59:31,355 - __main__ - INFO - failed
2026-09-25 14:59:31,355 - __main__ - INFO - 26
2026-09-25 14:59:31,355 - __main__ - INFO - 28
2026-09-25 14:59:31,355 - __main__ - INFO - 28
2026-09-25 14:59:31,391 - __main__ - INFO - failed
2026-09-25 14:59:31,391 - __main__ - INFO - 27
2026-09-25 14:59:31,392 - __main__ - INFO - failed
2026-09-25 14:59:31,404 - __main__ - INFO - failed
2026-09-25 14:59:31,404 - __main__ - INFO - 29
2026-09-25 14:59:31,405 - __main__ - INFO - failed
2026-09-25 14:59:31,405 - __main__ - INFO - 29
2026-09-25 14:59:31,405 - __main__ - INFO - 28
2026-09-25 14:59:31,441 - __main__ - INFO - failed
2026-09-25 14:59:31,441 - __main__ - INFO - failed
2026-09-25 14:59:31,442 - __main__ - INFO - failed
2026-09-25 14:59:31,442 - __main__ - INFO - 30
2026-09-25 14:59:31,442 - __main__ - INFO - 29
2026-09-25 14:59:31,442 - __main__ - INFO - 30
2026-09-25 14:59:31,478 - __main__ - INFO - failed
2026-09-25 14:59:31,478 - __main__ - INFO - 31
2026-09-25 14:59:31,479 - __main__ - INFO - failed
2026-09-25 14:59:31,479 - __main__ - INFO - 30
2026-09-25 14:59:31,491 - __main__ - INFO - failed
2026-09-25 14:59:31,491 - __main__ - INFO - 31
2026-09-25 14:59:31,491 - __main__ - INFO - failed
2026-09-25 14:59:31,515 - __main__ - INFO - failed
2026-09-25 14:59:31,516 - __main__ - INFO - failed
2026-09-25 14:59:31,516 - __main__ - INFO - 32
2026-09-25 14:59:31,516 - __main__ - INFO - 32
2026-09-25 14:59:31,516 - __main__ - INFO - 31
2026-09-25 14:59:31,552 - __main__ - INFO - failed
2026-09-25 14:59:31,552 - __main__ - INFO - failed
2026-09-25 14:59:31,553 - __main__ - INFO - failed
2026-09-25 14:59:31,553 - __main__ - INFO - 33
2026-09-25 14:59:31,553 - __main__ - INFO - 32
2026-09-25 14:59:31,553 - __main__ - INFO - 33
2026-09-25 14:59:31,589 - __main__ - INFO - failed
2026-09-25 14:59:31,589 - __main__ - INFO - 34
2026-09-25 14:59:31,590 - __main__ - INFO - failed
2026-09-25 14:59:31,590 - __main__ - INFO - 33
2026-09-25 14:59:31,602 - __main__ - INFO - failed
2026-09-25 14:59:31,603 - __main__ - INFO - failed
2026-09-25 14:59:31,614 - __main__ - INFO - 34
2026-09-25 14:59:31,615 - __main__ - INFO - failed
2026-09-25 14:59:31,615 - __main__ - INFO - 0
2026-09-25 14:59:31,615 - __main__ - INFO - 34
2026-09-25 14:59:31,651 - __main__ - INFO - failed
2026-09-25 14:59:31,651 - __main__ - INFO - failed
2026-09-25 14:59:31,651 - __main__ - INFO - failed
2026-09-25 14:59:31,651 - __main__ - INFO - 0
2026-09-25 14:59:31,651 - __main__ - INFO - 1
2026-09-25 14:59:31,652 - __main__ - INFO - 0
2026-09-25 14:59:31,687 - __main__ - INFO - failed
2026-09-25 14:59:31,687 - __main__ - INFO - 1
2026-09-25 14:59:31,688 - __main__ - INFO - failed
2026-09-25 14:59:31,688 - __main__ - INFO - failed
2026-09-25 14:59:31,700 - __main__ - INFO - 1
2026-09-25 14:59:31,701 - __main__ - INFO - failed
2026-09-25 14:59:31,701 - __main__ - INFO - 2
2026-09-25 14:59:31,701 - __main__ - INFO - 2
2026-09-25 14:59:31,737 - __main__ - INFO - failed
2026-09-25 14:59:31,737 - __main__ - INFO - 2
2026-09-25 14:59:31,737 - __main__ - INFO - failed
2026-09-25 14:59:31,737 - __main__ - INFO - 3
2026-09-25 14:59:31,738 - __main__ - INFO - failed
2026-09-25 14:59:31,750 - __main__ - INFO - failed
2026-09-25 14:59:31,750 - __main__ - INFO - 3
2026-09-25 14:59:31,762 - __main__ - INFO - failed
2026-09-25 14:59:31,763 - __main__ - INFO - 3
2026-09-25 14:59:31,763 - __main__ - INFO - 4
2026-09-25 14:59:31,787 - __main__ - INFO - failed
2026-09-25 14:59:31,787 - __main__ - INFO - 4
2026-09-25 14:59:31,799 - __main__ - INFO - failed
2026-09-25 14:59:31,800 - __main__ - INFO - failed
2026-09-25 14:59:31,811 - __main__ - INFO - 4
2026-09-25 14:59:31,812 - __main__ - INFO - failed
2026-09-25 14:59:31,812 - __main__ - INFO - 5
2026-09-25 14:59:31,812 - __main__ - INFO - 5
2026-09-25 14:59:31,836 - __main__ - INFO - failed
2026-09-25 14:59:31,837 - __main__ - INFO - failed
2026-09-25 14:59:31,848 - __main__ - INFO - 5
2026-09-25 14:59:31,849 - __main__ - INFO - failed
2026-09-25 14:59:31,849 - __main__ - INFO - 6
2026-09-25 14:59:31,849 - __main__ - INFO - 6
2026-09-25 14:59:31,885 - __main__ - INFO - failed
2026-09-25 14:59:31,885 - __main__ - INFO - failed
2026-09-25 14:59:31,886 - __main__ - INFO - failed
2026-09-25 14:59:31,886 - __main__ - INFO - 6
2026-09-25 14:59:31,886 - __main__ - INFO - 7
2026-09-25 14:59:31,886 - __main__ - INFO - 7
2026-09-25 14:59:31,922 - __main__ - INFO - failed
2026-09-25 14:59:31,922 - __main__ - INFO - 7
2026-09-25 14:59:31,923 - __main__ - INFO - failed
2026-09-25 14:59:31,923 - __main__ - INFO - failed
2026-09-25 14:59:31,935 - __main__ - INFO - 8
2026-09-25 14:59:31,935 - __main__ - INFO - failed
2026-09-25 14:59:31,935 - __main__ - INFO - 8
2026-09-25 14:59:31,936 - __main__ - INFO - 8
2026-09-25 14:59:31,971 - __main__ - INFO - failed
2026-09-25 14:59:31,971 - __main__ - INFO - 9
2026-09-25 14:59:31,972 - __main__ - INFO - failed
2026-09-25 14:59:31,972 - __main__ - INFO - 9
2026-09-25 14:59:31,984 - __main__ - INFO - failed
2026-09-25 14:59:31,984 - __main__ - INFO - 9
2026-09-25 14:59:31,985 - __main__ - INFO - failed
2026-09-25 14:59:32,008 - __main__ - INFO - 10
2026-09-25 14:59:32,009 - __main__ - INFO - failed
2026-09-25 14:59:32,009 - __main__ - INFO - 10
2026-09-25 14:59:32,021 - __main__ - INFO - failed
2026-09-25 14:59:32,021 - __main__ - INFO - 10
2026-09-25 14:59:32,034 - __main__ - INFO - failed
2026-09-25 14:59:32,034 - __main__ - INFO - 11
2026-09-25 14:59:32,047 - __main__ - INFO - failed
2026-09-25 14:59:32,047 - __main__ - INFO - failed
2026-09-25 14:59:32,059 - __main__ - INFO - 11
2026-09-25 14:59:32,059 - __main__ - INFO - failed
2026-09-25 14:59:32,059 - __main__ - INFO - 11
2026-09-25 14:59:32,060 - __main__ - INFO - 12
2026-09-25 14:59:32,084 - __main__ - INFO - failed
2026-09-25 14:59:32,084 - __main__ - INFO - 12
2026-09-25 14:59:32,084 - __main__ - INFO - failed
2026-09-25 14:59:32,084 - __main__ - INFO - 12
2026-09-25 14:59:32,120 - __main__ - INFO - failed
2026-09-25 14:59:32,120 - __main__ - INFO - 13
2026-09-25 14:59:32,121 - __main__ - INFO - failed
2026-09-25 14:59:32,121 - __main__ - INFO - 13
2026-09-25 14:59:32,133 - __main__ - INFO - failed
2026-09-25 14:59:32,133 - __main__ - INFO - 13
2026-09-25 14:59:32,145 - __main__ - INFO - failed
2026-09-25 14:59:32,146 - __main__ - INFO - failed
2026-09-25 14:59:32,158 - __main__ - INFO - 14
2026-09-25 14:59:32,158 - __main__ - INFO - failed
2026-09-25 14:59:32,158 - __main__ - INFO - 14
2026-09-25 14:59:32,158 - __main__ - INFO - 14
2026-09-25 14:59:32,194 - __main__ - INFO - failed
2026-09-25 14:59:32,194 - __main__ - INFO - 15
2026-09-25 14:59:32,195 - __main__ - INFO - failed
2026-09-25 14:59:32,195 - __main__ - INFO - failed
2026-09-25 14:59:32,207 - __main__ - INFO - 15
2026-09-25 14:59:32,208 - __main__ - INFO - failed
2026-09-25 14:59:32,208 - __main__ - INFO - 15
2026-09-25 14:59:32,208 - __main__ - INFO - 16
2026-09-25 14:59:32,244 - __main__ - INFO - failed
2026-09-25 14:59:32,244 - __main__ - INFO - 16
2026-09-25 14:59:32,244 - __main__ - INFO - failed
2026-09-25 14:59:32,244 - __main__ - INFO - 17
2026-09-25 14:59:32,257 - __main__ - INFO - failed
2026-09-25 14:59:32,257 - __main__ - INFO - 16
2026-09-25 14:59:32,257 - __main__ - INFO - failed
2026-09-25 14:59:32,270 - __main__ - INFO - failed
2026-09-25 14:59:32,281 - __main__ - INFO - 17
2026-09-25 14:59:32,282 - __main__ - INFO - failed
2026-09-25 14:59:32,282 - __main__ - INFO - 18
2026-09-25 14:59:32,282 - __main__ - INFO - 17
2026-09-25 14:59:32,318 - __main__ - INFO - failed
2026-09-25 14:59:32,318 - __main__ - INFO - failed
2026-09-25 14:59:32,319 - __main__ - INFO - failed
2026-09-25 14:59:32,319 - __main__ - INFO - 18
2026-09-25 14:59:32,319 - __main__ - INFO - 19
2026-09-25 14:59:32,319 - __main__ - INFO - 18
2026-09-25 14:59:32,355 - __main__ - INFO - failed
2026-09-25 14:59:32,356 - __main__ - INFO - failed
2026-09-25 14:59:32,356 - __main__ - INFO - failed
2026-09-25 14:59:32,356 - __main__ - INFO - 19
2026-09-25 14:59:32,356 - __main__ - INFO - 20
2026-09-25 14:59:32,356 - __main__ - INFO - 19
2026-09-25 14:59:32,392 - __main__ - INFO - failed
2026-09-25 14:59:32,392 - __main__ - INFO - 20
2026-09-25 14:59:32,393 - __main__ - INFO - failed
2026-09-25 14:59:32,393 - __main__ - INFO - 21
2026-09-25 14:59:32,394 - __main__ - INFO - failed
2026-09-25 14:59:32,394 - __main__ - INFO - 20
2026-09-25 14:59:32,429 - __main__ - INFO - failed
2026-09-25 14:59:32,429 - __main__ - INFO - 22
2026-09-25 14:59:32,430 - __main__ - INFO - failed
2026-09-25 14:59:32,430 - __main__ - INFO - 21
2026-09-25 14:59:32,442 - __main__ - INFO - failed
2026-09-25 14:59:32,442 - __main__ - INFO - 21
2026-09-25 14:59:32,443 - __main__ - INFO - failed
2026-09-25 14:59:32,466 - __main__ - INFO - 23
2026-09-25 14:59:32,467 - __main__ - INFO - failed
2026-09-25 14:59:32,467 - __main__ - INFO - failed
2026-09-25 14:59:32,467 - __main__ - INFO - 22
2026-09-25 14:59:32,468 - __main__ - INFO - 22
2026-09-25 14:59:32,480 - __main__ - INFO - failed
2026-09-25 14:59:32,480 - __main__ - INFO - 24
2026-09-25 14:59:32,516 - __main__ - INFO - failed
2026-09-25 14:59:32,516 - __main__ - INFO - failed
2026-09-25 14:59:32,517 - __main__ - INFO - failed
2026-09-25 14:59:32,517 - __main__ - INFO - 23
2026-09-25 14:59:32,517 - __main__ - INFO - 25
2026-09-25 14:59:32,517 - __main__ - INFO - 23
2026-09-25 14:59:32,553 - __main__ - INFO - failed
2026-09-25 14:59:32,553 - __main__ - INFO - failed
2026-09-25 14:59:32,554 - __main__ - INFO - failed
2026-09-25 14:59:32,554 - __main__ - INFO - 24
2026-09-25 14:59:32,554 - __main__ - INFO - 26
2026-09-25 14:59:32,554 - __main__ - INFO - 24
2026-09-25 14:59:32,590 - __main__ - INFO - failed
2026-09-25 14:59:32,591 - __main__ - INFO - failed
2026-09-25 14:59:32,591 - __main__ - INFO - failed
2026-09-25 14:59:32,591 - __main__ - INFO - 25
2026-09-25 14:59:32,591 - __main__ - INFO - 27
2026-09-25 14:59:32,591 - __main__ - INFO - 25
2026-09-25 14:59:32,627 - __main__ - INFO - failed
2026-09-25 14:59:32,627 - __main__ - INFO - 26
2026-09-25 14:59:32,628 - __main__ - INFO - failed
2026-09-25 14:59:32,628 - __main__ - INFO - failed
2026-09-25 14:59:32,640 - __main__ - INFO - 26
2026-09-25 14:59:32,640 - __main__ - INFO - failed
2026-09-25 14:59:32,640 - __main__ - INFO - 28
2026-09-25 14:59:32,641 - __main__ - INFO - 27
2026-09-25 14:59:32,676 - __main__ - INFO - failed
2026-09-25 14:59:32,677 - __main__ - INFO - failed
2026-09-25 14:59:32,677 - __main__ - INFO - failed
2026-09-25 14:59:32,677 - __main__ - INFO - 27
2026-09-25 14:59:32,677 - __main__ - INFO - 29
2026-09-25 14:59:32,678 - __main__ - INFO - 28
2026-09-25 14:59:32,714 - __main__ - INFO - failed
2026-09-25 14:59:32,714 - __main__ - INFO - failed
2026-09-25 14:59:32,715 - __main__ - INFO - failed
2026-09-25 14:59:32,715 - __main__ - INFO - 28
2026-09-25 14:59:32,715 - __main__ - INFO - 30
2026-09-25 14:59:32,715 - __main__ - INFO - 29
2026-09-25 14:59:32,751 - __main__ - INFO - failed
2026-09-25 14:59:32,751 - __main__ - INFO - 29
2026-09-25 14:59:32,752 - __main__ - INFO - failed
2026-09-25 14:59:32,752 - __main__ - INFO - 31
2026-09-25 14:59:32,764 - __main__ - INFO - failed
2026-09-25 14:59:32,764 - __main__ - INFO - 30
2026-09-25 14:59:32,776 - __main__ - INFO - failed
2026-09-25 14:59:32,777 - __main__ - INFO - failed
2026-09-25 14:59:32,789 - __main__ - INFO - 30
2026-09-25 14:59:32,789 - __main__ - INFO - failed
2026-09-25 14:59:32,789 - __main__ - INFO - 32
2026-09-25 14:59:32,789 - __main__ - INFO - 31
2026-09-25 14:59:32,802 - __main__ - INFO - failed
2026-09-25 14:59:32,802 - __main__ - INFO - 31
2026-09-25 14:59:32,837 - __main__ - INFO - failed
2026-09-25 14:59:32,838 - __main__ - INFO - failed
2026-09-25 14:59:32,838 - __main__ - INFO - failed
2026-09-25 14:59:32,838 - __main__ - INFO - 33
2026-09-25 14:59:32,839 - __main__ - INFO - 32
2026-09-25 14:59:32,839 - __main__ - INFO - 32
2026-09-25 14:59:32,874 - __main__ - INFO - failed
2026-09-25 14:59:32,875 - __main__ - INFO - 34
2026-09-25 14:59:32,875 - __main__ - INFO - failed
2026-09-25 14:59:32,876 - __main__ - INFO - 33
2026-09-25 14:59:32,888 - __main__ - INFO - failed
2026-09-25 14:59:32,888 - __main__ - INFO - 33
2026-09-25 14:59:32,888 - __main__ - INFO - failed
2026-09-25 14:59:32,912 - __main__ - INFO - 0
2026-09-25 14:59:32,912 - __main__ - INFO - failed
2026-09-25 14:59:32,912 - __main__ - INFO - 34
2026-09-25 14:59:32,925 - __main__ - INFO - failed
2026-09-25 14:59:32,925 - __main__ - INFO - 34
2026-09-25 14:59:32,926 - __main__ - INFO - failed
2026-09-25 14:59:32,926 - __main__ - INFO - 1
2026-09-25 14:59:32,961 - __main__ - INFO - failed
2026-09-25 14:59:32,961 - __main__ - INFO - failed
2026-09-25 14:59:32,961 - __main__ - INFO - failed
2026-09-25 14:59:32,962 - __main__ - INFO - 0
2026-09-25 14:59:32,962 - __main__ - INFO - 2
2026-09-25 14:59:32,962 - __main__ - INFO - 0
2026-09-25 14:59:32,997 - __main__ - INFO - failed
2026-09-25 14:59:32,998 - __main__ - INFO - failed
2026-09-25 14:59:32,998 - __main__ - INFO - failed
2026-09-25 14:59:32,998 - __main__ - INFO - 1
2026-09-25 14:59:32,998 - __main__ - INFO - 3
2026-09-25 14:59:32,998 - __main__ - INFO - 1
2026-09-25 14:59:33,034 - __main__ - INFO - failed
2026-09-25 14:59:33,035 - __main__ - INFO - failed
2026-09-25 14:59:33,035 - __main__ - INFO - failed
2026-09-25 14:59:33,035 - __main__ - INFO - 2
2026-09-25 14:59:33,035 - __main__ - INFO - 4
2026-09-25 14:59:33,036 - __main__ - INFO - 2
2026-09-25 14:59:33,073 - __main__ - INFO - failed
2026-09-25 14:59:33,073 - __main__ - INFO - 3
2026-09-25 14:59:33,074 - __main__ - INFO - failed
2026-09-25 14:59:33,074 - __main__ - INFO - 5
2026-09-25 14:59:33,086 - __main__ - INFO - failed
2026-09-25 14:59:33,086 - __main__ - INFO - 3
2026-09-25 14:59:33,086 - __main__ - INFO - failed
2026-09-25 14:59:33,110 - __main__ - INFO - 4
2026-09-25 14:59:33,110 - __main__ - INFO - failed
2026-09-25 14:59:33,111 - __main__ - INFO - failed
2026-09-25 14:59:33,111 - __main__ - INFO - 6
2026-09-25 14:59:33,111 - __main__ - INFO - 4
2026-09-25 14:59:33,123 - __main__ - INFO - failed
2026-09-25 14:59:33,123 - __main__ - INFO - 5
2026-09-25 14:59:33,159 - __main__ - INFO - failed
2026-09-25 14:59:33,160 - __main__ - INFO - failed
2026-09-25 14:59:33,160 - __main__ - INFO - failed
2026-09-25 14:59:33,160 - __main__ - INFO - 7
2026-09-25 14:59:33,160 - __main__ - INFO - 6
2026-09-25 14:59:33,160 - __main__ - INFO - 5
2026-09-25 14:59:33,196 - __main__ - INFO - failed
2026-09-25 14:59:33,196 - __main__ - INFO - 8
2026-09-25 14:59:33,197 - __main__ - INFO - failed
2026-09-25 14:59:33,197 - __main__ - INFO - failed
2026-09-25 14:59:33,210 - __main__ - INFO - 7
2026-09-25 14:59:33,211 - __main__ - INFO - failed
2026-09-25 14:59:33,211 - __main__ - INFO - 6
2026-09-25 14:59:33,211 - __main__ - INFO - 9
2026-09-25 14:59:33,235 - __main__ - INFO - failed
2026-09-25 14:59:33,235 - __main__ - INFO - 8
2026-09-25 14:59:33,236 - __main__ - INFO - failed
2026-09-25 14:59:33,236 - __main__ - INFO - 7
2026-09-25 14:59:33,271 - __main__ - INFO - failed
2026-09-25 14:59:33,273 - __main__ - INFO - failed
2026-09-25 14:59:33,273 - __main__ - INFO - 9
2026-09-25 14:59:33,273 - __main__ - INFO - 8
2026-09-25 14:59:33,298 - __main__ - INFO - failed
2026-09-25 14:59:33,298 - __main__ - INFO - 10
2026-09-25 14:59:33,298 - __main__ - INFO - failed
2026-09-25 14:59:33,310 - __main__ - INFO - 9
2026-09-25 14:59:33,311 - __main__ - INFO - failed
2026-09-25 14:59:33,311 - __main__ - INFO - 11
2026-09-25 14:59:33,335 - __main__ - INFO - failed
2026-09-25 14:59:33,335 - __main__ - INFO - 12
2026-09-25 14:59:33,335 - __main__ - INFO - failed
2026-09-25 14:59:33,348 - __main__ - INFO - 10
2026-09-25 14:59:33,348 - __main__ - INFO - failed
2026-09-25 14:59:33,360 - __main__ - INFO - 13
2026-09-25 14:59:33,361 - __main__ - INFO - failed
2026-09-25 14:59:33,373 - __main__ - INFO - 11
2026-09-25 14:59:33,373 - __main__ - INFO - failed
2026-09-25 14:59:33,385 - __main__ - INFO - 14
2026-09-25 14:59:33,385 - __main__ - INFO - failed
2026-09-25 14:59:33,385 - __main__ - INFO - 12
2026-09-25 14:59:33,410 - __main__ - INFO - failed
2026-09-25 14:59:33,410 - __main__ - INFO - 15
2026-09-25 14:59:33,410 - __main__ - INFO - failed
2026-09-25 14:59:33,410 - __main__ - INFO - 13
2026-09-25 14:59:33,434 - __main__ - INFO - failed
2026-09-25 14:59:33,434 - __main__ - INFO - 16
2026-09-25 14:59:33,435 - __main__ - INFO - failed
2026-09-25 14:59:33,447 - __main__ - INFO - 14
2026-09-25 14:59:33,447 - __main__ - INFO - failed
2026-09-25 14:59:33,447 - __main__ - INFO - 17
2026-09-25 14:59:33,471 - __main__ - INFO - failed
2026-09-25 14:59:33,471 - __main__ - INFO - failed
2026-09-25 14:59:33,471 - __main__ - INFO - 15
2026-09-25 14:59:33,471 - __main__ - INFO - 18
2026-09-25 14:59:33,496 - __main__ - INFO - failed
2026-09-25 14:59:33,496 - __main__ - INFO - 16
2026-09-25 14:59:33,496 - __main__ - INFO - failed
2026-09-25 14:59:33,496 - __main__ - INFO - 19
2026-09-25 14:59:33,508 - __main__ - INFO - failed
2026-09-25 14:59:33,508 - __main__ - INFO - 17
2026-09-25 14:59:33,532 - __main__ - INFO - failed
2026-09-25 14:59:33,532 - __main__ - INFO - 20
2026-09-25 14:59:33,533 - __main__ - INFO - failed
2026-09-25 14:59:33,533 - __main__ - INFO - 18
2026-09-25 14:59:33,557 - __main__ - INFO - failed
2026-09-25 14:59:33,557 - __main__ - INFO - failed
2026-09-25 14:59:33,557 - __main__ - INFO - 21
2026-09-25 14:59:33,557 - __main__ - INFO - 19
2026-09-25 14:59:33,581 - __main__ - INFO - failed
2026-09-25 14:59:33,582 - __main__ - INFO - failed
2026-09-25 14:59:33,582 - __main__ - INFO - 22
2026-09-25 14:59:33,582 - __main__ - INFO - 20
2026-09-25 14:59:33,606 - __main__ - INFO - failed
2026-09-25 14:59:33,606 - __main__ - INFO - failed
2026-09-25 14:59:33,606 - __main__ - INFO - 23
2026-09-25 14:59:33,606 - __main__ - INFO - 21
2026-09-25 14:59:33,630 - __main__ - INFO - failed
2026-09-25 14:59:33,630 - __main__ - INFO - 24
2026-09-25 14:59:33,631 - __main__ - INFO - failed
2026-09-25 14:59:33,643 - __main__ - INFO - 22
2026-09-25 14:59:33,643 - __main__ - INFO - failed
2026-09-25 14:59:33,643 - __main__ - INFO - 25
2026-09-25 14:59:33,667 - __main__ - INFO - failed
2026-09-25 14:59:33,667 - __main__ - INFO - 23
2026-09-25 14:59:33,667 - __main__ - INFO - failed
2026-09-25 14:59:33,668 - __main__ - INFO - 26
2026-09-25 14:59:33,691 - __main__ - INFO - failed
2026-09-25 14:59:33,692 - __main__ - INFO - failed
2026-09-25 14:59:33,692 - __main__ - INFO - 24
2026-09-25 14:59:33,692 - __main__ - INFO - 27
2026-09-25 14:59:33,716 - __main__ - INFO - failed
2026-09-25 14:59:33,716 - __main__ - INFO - 25
2026-09-25 14:59:33,717 - __main__ - INFO - failed
2026-09-25 14:59:33,717 - __main__ - INFO - 28
2026-09-25 14:59:33,741 - __main__ - INFO - failed
2026-09-25 14:59:33,741 - __main__ - INFO - failed
2026-09-25 14:59:33,741 - __main__ - INFO - 26
2026-09-25 14:59:33,741 - __main__ - INFO - 29
2026-09-25 14:59:33,765 - __main__ - INFO - failed
2026-09-25 14:59:33,765 - __main__ - INFO - 27
2026-09-25 14:59:33,766 - __main__ - INFO - failed
2026-09-25 14:59:33,766 - __main__ - INFO - 30
2026-09-25 14:59:33,790 - __main__ - INFO - failed
2026-09-25 14:59:33,790 - __main__ - INFO - failed
2026-09-25 14:59:33,790 - __main__ - INFO - 28
2026-09-25 14:59:33,790 - __main__ - INFO - 31
2026-09-25 14:59:33,814 - __main__ - INFO - failed
2026-09-25 14:59:33,815 - __main__ - INFO - failed
2026-09-25 14:59:33,815 - __main__ - INFO - 29
2026-09-25 14:59:33,815 - __main__ - INFO - 32
2026-09-25 14:59:33,839 - __main__ - INFO - failed
2026-09-25 14:59:33,839 - __main__ - INFO - 30
2026-09-25 14:59:33,840 - __main__ - INFO - failed
2026-09-25 14:59:33,840 - __main__ - INFO - 33
2026-09-25 14:59:33,864 - __main__ - INFO - failed
2026-09-25 14:59:33,864 - __main__ - INFO - failed
2026-09-25 14:59:33,864 - __main__ - INFO - 31
2026-09-25 14:59:33,864 - __main__ - INFO - 34
2026-09-25 14:59:33,889 - __main__ - INFO - failed
2026-09-25 14:59:33,889 - __main__ - INFO - 32
2026-09-25 14:59:33,889 - __main__ - INFO - failed
2026-09-25 14:59:33,901 - __main__ - INFO - 0
2026-09-25 14:59:33,901 - __main__ - INFO - failed
2026-09-25 14:59:33,901 - __main__ - INFO - 33
2026-09-25 14:59:33,925 - __main__ - INFO - failed
2026-09-25 14:59:33,925 - __main__ - INFO - 1
2026-09-25 14:59:33,925 - __main__ - INFO - failed
2026-09-25 14:59:33,926 - __main__ - INFO - 34
2026-09-25 14:59:33,950 - __main__ - INFO - failed
2026-09-25 14:59:33,950 - __main__ - INFO - failed
2026-09-25 14:59:33,950 - __main__ - INFO - 2
2026-09-25 14:59:33,950 - __main__ - INFO - 0
2026-09-25 14:59:33,974 - __main__ - INFO - failed
2026-09-25 14:59:33,975 - __main__ - INFO - failed
2026-09-25 14:59:33,975 - __main__ - INFO - 3
2026-09-25 14:59:33,975 - __main__ - INFO - 1
2026-09-25 14:59:33,999 - __main__ - INFO - failed
2026-09-25 14:59:33,999 - __main__ - INFO - 4
2026-09-25 14:59:33,999 - __main__ - INFO - failed
2026-09-25 14:59:34,000 - __main__ - INFO - 2
2026-09-25 14:59:34,023 - __main__ - INFO - failed
2026-09-25 14:59:34,024 - __main__ - INFO - failed
2026-09-25 14:59:34,024 - __main__ - INFO - 5
2026-09-25 14:59:34,024 - __main__ - INFO - 3
2026-09-25 14:59:34,048 - __main__ - INFO - failed
2026-09-25 14:59:34,048 - __main__ - INFO - failed
2026-09-25 14:59:34,048 - __main__ - INFO - 6
2026-09-25 14:59:34,048 - __main__ - INFO - 4
2026-09-25 14:59:34,072 - __main__ - INFO - failed
2026-09-25 14:59:34,073 - __main__ - INFO - failed
2026-09-25 14:59:34,073 - __main__ - INFO - 7
2026-09-25 14:59:34,073 - __main__ - INFO - 5
2026-09-25 14:59:34,097 - __main__ - INFO - failed
2026-09-25 14:59:34,097 - __main__ - INFO - 8
2026-09-25 14:59:34,097 - __main__ - INFO - failed
2026-09-25 14:59:34,097 - __main__ - INFO - 6
2026-09-25 14:59:34,121 - __main__ - INFO - failed
2026-09-25 14:59:34,121 - __main__ - INFO - 9
2026-09-25 14:59:34,122 - __main__ - INFO - failed
2026-09-25 14:59:34,122 - __main__ - INFO - 7
2026-09-25 14:59:34,146 - __main__ - INFO - failed
2026-09-25 14:59:34,146 - __main__ - INFO - 10
2026-09-25 14:59:34,146 - __main__ - INFO - failed
2026-09-25 14:59:34,146 - __main__ - INFO - 8
2026-09-25 14:59:34,158 - __main__ - INFO - failed
2026-09-25 14:59:34,158 - __main__ - INFO - 11
2026-09-25 14:59:34,171 - __main__ - INFO - failed
2026-09-25 14:59:34,171 - __main__ - INFO - 9
2026-09-25 14:59:34,194 - __main__ - INFO - failed
2026-09-25 14:59:34,195 - __main__ - INFO - 12
2026-09-25 14:59:34,195 - __main__ - INFO - failed
2026-09-25 14:59:34,195 - __main__ - INFO - 10
2026-09-25 14:59:34,219 - __main__ - INFO - failed
2026-09-25 14:59:34,219 - __main__ - INFO - 13
2026-09-25 14:59:34,219 - __main__ - INFO - failed
2026-09-25 14:59:34,220 - __main__ - INFO - 11
2026-09-25 14:59:34,243 - __main__ - INFO - failed
2026-09-25 14:59:34,244 - __main__ - INFO - 14
2026-09-25 14:59:34,256 - __main__ - INFO - failed
2026-09-25 14:59:34,256 - __main__ - INFO - 15
2026-09-25 14:59:34,269 - __main__ - INFO - failed
2026-09-25 14:59:34,269 - __main__ - INFO - 16
2026-09-25 14:59:34,282 - __main__ - INFO - failed
2026-09-25 14:59:34,282 - __main__ - INFO - 17
2026-09-25 14:59:34,294 - __main__ - INFO - failed
2026-09-25 14:59:34,294 - __main__ - INFO - 18
2026-09-25 14:59:34,306 - __main__ - INFO - failed
2026-09-25 14:59:34,306 - __main__ - INFO - 19
2026-09-25 14:59:34,319 - __main__ - INFO - failed
2026-09-25 14:59:34,319 - __main__ - INFO - 20
2026-09-25 14:59:34,331 - __main__ - INFO - failed
2026-09-25 14:59:34,331 - __main__ - INFO - 21
2026-09-25 14:59:34,343 - __main__ - INFO - failed
2026-09-25 14:59:34,343 - __main__ - INFO - 22
2026-09-25 14:59:34,356 - __main__ - INFO - failed
2026-09-25 14:59:34,356 - __main__ - INFO - 23
2026-09-25 14:59:34,368 - __main__ - INFO - failed
2026-09-25 14:59:34,368 - __main__ - INFO - 24
2026-09-25 14:59:34,380 - __main__ - INFO - failed
2026-09-25 14:59:34,380 - __main__ - INFO - 25
2026-09-25 14:59:34,392 - __main__ - INFO - failed
2026-09-25 14:59:34,393 - __main__ - INFO - 26
2026-09-25 14:59:34,405 - __main__ - INFO - failed
2026-09-25 14:59:34,405 - __main__ - INFO - 27
2026-09-25 14:59:34,429 - __main__ - INFO - failed
2026-09-25 14:59:34,429 - __main__ - INFO - failed
2026-09-25 14:59:34,429 - __main__ - INFO - 11
2026-09-25 14:59:34,429 - __main__ - INFO - 28
2026-09-25 14:59:34,454 - __main__ - INFO - failed
2026-09-25 14:59:34,454 - __main__ - INFO - failed
2026-09-25 14:59:34,454 - __main__ - INFO - 12
2026-09-25 14:59:34,454 - __main__ - INFO - 29
2026-09-25 14:59:34,479 - __main__ - INFO - failed
2026-09-25 14:59:34,479 - __main__ - INFO - 13
2026-09-25 14:59:34,479 - __main__ - INFO - failed
2026-09-25 14:59:34,479 - __main__ - INFO - 30
2026-09-25 14:59:34,503 - __main__ - INFO - failed
2026-09-25 14:59:34,503 - __main__ - INFO - 14
2026-09-25 14:59:34,504 - __main__ - INFO - failed
2026-09-25 14:59:34,504 - __main__ - INFO - 31
2026-09-25 14:59:34,528 - __main__ - INFO - failed
2026-09-25 14:59:34,528 - __main__ - INFO - 15
2026-09-25 14:59:34,528 - __main__ - INFO - failed
2026-09-25 14:59:34,528 - __main__ - INFO - 32
2026-09-25 14:59:34,552 - __main__ - INFO - failed
2026-09-25 14:59:34,552 - __main__ - INFO - failed
2026-09-25 14:59:34,553 - __main__ - INFO - 16
2026-09-25 14:59:34,553 - __main__ - INFO - 33
2026-09-25 14:59:34,577 - __main__ - INFO - failed
2026-09-25 14:59:34,577 - __main__ - INFO - 17
2026-09-25 14:59:34,577 - __main__ - INFO - failed
2026-09-25 14:59:34,577 - __main__ - INFO - 34
2026-09-25 14:59:34,601 - __main__ - INFO - failed
2026-09-25 14:59:34,601 - __main__ - INFO - 18
2026-09-25 14:59:34,601 - __main__ - INFO - failed
2026-09-25 14:59:34,602 - __main__ - INFO - 0
2026-09-25 14:59:34,614 - __main__ - INFO - failed
2026-09-25 14:59:34,625 - __main__ - INFO - 19
2026-09-25 14:59:34,626 - __main__ - INFO - failed
2026-09-25 14:59:34,638 - __main__ - INFO - 1
2026-09-25 14:59:34,638 - __main__ - INFO - failed
2026-09-25 14:59:34,650 - __main__ - INFO - 20
2026-09-25 14:59:34,650 - __main__ - INFO - failed
2026-09-25 14:59:34,662 - __main__ - INFO - 2
2026-09-25 14:59:34,662 - __main__ - INFO - failed
2026-09-25 14:59:34,663 - __main__ - INFO - 21
2026-09-25 14:59:34,686 - __main__ - INFO - failed
2026-09-25 14:59:34,687 - __main__ - INFO - failed
2026-09-25 14:59:34,687 - __main__ - INFO - 3
2026-09-25 14:59:34,687 - __main__ - INFO - 22
2026-09-25 14:59:34,711 - __main__ - INFO - failed
2026-09-25 14:59:34,711 - __main__ - INFO - 4
2026-09-25 14:59:34,724 - __main__ - INFO - failed
2026-09-25 14:59:34,724 - __main__ - INFO - 5
2026-09-25 14:59:34,736 - __main__ - INFO - failed
2026-09-25 14:59:34,736 - __main__ - INFO - 6
2026-09-25 14:59:34,748 - __main__ - INFO - failed
2026-09-25 14:59:34,748 - __main__ - INFO - 7
2026-09-25 14:59:34,761 - __main__ - INFO - failed
2026-09-25 14:59:34,761 - __main__ - INFO - 8
2026-09-25 14:59:34,773 - __main__ - INFO - failed
2026-09-25 14:59:34,774 - __main__ - INFO - 9
2026-09-25 14:59:34,786 - __main__ - INFO - failed
2026-09-25 14:59:34,786 - __main__ - INFO - 10
2026-09-25 14:59:34,799 - __main__ - INFO - failed
2026-09-25 14:59:34,799 - __main__ - INFO - 11
2026-09-25 14:59:34,811 - __main__ - INFO - failed
2026-09-25 14:59:34,811 - __main__ - INFO - 12
2026-09-25 14:59:34,824 - __main__ - INFO - failed
2026-09-25 14:59:34,824 - __main__ - INFO - 13
2026-09-25 14:59:34,836 - __main__ - INFO - failed
2026-09-25 14:59:34,837 - __main__ - INFO - 14
2026-09-25 14:59:34,849 - __main__ - INFO - failed
2026-09-25 14:59:34,849 - __main__ - INFO - 15
2026-09-25 14:59:35,344 - __main__ - INFO - failed
2026-09-25 14:59:35,344 - __main__ - INFO - 13
2026-09-25 14:59:35,357 - __main__ - INFO - failed
2026-09-25 14:59:35,357 - __main__ - INFO - 14
2026-09-25 14:59:35,370 - __main__ - INFO - failed
2026-09-25 14:59:35,370 - __main__ - INFO - 15
2026-09-25 14:59:35,382 - __main__ - INFO - failed
2026-09-25 14:59:35,382 - __main__ - INFO - 16
2026-09-25 14:59:35,394 - __main__ - INFO - failed
2026-09-25 14:59:35,394 - __main__ - INFO - 17
2026-09-25 14:59:35,407 - __main__ - INFO - failed
2026-09-25 14:59:35,407 - __main__ - INFO - 18
2026-09-25 14:59:35,419 - __main__ - INFO - failed
2026-09-25 14:59:35,419 - __main__ - INFO - 19
2026-09-25 14:59:35,431 - __main__ - INFO - failed
2026-09-25 14:59:35,431 - __main__ - INFO - 20
2026-09-25 14:59:35,444 - __main__ - INFO - failed
2026-09-25 14:59:35,444 - __main__ - INFO - 21
2026-09-25 14:59:35,456 - __main__ - INFO - failed
2026-09-25 14:59:35,456 - __main__ - INFO - 22
2026-09-25 14:59:35,468 - __main__ - INFO - failed
2026-09-25 14:59:35,468 - __main__ - INFO - 23
2026-09-25 14:59:35,480 - __main__ - INFO - failed
2026-09-25 14:59:35,481 - __main__ - INFO - 24
2026-09-25 14:59:35,493 - __main__ - INFO - failed
2026-09-25 14:59:35,493 - __main__ - INFO - 25
2026-09-25 14:59:35,505 - __main__ - INFO - failed
2026-09-25 14:59:35,505 - __main__ - INFO - 26
2026-09-25 14:59:35,517 - __main__ - INFO - failed
2026-09-25 14:59:35,517 - __main__ - INFO - 27
2026-09-25 14:59:35,529 - __main__ - INFO - failed
2026-09-25 14:59:35,530 - __main__ - INFO - 28
2026-09-25 14:59:35,542 - __main__ - INFO - failed
2026-09-25 14:59:35,542 - __main__ - INFO - 29
2026-09-25 14:59:35,554 - __main__ - INFO - failed
2026-09-25 14:59:35,554 - __main__ - INFO - 30
2026-09-25 14:59:35,566 - __main__ - INFO - failed
2026-09-25 14:59:35,566 - __main__ - INFO - 31
2026-09-25 14:59:35,579 - __main__ - INFO - failed
2026-09-25 14:59:35,579 - __main__ - INFO - 32
2026-09-25 14:59:35,591 - __main__ - INFO - failed
2026-09-25 14:59:35,591 - __main__ - INFO - 33
2026-09-25 14:59:35,603 - __main__ - INFO - failed
2026-09-25 14:59:35,603 - __main__ - INFO - 34
2026-09-25 14:59:35,617 - __main__ - INFO - failed
2026-09-25 14:59:35,617 - __main__ - INFO - 0
2026-09-25 14:59:35,629 - __main__ - INFO - failed
2026-09-25 14:59:35,629 - __main__ - INFO - 1
2026-09-25 14:59:35,641 - __main__ - INFO - failed
2026-09-25 14:59:35,641 - __main__ - INFO - 2
2026-09-25 14:59:35,653 - __main__ - INFO - failed
2026-09-25 14:59:35,653 - __main__ - INFO - 3
2026-09-25 14:59:35,666 - __main__ - INFO - failed
2026-09-25 14:59:35,666 - __main__ - INFO - 4
2026-09-25 14:59:35,678 - __main__ - INFO - failed
2026-09-25 14:59:35,678 - __main__ - INFO - 5
2026-09-25 14:59:35,690 - __main__ - INFO - failed
2026-09-25 14:59:35,690 - __main__ - INFO - 6
2026-09-25 14:59:35,702 - __main__ - INFO - failed
2026-09-25 14:59:35,702 - __main__ - INFO - 7
2026-09-25 14:59:35,715 - __main__ - INFO - failed
2026-09-25 14:59:35,715 - __main__ - INFO - 8
2026-09-25 14:59:35,727 - __main__ - INFO - failed
2026-09-25 14:59:35,727 - __main__ - INFO - 9
2026-09-25 14:59:35,739 - __main__ - INFO - failed
2026-09-25 14:59:35,739 - __main__ - INFO - 10
2026-09-25 14:59:35,751 - __main__ - INFO - failed
2026-09-25 14:59:35,751 - __main__ - INFO - 11
2026-09-25 14:59:35,763 - __main__ - INFO - failed
2026-09-25 14:59:35,764 - __main__ - INFO - 12
2026-09-25 14:59:35,776 - __main__ - INFO - failed
2026-09-25 14:59:35,776 - __main__ - INFO - 13
2026-09-25 14:59:35,788 - __main__ - INFO - failed
2026-09-25 14:59:35,788 - __main__ - INFO - 14
2026-09-25 14:59:35,800 - __main__ - INFO - failed
2026-09-25 14:59:35,801 - __main__ - INFO - 15
2026-09-25 14:59:35,813 - __main__ - INFO - failed
2026-09-25 14:59:35,813 - __main__ - INFO - 16
2026-09-25 14:59:35,825 - __main__ - INFO - failed
2026-09-25 14:59:35,825 - __main__ - INFO - 17
2026-09-25 14:59:35,837 - __main__ - INFO - failed
2026-09-25 14:59:35,837 - __main__ - INFO - 18
2026-09-25 14:59:35,850 - __main__ - INFO - failed
2026-09-25 14:59:35,850 - __main__ - INFO - 19
2026-09-25 14:59:35,874 - __main__ - INFO - failed
2026-09-25 14:59:35,874 - __main__ - INFO - 24
2026-09-25 14:59:35,874 - __main__ - INFO - failed
2026-09-25 14:59:35,874 - __main__ - INFO - 20
2026-09-25 14:59:35,899 - __main__ - INFO - failed
2026-09-25 14:59:35,899 - __main__ - INFO - failed
2026-09-25 14:59:35,900 - __main__ - INFO - 21
2026-09-25 14:59:35,900 - __main__ - INFO - 25
2026-09-25 14:59:35,912 - __main__ - INFO - failed
2026-09-25 14:59:35,912 - __main__ - INFO - 22
2026-09-25 14:59:35,936 - __main__ - INFO - failed
2026-09-25 14:59:35,936 - __main__ - INFO - 26
2026-09-25 14:59:35,937 - __main__ - INFO - failed
2026-09-25 14:59:35,937 - __main__ - INFO - 23
2026-09-25 14:59:35,949 - __main__ - INFO - failed
2026-09-25 14:59:35,949 - __main__ - INFO - 27
2026-09-25 14:59:35,973 - __main__ - INFO - failed
2026-09-25 14:59:35,973 - __main__ - INFO - 24
2026-09-25 14:59:35,974 - __main__ - INFO - failed
2026-09-25 14:59:35,974 - __main__ - INFO - 28
2026-09-25 14:59:36,009 - __main__ - INFO - failed
2026-09-25 14:59:36,010 - __main__ - INFO - failed
2026-09-25 14:59:36,010 - __main__ - INFO - failed
2026-09-25 14:59:36,010 - __main__ - INFO - 17
2026-09-25 14:59:36,010 - __main__ - INFO - 29
2026-09-25 14:59:36,010 - __main__ - INFO - 25
2026-09-25 14:59:36,047 - __main__ - INFO - failed
2026-09-25 14:59:36,047 - __main__ - INFO - 18
2026-09-25 14:59:36,047 - __main__ - INFO - failed
2026-09-25 14:59:36,047 - __main__ - INFO - 30
2026-09-25 14:59:36,048 - __main__ - INFO - failed
2026-09-25 14:59:36,072 - __main__ - INFO - 26
2026-09-25 14:59:36,072 - __main__ - INFO - failed
2026-09-25 14:59:36,072 - __main__ - INFO - 31
2026-09-25 14:59:36,073 - __main__ - INFO - failed
2026-09-25 14:59:36,097 - __main__ - INFO - failed
2026-09-25 14:59:36,098 - __main__ - INFO - failed
2026-09-25 14:59:36,098 - __main__ - INFO - 19
2026-09-25 14:59:36,098 - __main__ - INFO - 32
2026-09-25 14:59:36,098 - __main__ - INFO - 27
2026-09-25 14:59:36,134 - __main__ - INFO - failed
2026-09-25 14:59:36,134 - __main__ - INFO - 20
2026-09-25 14:59:36,135 - __main__ - INFO - failed
2026-09-25 14:59:36,135 - __main__ - INFO - 33
2026-09-25 14:59:36,160 - __main__ - INFO - failed
2026-09-25 14:59:36,160 - __main__ - INFO - 21
2026-09-25 14:59:36,173 - __main__ - INFO - failed
2026-09-25 14:59:36,173 - __main__ - INFO - 22
2026-09-25 14:59:36,186 - __main__ - INFO - failed
2026-09-25 14:59:36,186 - __main__ - INFO - 23
2026-09-25 14:59:36,198 - __main__ - INFO - failed
2026-09-25 14:59:36,198 - __main__ - INFO - 24
2026-09-25 14:59:36,211 - __main__ - INFO - failed
2026-09-25 14:59:36,212 - __main__ - INFO - 25
2026-09-25 14:59:36,225 - __main__ - INFO - failed
2026-09-25 14:59:36,225 - __main__ - INFO - 26
2026-09-25 14:59:36,238 - __main__ - INFO - failed
2026-09-25 14:59:36,238 - __main__ - INFO - 27
2026-09-25 14:59:36,250 - __main__ - INFO - failed
2026-09-25 14:59:36,250 - __main__ - INFO - 28
2026-09-25 14:59:36,262 - __main__ - INFO - failed
2026-09-25 14:59:36,262 - __main__ - INFO - 29
2026-09-25 14:59:36,275 - __main__ - INFO - failed
2026-09-25 14:59:36,276 - __main__ - INFO - 30
2026-09-25 14:59:36,288 - __main__ - INFO - failed
2026-09-25 14:59:36,288 - __main__ - INFO - 31
2026-09-25 14:59:36,301 - __main__ - INFO - failed
2026-09-25 14:59:36,301 - __main__ - INFO - 32
2026-09-25 14:59:36,313 - __main__ - INFO - failed
2026-09-25 14:59:36,313 - __main__ - INFO - 33
2026-09-25 14:59:36,325 - __main__ - INFO - failed
2026-09-25 14:59:36,325 - __main__ - INFO - 34
2026-09-25 14:59:37,290 - __main__ - INFO - failed
2026-09-25 14:59:37,292 - __main__ - INFO - 29
2026-09-25 14:59:37,320 - __main__ - INFO - failed
2026-09-25 14:59:37,320 - __main__ - INFO - 30
2026-09-25 14:59:37,320 - __main__ - INFO - failed
2026-09-25 14:59:37,320 - __main__ - INFO - 0
2026-09-25 14:59:37,347 - __main__ - INFO - failed
2026-09-25 14:59:37,347 - __main__ - INFO - failed
2026-09-25 14:59:37,348 - __main__ - INFO - 31
2026-09-25 14:59:37,348 - __main__ - INFO - 1
2026-09-25 14:59:37,375 - __main__ - INFO - failed
2026-09-25 14:59:37,375 - __main__ - INFO - 32
2026-09-25 14:59:37,375 - __main__ - INFO - failed
2026-09-25 14:59:37,375 - __main__ - INFO - 2
2026-09-25 14:59:37,402 - __main__ - INFO - failed
2026-09-25 14:59:37,402 - __main__ - INFO - failed
2026-09-25 14:59:37,402 - __main__ - INFO - 33
2026-09-25 14:59:37,402 - __main__ - INFO - 3
2026-09-25 14:59:37,429 - __main__ - INFO - failed
2026-09-25 14:59:37,429 - __main__ - INFO - 34
2026-09-25 14:59:37,430 - __main__ - INFO - failed
2026-09-25 14:59:37,431 - __main__ - INFO - 4
2026-09-25 14:59:37,457 - __main__ - INFO - failed
2026-09-25 14:59:37,457 - __main__ - INFO - 5
2026-09-25 14:59:37,457 - __main__ - INFO - failed
2026-09-25 14:59:37,457 - __main__ - INFO - 0
2026-09-25 14:59:37,484 - __main__ - INFO - failed
2026-09-25 14:59:37,484 - __main__ - INFO - 6
2026-09-25 14:59:37,484 - __main__ - INFO - failed
2026-09-25 14:59:37,484 - __main__ - INFO - 1
2026-09-25 14:59:37,511 - __main__ - INFO - failed
2026-09-25 14:59:37,511 - __main__ - INFO - 7
2026-09-25 14:59:37,511 - __main__ - INFO - failed
2026-09-25 14:59:37,511 - __main__ - INFO - 2
2026-09-25 14:59:37,524 - __main__ - INFO - failed
2026-09-25 14:59:37,524 - __main__ - INFO - 8
2026-09-25 14:59:37,551 - __main__ - INFO - failed
2026-09-25 14:59:37,551 - __main__ - INFO - failed
2026-09-25 14:59:37,551 - __main__ - INFO - 3
2026-09-25 14:59:37,551 - __main__ - INFO - 9
2026-09-25 14:59:37,578 - __main__ - INFO - failed
2026-09-25 14:59:37,578 - __main__ - INFO - 4
2026-09-25 14:59:37,578 - __main__ - INFO - failed
2026-09-25 14:59:37,591 - __main__ - INFO - 10
2026-09-25 14:59:37,592 - __main__ - INFO - failed
2026-09-25 14:59:37,605 - __main__ - INFO - 5
2026-09-25 14:59:37,605 - __main__ - INFO - failed
2026-09-25 14:59:37,618 - __main__ - INFO - 11
2026-09-25 14:59:37,619 - __main__ - INFO - failed
2026-09-25 14:59:37,619 - __main__ - INFO - 6
2026-09-25 14:59:37,645 - __main__ - INFO - failed
2026-09-25 14:59:37,645 - __main__ - INFO - failed
2026-09-25 14:59:37,645 - __main__ - INFO - 12
2026-09-25 14:59:37,645 - __main__ - INFO - 7
2026-09-25 14:59:37,671 - __main__ - INFO - failed
2026-09-25 14:59:37,671 - __main__ - INFO - 13
2026-09-25 14:59:37,672 - __main__ - INFO - failed
2026-09-25 14:59:37,672 - __main__ - INFO - 8
2026-09-25 14:59:37,698 - __main__ - INFO - failed
2026-09-25 14:59:37,699 - __main__ - INFO - failed
2026-09-25 14:59:37,699 - __main__ - INFO - 14
2026-09-25 14:59:37,699 - __main__ - INFO - 9
2026-09-25 14:59:37,725 - __main__ - INFO - failed
2026-09-25 14:59:37,726 - __main__ - INFO - failed
2026-09-25 14:59:37,726 - __main__ - INFO - 15
2026-09-25 14:59:37,726 - __main__ - INFO - 10
2026-09-25 14:59:37,753 - __main__ - INFO - failed
2026-09-25 14:59:37,753 - __main__ - INFO - failed
2026-09-25 14:59:37,753 - __main__ - INFO - 16
2026-09-25 14:59:37,753 - __main__ - INFO - 11
2026-09-25 14:59:37,779 - __main__ - INFO - failed
2026-09-25 14:59:37,780 - __main__ - INFO - failed
2026-09-25 14:59:37,780 - __main__ - INFO - 17
2026-09-25 14:59:37,780 - __main__ - INFO - 12
2026-09-25 14:59:37,805 - __main__ - INFO - failed
2026-09-25 14:59:37,806 - __main__ - INFO - failed
2026-09-25 14:59:37,806 - __main__ - INFO - 18
2026-09-25 14:59:37,806 - __main__ - INFO - 13
2026-09-25 14:59:37,831 - __main__ - INFO - failed
2026-09-25 14:59:37,831 - __main__ - INFO - 19
2026-09-25 14:59:37,832 - __main__ - INFO - failed
2026-09-25 14:59:37,832 - __main__ - INFO - 14
2026-09-25 14:59:37,857 - __main__ - INFO - failed
2026-09-25 14:59:37,858 - __main__ - INFO - failed
2026-09-25 14:59:37,858 - __main__ - INFO - 20
2026-09-25 14:59:37,858 - __main__ - INFO - 15
2026-09-25 14:59:37,885 - __main__ - INFO - failed
2026-09-25 14:59:37,885 - __main__ - INFO - failed
2026-09-25 14:59:37,885 - __main__ - INFO - 21
2026-09-25 14:59:37,885 - __main__ - INFO - 16
2026-09-25 14:59:37,912 - __main__ - INFO - failed
2026-09-25 14:59:37,912 - __main__ - INFO - failed
2026-09-25 14:59:37,913 - __main__ - INFO - 22
2026-09-25 14:59:37,913 - __main__ - INFO - 17
2026-09-25 14:59:37,939 - __main__ - INFO - failed
2026-09-25 14:59:37,940 - __main__ - INFO - failed
2026-09-25 14:59:37,940 - __main__ - INFO - 23
2026-09-25 14:59:37,940 - __main__ - INFO - 18
2026-09-25 14:59:37,966 - __main__ - INFO - failed
2026-09-25 14:59:37,967 - __main__ - INFO - failed
2026-09-25 14:59:37,967 - __main__ - INFO - 24
2026-09-25 14:59:37,967 - __main__ - INFO - 19
2026-09-25 14:59:37,993 - __main__ - INFO - failed
2026-09-25 14:59:37,993 - __main__ - INFO - 25
2026-09-25 14:59:37,994 - __main__ - INFO - failed
2026-09-25 14:59:37,994 - __main__ - INFO - 20
2026-09-25 14:59:38,020 - __main__ - INFO - failed
2026-09-25 14:59:38,020 - __main__ - INFO - 26
2026-09-25 14:59:38,021 - __main__ - INFO - failed
2026-09-25 14:59:38,021 - __main__ - INFO - 21
2026-09-25 14:59:38,047 - __main__ - INFO - failed
2026-09-25 14:59:38,047 - __main__ - INFO - 27
2026-09-25 14:59:38,048 - __main__ - INFO - failed
2026-09-25 14:59:38,048 - __main__ - INFO - 22
2026-09-25 14:59:38,075 - __main__ - INFO - failed
2026-09-25 14:59:38,075 - __main__ - INFO - failed
2026-09-25 14:59:38,076 - __main__ - INFO - 28
2026-09-25 14:59:38,076 - __main__ - INFO - 23
2026-09-25 14:59:38,102 - __main__ - INFO - failed
2026-09-25 14:59:38,103 - __main__ - INFO - failed
2026-09-25 14:59:38,103 - __main__ - INFO - 29
2026-09-25 14:59:38,103 - __main__ - INFO - 24
2026-09-25 14:59:38,129 - __main__ - INFO - failed
2026-09-25 14:59:38,130 - __main__ - INFO - failed
2026-09-25 14:59:38,130 - __main__ - INFO - 30
2026-09-25 14:59:38,130 - __main__ - INFO - 25
2026-09-25 14:59:38,157 - __main__ - INFO - failed
2026-09-25 14:59:38,157 - __main__ - INFO - 31
2026-09-25 14:59:38,171 - __main__ - INFO - failed
2026-09-25 14:59:38,172 - __main__ - INFO - 32
2026-09-25 14:59:38,185 - __main__ - INFO - failed
2026-09-25 14:59:38,185 - __main__ - INFO - 33
2026-09-25 14:59:38,199 - __main__ - INFO - failed
2026-09-25 14:59:38,199 - __main__ - INFO - 34
2026-09-25 14:59:38,212 - __main__ - INFO - failed
2026-09-25 14:59:38,212 - __main__ - INFO - 0
2026-09-25 14:59:38,224 - __main__ - INFO - failed
2026-09-25 14:59:38,225 - __main__ - INFO - 1
2026-09-25 14:59:38,237 - __main__ - INFO - failed
2026-09-25 14:59:38,237 - __main__ - INFO - 2
2026-09-25 14:59:38,250 - __main__ - INFO - failed
2026-09-25 14:59:38,250 - __main__ - INFO - 3
2026-09-25 14:59:38,264 - __main__ - INFO - failed
2026-09-25 14:59:38,264 - __main__ - INFO - 4
2026-09-25 14:59:38,277 - __main__ - INFO - failed
2026-09-25 14:59:38,277 - __main__ - INFO - 5
2026-09-25 14:59:38,289 - __main__ - INFO - failed
2026-09-25 14:59:38,289 - __main__ - INFO - 6
2026-09-25 14:59:38,303 - __main__ - INFO - failed
2026-09-25 14:59:38,303 - __main__ - INFO - 7
2026-09-25 14:59:38,319 - __main__ - INFO - failed
2026-09-25 14:59:38,319 - __main__ - INFO - 8
2026-09-25 14:59:38,336 - __main__ - INFO - failed
2026-09-25 14:59:38,336 - __main__ - INFO - 9
2026-09-25 14:59:38,352 - __main__ - INFO - failed
2026-09-25 14:59:38,352 - __main__ - INFO - 10
2026-09-25 14:59:38,366 - __main__ - INFO - failed
2026-09-25 14:59:38,367 - __main__ - INFO - 11
2026-09-25 14:59:38,381 - __main__ - INFO - failed
2026-09-25 14:59:38,381 - __main__ - INFO - 12
2026-09-25 14:59:38,395 - __main__ - INFO - failed
2026-09-25 14:59:38,395 - __main__ - INFO - 13
2026-09-25 14:59:38,409 - __main__ - INFO - failed
2026-09-25 14:59:38,409 - __main__ - INFO - 14
2026-09-25 14:59:38,422 - __main__ - INFO - failed
2026-09-25 14:59:38,422 - __main__ - INFO - 15
2026-09-25 14:59:38,436 - __main__ - INFO - failed
2026-09-25 14:59:38,436 - __main__ - INFO - 16
2026-09-25 14:59:38,449 - __main__ - INFO - failed
2026-09-25 14:59:38,449 - __main__ - INFO - 17
2026-09-25 14:59:38,463 - __main__ - INFO - failed
2026-09-25 14:59:38,463 - __main__ - INFO - 18
2026-09-25 14:59:38,477 - __main__ - INFO - failed
2026-09-25 14:59:38,477 - __main__ - INFO - 19
2026-09-25 14:59:38,490 - __main__ - INFO - failed
2026-09-25 14:59:38,490 - __main__ - INFO - 20
2026-09-25 14:59:38,504 - __main__ - INFO - failed
2026-09-25 14:59:38,504 - __main__ - INFO - 21
2026-09-25 14:59:38,517 - __main__ - INFO - failed
2026-09-25 14:59:38,517 - __main__ - INFO - 22
2026-09-25 14:59:38,530 - __main__ - INFO - failed
2026-09-25 14:59:38,530 - __main__ - INFO - 23
2026-09-25 14:59:38,543 - __main__ - INFO - failed
2026-09-25 14:59:38,543 - __main__ - INFO - 24
2026-09-25 14:59:38,556 - __main__ - INFO - failed
2026-09-25 14:59:38,556 - __main__ - INFO - 25
2026-09-25 14:59:38,570 - __main__ - INFO - failed
2026-09-25 14:59:38,570 - __main__ - INFO - 26
2026-09-25 14:59:38,583 - __main__ - INFO - failed
2026-09-25 14:59:38,583 - __main__ - INFO - 27
2026-09-25 14:59:38,597 - __main__ - INFO - failed
2026-09-25 14:59:38,597 - __main__ - INFO - 28
2026-09-25 14:59:38,611 - __main__ - INFO - failed
2026-09-25 14:59:38,611 - __main__ - INFO - 29
2026-09-25 14:59:38,624 - __main__ - INFO - failed
2026-09-25 14:59:38,624 - __main__ - INFO - 30
2026-09-25 14:59:38,638 - __main__ - INFO - failed
2026-09-25 14:59:38,638 - __main__ - INFO - 31
2026-09-25 14:59:38,651 - __main__ - INFO - failed
2026-09-25 14:59:38,652 - __main__ - INFO - 32
2026-09-25 14:59:38,665 - __main__ - INFO - failed
2026-09-25 14:59:38,665 - __main__ - INFO - 33
2026-09-25 14:59:38,678 - __main__ - INFO - failed
2026-09-25 14:59:38,678 - __main__ - INFO - 34
2026-09-25 14:59:38,692 - __main__ - INFO - failed
2026-09-25 14:59:38,692 - __main__ - INFO - 0
2026-09-25 14:59:38,705 - __main__ - INFO - failed
2026-09-25 14:59:38,705 - __main__ - INFO - 1
2026-09-25 14:59:38,718 - __main__ - INFO - failed
2026-09-25 14:59:38,718 - __main__ - INFO - 2
2026-09-25 14:59:38,731 - __main__ - INFO - failed
2026-09-25 14:59:38,731 - __main__ - INFO - 3
2026-09-25 14:59:38,745 - __main__ - INFO - failed
2026-09-25 14:59:38,745 - __main__ - INFO - 4
2026-09-25 14:59:38,758 - __main__ - INFO - failed
2026-09-25 14:59:38,758 - __main__ - INFO - 5
2026-09-25 14:59:38,772 - __main__ - INFO - failed
2026-09-25 14:59:38,772 - __main__ - INFO - 6
2026-09-25 14:59:38,785 - __main__ - INFO - failed
2026-09-25 14:59:38,785 - __main__ - INFO - 7
2026-09-25 14:59:38,799 - __main__ - INFO - failed
2026-09-25 14:59:38,799 - __main__ - INFO - 8
2026-09-25 14:59:38,812 - __main__ - INFO - failed
2026-09-25 14:59:38,812 - __main__ - INFO - 9
2026-09-25 14:59:38,826 - __main__ - INFO - failed
2026-09-25 14:59:38,826 - __main__ - INFO - 10
2026-09-25 14:59:38,840 - __main__ - INFO - failed
2026-09-25 14:59:38,840 - __main__ - INFO - 11
2026-09-25 14:59:38,853 - __main__ - INFO - failed
2026-09-25 14:59:38,853 - __main__ - INFO - 12
2026-09-25 14:59:38,867 - __main__ - INFO - failed
2026-09-25 14:59:38,867 - __main__ - INFO - 13
2026-09-25 14:59:38,881 - __main__ - INFO - failed
2026-09-25 14:59:38,881 - __main__ - INFO - 14
2026-09-25 14:59:38,895 - __main__ - INFO - failed
2026-09-25 14:59:38,895 - __main__ - INFO - 15
2026-09-25 14:59:38,909 - __main__ - INFO - failed
2026-09-25 14:59:38,909 - __main__ - INFO - 16
2026-09-25 14:59:38,923 - __main__ - INFO - failed
2026-09-25 14:59:38,923 - __main__ - INFO - 17
2026-09-25 14:59:38,937 - __main__ - INFO - failed
2026-09-25 14:59:38,937 - __main__ - INFO - 18
2026-09-25 14:59:38,951 - __main__ - INFO - failed
2026-09-25 14:59:38,951 - __main__ - INFO - 19
2026-09-25 14:59:38,964 - __main__ - INFO - failed
2026-09-25 14:59:38,964 - __main__ - INFO - 20
2026-09-25 14:59:38,977 - __main__ - INFO - failed
2026-09-25 14:59:38,977 - __main__ - INFO - 21
2026-09-25 14:59:38,990 - __main__ - INFO - failed
2026-09-25 14:59:38,990 - __main__ - INFO - 22
2026-09-25 14:59:39,003 - __main__ - INFO - failed
2026-09-25 14:59:39,003 - __main__ - INFO - 23
2026-09-25 14:59:39,016 - __main__ - INFO - failed
2026-09-25 14:59:39,016 - __main__ - INFO - 24
2026-09-25 14:59:39,029 - __main__ - INFO - failed
2026-09-25 14:59:39,029 - __main__ - INFO - 25
2026-09-25 14:59:39,041 - __main__ - INFO - failed
2026-09-25 14:59:39,042 - __main__ - INFO - 26
2026-09-25 14:59:39,054 - __main__ - INFO - failed
2026-09-25 14:59:39,054 - __main__ - INFO - 27
2026-09-25 14:59:39,067 - __main__ - INFO - failed
2026-09-25 14:59:39,067 - __main__ - INFO - 28
2026-09-25 14:59:39,080 - __main__ - INFO - failed
2026-09-25 14:59:39,081 - __main__ - INFO - 29
2026-09-25 14:59:39,094 - __main__ - INFO - failed
2026-09-25 14:59:39,094 - __main__ - INFO - 30
2026-09-25 14:59:39,108 - __main__ - INFO - failed
2026-09-25 14:59:39,108 - __main__ - INFO - 31
2026-09-25 14:59:39,121 - __main__ - INFO - failed
2026-09-25 14:59:39,121 - __main__ - INFO - 32
2026-09-25 14:59:39,135 - __main__ - INFO - failed
2026-09-25 14:59:39,135 - __main__ - INFO - 33
2026-09-25 14:59:39,149 - __main__ - INFO - failed
2026-09-25 14:59:39,149 - __main__ - INFO - 34
2026-09-25 14:59:39,162 - __main__ - INFO - failed
2026-09-25 14:59:39,162 - __main__ - INFO - 0
2026-09-25 14:59:39,176 - __main__ - INFO - failed
2026-09-25 14:59:39,176 - __main__ - INFO - 1
2026-09-25 14:59:39,189 - __main__ - INFO - failed
2026-09-25 14:59:39,189 - __main__ - INFO - 2
2026-09-25 14:59:39,203 - __main__ - INFO - failed
2026-09-25 14:59:39,203 - __main__ - INFO - 3
2026-09-25 14:59:39,216 - __main__ - INFO - failed
2026-09-25 14:59:39,216 - __main__ - INFO - 4
2026-09-25 14:59:39,230 - __main__ - INFO - failed
2026-09-25 14:59:39,230 - __main__ - INFO - 5
2026-09-25 14:59:39,244 - __main__ - INFO - failed
2026-09-25 14:59:39,244 - __main__ - INFO - 6
2026-09-25 14:59:39,257 - __main__ - INFO - failed
2026-09-25 14:59:39,271 - __main__ - INFO - failed
2026-09-25 14:59:39,271 - __main__ - INFO - 7
2026-09-25 14:59:39,271 - __main__ - INFO - 27
2026-09-25 14:59:39,298 - __main__ - INFO - failed
2026-09-25 14:59:39,298 - __main__ - INFO - failed
2026-09-25 14:59:39,299 - __main__ - INFO - 8
2026-09-25 14:59:39,299 - __main__ - INFO - 28
2026-09-25 14:59:39,325 - __main__ - INFO - failed
2026-09-25 14:59:39,326 - __main__ - INFO - failed
2026-09-25 14:59:39,326 - __main__ - INFO - 9
2026-09-25 14:59:39,326 - __main__ - INFO - 29
2026-09-25 14:59:39,353 - __main__ - INFO - failed
2026-09-25 14:59:39,353 - __main__ - INFO - failed
2026-09-25 14:59:39,354 - __main__ - INFO - 10
2026-09-25 14:59:39,354 - __main__ - INFO - 30
2026-09-25 14:59:39,380 - __main__ - INFO - failed
2026-09-25 14:59:39,380 - __main__ - INFO - 11
2026-09-25 14:59:39,381 - __main__ - INFO - failed
2026-09-25 14:59:39,381 - __main__ - INFO - 31
2026-09-25 14:59:39,408 - __main__ - INFO - failed
2026-09-25 14:59:39,408 - __main__ - INFO - 12
2026-09-25 14:59:39,422 - __main__ - INFO - failed
2026-09-25 14:59:39,423 - __main__ - INFO - 13
2026-09-25 14:59:39,436 - __main__ - INFO - failed
2026-09-25 14:59:39,436 - __main__ - INFO - 14
2026-09-25 14:59:39,450 - __main__ - INFO - failed
2026-09-25 14:59:39,450 - __main__ - INFO - 15
2026-09-25 14:59:39,464 - __main__ - INFO - failed
2026-09-25 14:59:39,464 - __main__ - INFO - 16
2026-09-25 14:59:39,478 - __main__ - INFO - failed
2026-09-25 14:59:39,478 - __main__ - INFO - 17
2026-09-25 14:59:39,493 - __main__ - INFO - failed
2026-09-25 14:59:39,493 - __main__ - INFO - 18
2026-09-25 14:59:39,507 - __main__ - INFO - failed
2026-09-25 14:59:39,507 - __main__ - INFO - 19
2026-09-25 14:59:39,521 - __main__ - INFO - failed
2026-09-25 14:59:39,521 - __main__ - INFO - 20
2026-09-25 14:59:39,535 - __main__ - INFO - failed
2026-09-25 14:59:39,535 - __main__ - INFO - 21
2026-09-25 14:59:39,548 - __main__ - INFO - failed
2026-09-25 14:59:39,549 - __main__ - INFO - 22
2026-09-25 14:59:39,563 - __main__ - INFO - failed
2026-09-25 14:59:39,563 - __main__ - INFO - 23
2026-09-25 14:59:39,578 - __main__ - INFO - failed
2026-09-25 14:59:39,578 - __main__ - INFO - 24
2026-09-25 14:59:39,592 - __main__ - INFO - failed
2026-09-25 14:59:39,592 - __main__ - INFO - 25
2026-09-25 14:59:39,606 - __main__ - INFO - failed
2026-09-25 14:59:39,606 - __main__ - INFO - 26
2026-09-25 14:59:39,619 - __main__ - INFO - failed
2026-09-25 14:59:39,619 - __main__ - INFO - 27
2026-09-25 14:59:39,632 - __main__ - INFO - failed
2026-09-25 14:59:39,632 - __main__ - INFO - 28
2026-09-25 14:59:39,645 - __main__ - INFO - failed
2026-09-25 14:59:39,645 - __main__ - INFO - 29
2026-09-25 14:59:39,658 - __main__ - INFO - failed
2026-09-25 14:59:39,658 - __main__ - INFO - 30
2026-09-25 14:59:39,671 - __main__ - INFO - failed
2026-09-25 14:59:39,671 - __main__ - INFO - 31
2026-09-25 14:59:39,684 - __main__ - INFO - failed
2026-09-25 14:59:39,684 - __main__ - INFO - 32
2026-09-25 14:59:39,698 - __main__ - INFO - failed
2026-09-25 14:59:39,698 - __main__ - INFO - 33
2026-09-25 14:59:39,711 - __main__ - INFO - failed
2026-09-25 14:59:39,712 - __main__ - INFO - 34
2026-09-25 14:59:39,725 - __main__ - INFO - failed
2026-09-25 14:59:39,725 - __main__ - INFO - 0
2026-09-25 14:59:39,738 - __main__ - INFO - failed
2026-09-25 14:59:39,738 - __main__ - INFO - 1
2026-09-25 14:59:39,751 - __main__ - INFO - failed
2026-09-25 14:59:39,751 - __main__ - INFO - 2
2026-09-25 14:59:39,764 - __main__ - INFO - failed
2026-09-25 14:59:39,764 - __main__ - INFO - 3
2026-09-25 14:59:39,777 - __main__ - INFO - failed
2026-09-25 14:59:39,777 - __main__ - INFO - 4
2026-09-25 14:59:39,790 - __main__ - INFO - failed
2026-09-25 14:59:39,790 - __main__ - INFO - 5
2026-09-25 14:59:39,803 - __main__ - INFO - failed
2026-09-25 14:59:39,803 - __main__ - INFO - 6
2026-09-25 14:59:39,815 - __main__ - INFO - failed
2026-09-25 14:59:39,816 - __main__ - INFO - 7
2026-09-25 14:59:39,829 - __main__ - INFO - failed
2026-09-25 14:59:39,829 - __main__ - INFO - 8
2026-09-25 14:59:39,842 - __main__ - INFO - failed
2026-09-25 14:59:39,842 - __main__ - INFO - 9
2026-09-25 14:59:39,854 - __main__ - INFO - failed
2026-09-25 14:59:39,854 - __main__ - INFO - 10
2026-09-25 14:59:39,867 - __main__ - INFO - failed
2026-09-25 14:59:39,867 - __main__ - INFO - 11
2026-09-25 14:59:39,881 - __main__ - INFO - failed
2026-09-25 14:59:39,881 - __main__ - INFO - 12
2026-09-25 14:59:39,895 - __main__ - INFO - failed
2026-09-25 14:59:39,895 - __main__ - INFO - 13
2026-09-25 14:59:39,908 - __main__ - INFO - failed
2026-09-25 14:59:39,908 - __main__ - INFO - 14
2026-09-25 14:59:39,922 - __main__ - INFO - failed
2026-09-25 14:59:39,922 - __main__ - INFO - 15
2026-09-25 14:59:39,935 - __main__ - INFO - failed
2026-09-25 14:59:39,935 - __main__ - INFO - 16
2026-09-25 14:59:39,948 - __main__ - INFO - failed
2026-09-25 14:59:39,948 - __main__ - INFO - 17
2026-09-25 14:59:39,961 - __main__ - INFO - failed
2026-09-25 14:59:39,961 - __main__ - INFO - 18
2026-09-25 14:59:39,974 - __main__ - INFO - failed
2026-09-25 14:59:39,974 - __main__ - INFO - 19
2026-09-25 14:59:39,987 - __main__ - INFO - failed
2026-09-25 14:59:39,987 - __main__ - INFO - 20
2026-09-25 14:59:40,000 - __main__ - INFO - failed
2026-09-25 14:59:40,000 - __main__ - INFO - 21
2026-09-25 14:59:40,013 - __main__ - INFO - failed
2026-09-25 14:59:40,013 - __main__ - INFO - 22
2026-09-25 14:59:40,026 - __main__ - INFO - failed
2026-09-25 14:59:40,026 - __main__ - INFO - 23
2026-09-25 14:59:40,039 - __main__ - INFO - failed
2026-09-25 14:59:40,039 - __main__ - INFO - 24
2026-09-25 14:59:40,051 - __main__ - INFO - failed
2026-09-25 14:59:40,052 - __main__ - INFO - 25
2026-09-25 14:59:40,064 - __main__ - INFO - failed
2026-09-25 14:59:40,064 - __main__ - INFO - 26
2026-09-25 14:59:40,077 - __main__ - INFO - failed
2026-09-25 14:59:40,077 - __main__ - INFO - 27
2026-09-25 14:59:40,091 - __main__ - INFO - failed
2026-09-25 14:59:40,091 - __main__ - INFO - 28
2026-09-25 14:59:40,104 - __main__ - INFO - failed
2026-09-25 14:59:40,104 - __main__ - INFO - 29
2026-09-25 14:59:40,117 - __main__ - INFO - failed
2026-09-25 14:59:40,117 - __main__ - INFO - 30
2026-09-25 14:59:40,130 - __main__ - INFO - failed
2026-09-25 14:59:40,130 - __main__ - INFO - 31
2026-09-25 14:59:40,144 - __main__ - INFO - failed
2026-09-25 14:59:40,144 - __main__ - INFO - 32
2026-09-25 14:59:40,157 - __main__ - INFO - failed
2026-09-25 14:59:40,157 - __main__ - INFO - 33
2026-09-25 14:59:40,171 - __main__ - INFO - failed
2026-09-25 14:59:40,171 - __main__ - INFO - 34
2026-09-25 14:59:40,184 - __main__ - INFO - failed
2026-09-25 14:59:40,184 - __main__ - INFO - 0
2026-09-25 14:59:40,198 - __main__ - INFO - failed
2026-09-25 14:59:40,198 - __main__ - INFO - 1
2026-09-25 14:59:40,211 - __main__ - INFO - failed
2026-09-25 14:59:40,211 - __main__ - INFO - 2
2026-09-25 14:59:40,225 - __main__ - INFO - failed
2026-09-25 14:59:40,225 - __main__ - INFO - 3
2026-09-25 14:59:40,238 - __main__ - INFO - failed
2026-09-25 14:59:40,238 - __main__ - INFO - 4
2026-09-25 14:59:40,251 - __main__ - INFO - failed
2026-09-25 14:59:40,251 - __main__ - INFO - 5
2026-09-25 14:59:40,264 - __main__ - INFO - failed
2026-09-25 14:59:40,264 - __main__ - INFO - 6
2026-09-25 14:59:40,277 - __main__ - INFO - failed
2026-09-25 14:59:40,277 - __main__ - INFO - 7
2026-09-25 14:59:40,290 - __main__ - INFO - failed
2026-09-25 14:59:40,290 - __main__ - INFO - 8
2026-09-25 14:59:40,303 - __main__ - INFO - failed
2026-09-25 14:59:40,303 - __main__ - INFO - 9
2026-09-25 14:59:40,316 - __main__ - INFO - failed
2026-09-25 14:59:40,316 - __main__ - INFO - 10
2026-09-25 14:59:40,328 - __main__ - INFO - failed
2026-09-25 14:59:40,329 - __main__ - INFO - 11
2026-09-25 14:59:40,341 - __main__ - INFO - failed
2026-09-25 14:59:40,341 - __main__ - INFO - 12
2026-09-25 14:59:40,354 - __main__ - INFO - failed
2026-09-25 14:59:40,354 - __main__ - INFO - 13
2026-09-25 14:59:40,367 - __main__ - INFO - failed
2026-09-25 14:59:40,367 - __main__ - INFO - 14
2026-09-25 14:59:40,380 - __main__ - INFO - failed
2026-09-25 14:59:40,380 - __main__ - INFO - 15
2026-09-25 14:59:40,393 - __main__ - INFO - failed
2026-09-25 14:59:40,393 - __main__ - INFO - 16
2026-09-25 14:59:40,406 - __main__ - INFO - failed
2026-09-25 14:59:40,406 - __main__ - INFO - 17
2026-09-25 14:59:40,419 - __main__ - INFO - failed
2026-09-25 14:59:40,419 - __main__ - INFO - 18
2026-09-25 14:59:40,432 - __main__ - INFO - failed
2026-09-25 14:59:40,432 - __main__ - INFO - 19
2026-09-25 14:59:40,445 - __main__ - INFO - failed
2026-09-25 14:59:40,445 - __main__ - INFO - 20
2026-09-25 14:59:40,458 - __main__ - INFO - failed
2026-09-25 14:59:40,458 - __main__ - INFO - 21
2026-09-25 14:59:40,471 - __main__ - INFO - failed
2026-09-25 14:59:40,471 - __main__ - INFO - 22
2026-09-25 14:59:40,484 - __main__ - INFO - failed
2026-09-25 14:59:40,484 - __main__ - INFO - 23
2026-09-25 14:59:40,496 - __main__ - INFO - failed
2026-09-25 14:59:40,496 - __main__ - INFO - 24
2026-09-25 14:59:40,578 - __main__ - INFO - failed
2026-09-25 14:59:40,578 - __main__ - INFO - 33
2026-09-25 14:59:40,591 - __main__ - INFO - failed
2026-09-25 14:59:40,592 - __main__ - INFO - 34
2026-09-25 14:59:40,605 - __main__ - INFO - failed
2026-09-25 14:59:40,605 - __main__ - INFO - 0
2026-09-25 14:59:40,618 - __main__ - INFO - failed
2026-09-25 14:59:40,618 - __main__ - INFO - 1
2026-09-25 14:59:40,631 - __main__ - INFO - failed
2026-09-25 14:59:40,631 - __main__ - INFO - 2
2026-09-25 14:59:40,644 - __main__ - INFO - failed
2026-09-25 14:59:40,644 - __main__ - INFO - 3
2026-09-25 14:59:40,657 - __main__ - INFO - failed
2026-09-25 14:59:40,657 - __main__ - INFO - 4
2026-09-25 14:59:40,670 - __main__ - INFO - failed
2026-09-25 14:59:40,670 - __main__ - INFO - 5
2026-09-25 14:59:40,683 - __main__ - INFO - failed
2026-09-25 14:59:40,683 - __main__ - INFO - 6
2026-09-25 14:59:40,696 - __main__ - INFO - failed
2026-09-25 14:59:40,696 - __main__ - INFO - 7
2026-09-25 14:59:40,709 - __main__ - INFO - failed
2026-09-25 14:59:40,709 - __main__ - INFO - 8
2026-09-25 14:59:40,723 - __main__ - INFO - failed
2026-09-25 14:59:40,723 - __main__ - INFO - 9
2026-09-25 14:59:40,736 - __main__ - INFO - failed
2026-09-25 14:59:40,736 - __main__ - INFO - 10
2026-09-25 14:59:40,750 - __main__ - INFO - failed
2026-09-25 14:59:40,750 - __main__ - INFO - 11
2026-09-25 14:59:40,763 - __main__ - INFO - failed
2026-09-25 14:59:40,763 - __main__ - INFO - 12
2026-09-25 14:59:40,777 - __main__ - INFO - failed
2026-09-25 14:59:40,777 - __main__ - INFO - 13
2026-09-25 14:59:40,790 - __main__ - INFO - failed
2026-09-25 14:59:40,790 - __main__ - INFO - 14
2026-09-25 14:59:40,804 - __main__ - INFO - failed
2026-09-25 14:59:40,804 - __main__ - INFO - 15
2026-09-25 14:59:40,817 - __main__ - INFO - failed
2026-09-25 14:59:40,817 - __main__ - INFO - 16
2026-09-25 14:59:40,830 - __main__ - INFO - failed
2026-09-25 14:59:40,830 - __main__ - INFO - 17
2026-09-25 14:59:40,843 - __main__ - INFO - failed
2026-09-25 14:59:40,843 - __main__ - INFO - 18
2026-09-25 14:59:40,856 - __main__ - INFO - failed
2026-09-25 14:59:40,856 - __main__ - INFO - 19
2026-09-25 14:59:40,869 - __main__ - INFO - failed
2026-09-25 14:59:40,869 - __main__ - INFO - 20
2026-09-25 14:59:40,882 - __main__ - INFO - failed
2026-09-25 14:59:40,882 - __main__ - INFO - 21
2026-09-25 14:59:40,895 - __main__ - INFO - failed
2026-09-25 14:59:40,895 - __main__ - INFO - 22
2026-09-25 14:59:40,908 - __main__ - INFO - failed
2026-09-25 14:59:40,908 - __main__ - INFO - 23
2026-09-25 14:59:40,921 - __main__ - INFO - failed
2026-09-25 14:59:40,921 - __main__ - INFO - 24
2026-09-25 14:59:40,934 - __main__ - INFO - failed
2026-09-25 14:59:40,934 - __main__ - INFO - 25
2026-09-25 14:59:40,947 - __main__ - INFO - failed
2026-09-25 14:59:40,947 - __main__ - INFO - 26
2026-09-25 14:59:40,960 - __main__ - INFO - failed
2026-09-25 14:59:40,960 - __main__ - INFO - 27
2026-09-25 14:59:40,973 - __main__ - INFO - failed
2026-09-25 14:59:40,973 - __main__ - INFO - 28
2026-09-25 14:59:40,986 - __main__ - INFO - failed
2026-09-25 14:59:40,986 - __main__ - INFO - 29
2026-09-25 14:59:40,999 - __main__ - INFO - failed
2026-09-25 14:59:40,999 - __main__ - INFO - 30
2026-09-25 14:59:41,011 - __main__ - INFO - failed
2026-09-25 14:59:41,012 - __main__ - INFO - 31
2026-09-25 14:59:41,024 - __main__ - INFO - failed
2026-09-25 14:59:41,025 - __main__ - INFO - 32
2026-09-25 14:59:41,037 - __main__ - INFO - failed
2026-09-25 14:59:41,037 - __main__ - INFO - 33
2026-09-25 14:59:41,050 - __main__ - INFO - failed
2026-09-25 14:59:41,050 - __main__ - INFO - 34
2026-09-25 14:59:41,063 - __main__ - INFO - failed
2026-09-25 14:59:41,063 - __main__ - INFO - 0
2026-09-25 14:59:41,076 - __main__ - INFO - failed
2026-09-25 14:59:41,076 - __main__ - INFO - 1
2026-09-25 14:59:41,089 - __main__ - INFO - failed
2026-09-25 14:59:41,089 - __main__ - INFO - 2
2026-09-25 14:59:41,102 - __main__ - INFO - failed
2026-09-25 14:59:41,102 - __main__ - INFO - 3
2026-09-25 14:59:41,115 - __main__ - INFO - failed
2026-09-25 14:59:41,115 - __main__ - INFO - 4
2026-09-25 14:59:41,128 - __main__ - INFO - failed
2026-09-25 14:59:41,128 - __main__ - INFO - 5
2026-09-25 14:59:41,141 - __main__ - INFO - failed
2026-09-25 14:59:41,141 - __main__ - INFO - 6
2026-09-25 14:59:41,153 - __main__ - INFO - failed
2026-09-25 14:59:41,153 - __main__ - INFO - 7
2026-09-25 14:59:41,166 - __main__ - INFO - failed
2026-09-25 14:59:41,166 - __main__ - INFO - 8
2026-09-25 14:59:41,179 - __main__ - INFO - failed
2026-09-25 14:59:41,179 - __main__ - INFO - 9
2026-09-25 14:59:41,192 - __main__ - INFO - failed
2026-09-25 14:59:41,192 - __main__ - INFO - 10
2026-09-25 14:59:41,205 - __main__ - INFO - failed
2026-09-25 14:59:41,205 - __main__ - INFO - 11
2026-09-25 14:59:41,218 - __main__ - INFO - failed
2026-09-25 14:59:41,218 - __main__ - INFO - 12
2026-09-25 14:59:41,231 - __main__ - INFO - failed
2026-09-25 14:59:41,231 - __main__ - INFO - 13
2026-09-25 14:59:41,244 - __main__ - INFO - failed
2026-09-25 14:59:41,244 - __main__ - INFO - 14
2026-09-25 14:59:41,256 - __main__ - INFO - failed
2026-09-25 14:59:41,256 - __main__ - INFO - 15
2026-09-25 14:59:41,269 - __main__ - INFO - failed
2026-09-25 14:59:41,269 - __main__ - INFO - 16
2026-09-25 14:59:41,282 - __main__ - INFO - failed
2026-09-25 14:59:41,282 - __main__ - INFO - 17
2026-09-25 14:59:41,295 - __main__ - INFO - failed
2026-09-25 14:59:41,295 - __main__ - INFO - 18
2026-09-25 14:59:41,308 - __main__ - INFO - failed
2026-09-25 14:59:41,308 - __main__ - INFO - 19
2026-09-25 14:59:41,321 - __main__ - INFO - failed
2026-09-25 14:59:41,321 - __main__ - INFO - 20
2026-09-25 14:59:41,334 - __main__ - INFO - failed
2026-09-25 14:59:41,334 - __main__ - INFO - 21
2026-09-25 14:59:41,347 - __main__ - INFO - failed
2026-09-25 14:59:41,347 - __main__ - INFO - 22
2026-09-25 14:59:41,360 - __main__ - INFO - failed
2026-09-25 14:59:41,360 - __main__ - INFO - 23
2026-09-25 14:59:41,373 - __main__ - INFO - failed
2026-09-25 14:59:41,373 - __main__ - INFO - 24
2026-09-25 14:59:41,385 - __main__ - INFO - failed
2026-09-25 14:59:41,386 - __main__ - INFO - 25
2026-09-25 14:59:41,398 - __main__ - INFO - failed
2026-09-25 14:59:41,399 - __main__ - INFO - 26
2026-09-25 14:59:41,411 - __main__ - INFO - failed
2026-09-25 14:59:41,411 - __main__ - INFO - 27
2026-09-25 14:59:41,424 - __main__ - INFO - failed
2026-09-25 14:59:41,424 - __main__ - INFO - 28
2026-09-25 14:59:41,437 - __main__ - INFO - failed
2026-09-25 14:59:41,437 - __main__ - INFO - 29
2026-09-25 14:59:41,450 - __main__ - INFO - failed
2026-09-25 14:59:41,450 - __main__ - INFO - 30
2026-09-25 14:59:41,463 - __main__ - INFO - failed
2026-09-25 14:59:41,463 - __main__ - INFO - 31
2026-09-25 14:59:41,476 - __main__ - INFO - failed
2026-09-25 14:59:41,476 - __main__ - INFO - 32
2026-09-25 14:59:41,488 - __main__ - INFO - failed
2026-09-25 14:59:41,488 - __main__ - INFO - 33
2026-09-25 14:59:41,501 - __main__ - INFO - failed
2026-09-25 14:59:41,501 - __main__ - INFO - 34
2026-09-25 14:59:41,513 - __main__ - INFO - failed
2026-09-25 14:59:41,514 - __main__ - INFO - 0
2026-09-25 14:59:41,526 - __main__ - INFO - failed
2026-09-25 14:59:41,526 - __main__ - INFO - 1
2026-09-25 14:59:41,538 - __main__ - INFO - failed
2026-09-25 14:59:41,538 - __main__ - INFO - 2
2026-09-25 14:59:41,551 - __main__ - INFO - failed
2026-09-25 14:59:41,551 - __main__ - INFO - 3
2026-09-25 14:59:41,564 - __main__ - INFO - failed
2026-09-25 14:59:41,564 - __main__ - INFO - 4
2026-09-25 14:59:41,576 - __main__ - INFO - failed
2026-09-25 14:59:41,576 - __main__ - INFO - 5
2026-09-25 14:59:41,589 - __main__ - INFO - failed
2026-09-25 14:59:41,589 - __main__ - INFO - 6
2026-09-25 14:59:41,601 - __main__ - INFO - failed
2026-09-25 14:59:41,601 - __main__ - INFO - 7
2026-09-25 14:59:41,614 - __main__ - INFO - failed
2026-09-25 14:59:41,614 - __main__ - INFO - 8
2026-09-25 14:59:41,626 - __main__ - INFO - failed
2026-09-25 14:59:41,626 - __main__ - INFO - 9
2026-09-25 14:59:41,639 - __main__ - INFO - failed
2026-09-25 14:59:41,639 - __main__ - INFO - 10
2026-09-25 14:59:41,652 - __main__ - INFO - failed
2026-09-25 14:59:41,652 - __main__ - INFO - 11
2026-09-25 14:59:41,677 - __main__ - INFO - failed
2026-09-25 14:59:41,677 - __main__ - INFO - failed
2026-09-25 14:59:41,677 - __main__ - INFO - 12
2026-09-25 14:59:41,677 - __main__ - INFO - 26
2026-09-25 14:59:41,690 - __main__ - INFO - failed
2026-09-25 14:59:41,690 - __main__ - INFO - 13
2026-09-25 14:59:41,716 - __main__ - INFO - failed
2026-09-25 14:59:41,716 - __main__ - INFO - failed
2026-09-25 14:59:41,716 - __main__ - INFO - 27
2026-09-25 14:59:41,717 - __main__ - INFO - 14
2026-09-25 14:59:41,742 - __main__ - INFO - failed
2026-09-25 14:59:41,742 - __main__ - INFO - 28
2026-09-25 14:59:41,743 - __main__ - INFO - failed
2026-09-25 14:59:41,743 - __main__ - INFO - 15
2026-09-25 14:59:41,768 - __main__ - INFO - failed
2026-09-25 14:59:41,768 - __main__ - INFO - 29
2026-09-25 14:59:41,769 - __main__ - INFO - failed
2026-09-25 14:59:41,769 - __main__ - INFO - 16
2026-09-25 14:59:41,795 - __main__ - INFO - failed
2026-09-25 14:59:41,796 - __main__ - INFO - 30
2026-09-25 14:59:41,796 - __main__ - INFO - failed
2026-09-25 14:59:41,796 - __main__ - INFO - 17
2026-09-25 14:59:41,822 - __main__ - INFO - failed
2026-09-25 14:59:41,823 - __main__ - INFO - failed
2026-09-25 14:59:41,823 - __main__ - INFO - 31
2026-09-25 14:59:41,823 - __main__ - INFO - 18
2026-09-25 14:59:41,851 - __main__ - INFO - failed
2026-09-25 14:59:41,851 - __main__ - INFO - 32
2026-09-25 14:59:41,852 - __main__ - INFO - failed
2026-09-25 14:59:41,852 - __main__ - INFO - 19
2026-09-25 14:59:41,879 - __main__ - INFO - failed
2026-09-25 14:59:41,879 - __main__ - INFO - 33
2026-09-25 14:59:41,880 - __main__ - INFO - failed
2026-09-25 14:59:41,880 - __main__ - INFO - 20
2026-09-25 14:59:41,908 - __main__ - INFO - failed
2026-09-25 14:59:41,909 - __main__ - INFO - failed
2026-09-25 14:59:41,909 - __main__ - INFO - 34
2026-09-25 14:59:41,909 - __main__ - INFO - 21
2026-09-25 14:59:41,937 - __main__ - INFO - failed
2026-09-25 14:59:41,937 - __main__ - INFO - 22
2026-09-25 14:59:41,937 - __main__ - INFO - failed
2026-09-25 14:59:41,937 - __main__ - INFO - 0
2026-09-25 14:59:41,964 - __main__ - INFO - failed
2026-09-25 14:59:41,965 - __main__ - INFO - failed
2026-09-25 14:59:41,965 - __main__ - INFO - 23
2026-09-25 14:59:41,965 - __main__ - INFO - 1
2026-09-25 14:59:41,992 - __main__ - INFO - failed
2026-09-25 14:59:41,992 - __main__ - INFO - 24
2026-09-25 14:59:41,993 - __main__ - INFO - failed
2026-09-25 14:59:41,993 - __main__ - INFO - 2
2026-09-25 14:59:42,019 - __main__ - INFO - failed
2026-09-25 14:59:42,020 - __main__ - INFO - failed
2026-09-25 14:59:42,020 - __main__ - INFO - 25
2026-09-25 14:59:42,020 - __main__ - INFO - 3
2026-09-25 14:59:42,047 - __main__ - INFO - failed
2026-09-25 14:59:42,047 - __main__ - INFO - failed
2026-09-25 14:59:42,047 - __main__ - INFO - 26
2026-09-25 14:59:42,047 - __main__ - INFO - 4
2026-09-25 14:59:42,074 - __main__ - INFO - failed
2026-09-25 14:59:42,074 - __main__ - INFO - 27
2026-09-25 14:59:42,074 - __main__ - INFO - failed
2026-09-25 14:59:42,074 - __main__ - INFO - 5
2026-09-25 14:59:42,101 - __main__ - INFO - failed
2026-09-25 14:59:42,101 - __main__ - INFO - failed
2026-09-25 14:59:42,101 - __main__ - INFO - 28
2026-09-25 14:59:42,101 - __main__ - INFO - 6
2026-09-25 14:59:42,128 - __main__ - INFO - failed
2026-09-25 14:59:42,128 - __main__ - INFO - failed
2026-09-25 14:59:42,128 - __main__ - INFO - 29
2026-09-25 14:59:42,128 - __main__ - INFO - 7
2026-09-25 14:59:42,155 - __main__ - INFO - failed
2026-09-25 14:59:42,155 - __main__ - INFO - failed
2026-09-25 14:59:42,156 - __main__ - INFO - 30
2026-09-25 14:59:42,156 - __main__ - INFO - 8
2026-09-25 14:59:42,182 - __main__ - INFO - failed
2026-09-25 14:59:42,182 - __main__ - INFO - 31
2026-09-25 14:59:42,183 - __main__ - INFO - failed
2026-09-25 14:59:42,183 - __main__ - INFO - 9
2026-09-25 14:59:42,208 - __main__ - INFO - failed
2026-09-25 14:59:42,208 - __main__ - INFO - 32
2026-09-25 14:59:42,208 - __main__ - INFO - failed
2026-09-25 14:59:42,209 - __main__ - INFO - 10
2026-09-25 14:59:42,234 - __main__ - INFO - failed
2026-09-25 14:59:42,235 - __main__ - INFO - failed
2026-09-25 14:59:42,235 - __main__ - INFO - 33
2026-09-25 14:59:42,235 - __main__ - INFO - 11
2026-09-25 14:59:42,261 - __main__ - INFO - failed
2026-09-25 14:59:42,261 - __main__ - INFO - 34
2026-09-25 14:59:42,262 - __main__ - INFO - failed
2026-09-25 14:59:42,262 - __main__ - INFO - 12
2026-09-25 14:59:42,288 - __main__ - INFO - failed
2026-09-25 14:59:42,288 - __main__ - INFO - failed
2026-09-25 14:59:42,288 - __main__ - INFO - 0
2026-09-25 14:59:42,288 - __main__ - INFO - 13
2026-09-25 14:59:42,314 - __main__ - INFO - failed
2026-09-25 14:59:42,314 - __main__ - INFO - 1
2026-09-25 14:59:42,315 - __main__ - INFO - failed
2026-09-25 14:59:42,315 - __main__ - INFO - 14
2026-09-25 14:59:42,340 - __main__ - INFO - failed
2026-09-25 14:59:42,340 - __main__ - INFO - failed
2026-09-25 14:59:42,340 - __main__ - INFO - 2
2026-09-25 14:59:42,340 - __main__ - INFO - 15
2026-09-25 14:59:42,366 - __main__ - INFO - failed
2026-09-25 14:59:42,366 - __main__ - INFO - failed
2026-09-25 14:59:42,366 - __main__ - INFO - 3
2026-09-25 14:59:42,366 - __main__ - INFO - 16
2026-09-25 14:59:42,393 - __main__ - INFO - failed
2026-09-25 14:59:42,393 - __main__ - INFO - failed
2026-09-25 14:59:42,394 - __main__ - INFO - 4
2026-09-25 14:59:42,394 - __main__ - INFO - 17
2026-09-25 14:59:42,419 - __main__ - INFO - failed
2026-09-25 14:59:42,420 - __main__ - INFO - failed
2026-09-25 14:59:42,420 - __main__ - INFO - 5
2026-09-25 14:59:42,420 - __main__ - INFO - 18
2026-09-25 14:59:42,445 - __main__ - INFO - failed
2026-09-25 14:59:42,445 - __main__ - INFO - 6
2026-09-25 14:59:42,446 - __main__ - INFO - failed
2026-09-25 14:59:42,446 - __main__ - INFO - 19
2026-09-25 14:59:42,471 - __main__ - INFO - failed
2026-09-25 14:59:42,471 - __main__ - INFO - 7
2026-09-25 14:59:42,472 - __main__ - INFO - failed
2026-09-25 14:59:42,472 - __main__ - INFO - 20
2026-09-25 14:59:42,497 - __main__ - INFO - failed
2026-09-25 14:59:42,497 - __main__ - INFO - 8
2026-09-25 14:59:42,497 - __main__ - INFO - failed
2026-09-25 14:59:42,497 - __main__ - INFO - 21
2026-09-25 14:59:42,523 - __main__ - INFO - failed
2026-09-25 14:59:42,524 - __main__ - INFO - failed
2026-09-25 14:59:42,524 - __main__ - INFO - 9
2026-09-25 14:59:42,524 - __main__ - INFO - 22
2026-09-25 14:59:42,551 - __main__ - INFO - failed
2026-09-25 14:59:42,551 - __main__ - INFO - failed
2026-09-25 14:59:42,551 - __main__ - INFO - 10
2026-09-25 14:59:42,551 - __main__ - INFO - 23
2026-09-25 14:59:42,578 - __main__ - INFO - failed
2026-09-25 14:59:42,579 - __main__ - INFO - 24
2026-09-25 14:59:42,593 - __main__ - INFO - failed
2026-09-25 14:59:42,593 - __main__ - INFO - 25
2026-09-25 14:59:42,606 - __main__ - INFO - failed
2026-09-25 14:59:42,606 - __main__ - INFO - 26
2026-09-25 14:59:42,620 - __main__ - INFO - failed
2026-09-25 14:59:42,621 - __main__ - INFO - 27
2026-09-25 14:59:42,634 - __main__ - INFO - failed
2026-09-25 14:59:42,634 - __main__ - INFO - 28
2026-09-25 14:59:42,648 - __main__ - INFO - failed
2026-09-25 14:59:42,648 - __main__ - INFO - 29
2026-09-25 14:59:42,662 - __main__ - INFO - failed
2026-09-25 14:59:42,662 - __main__ - INFO - 30
2026-09-25 14:59:42,675 - __main__ - INFO - failed
2026-09-25 14:59:42,675 - __main__ - INFO - 31
2026-09-25 14:59:42,689 - __main__ - INFO - failed
2026-09-25 14:59:42,689 - __main__ - INFO - 32
2026-09-25 14:59:42,702 - __main__ - INFO - failed
2026-09-25 14:59:42,702 - __main__ - INFO - 33
2026-09-25 14:59:42,717 - __main__ - INFO - failed
2026-09-25 14:59:42,717 - __main__ - INFO - 34
2026-09-25 14:59:42,732 - __main__ - INFO - failed
2026-09-25 14:59:42,732 - __main__ - INFO - 0
2026-09-25 14:59:42,746 - __main__ - INFO - failed
2026-09-25 14:59:42,746 - __main__ - INFO - 1
2026-09-25 14:59:42,760 - __main__ - INFO - failed
2026-09-25 14:59:42,760 - __main__ - INFO - 2
2026-09-25 14:59:42,774 - __main__ - INFO - failed
2026-09-25 14:59:42,775 - __main__ - INFO - 3
2026-09-25 14:59:42,788 - __main__ - INFO - failed
2026-09-25 14:59:42,788 - __main__ - INFO - 4
2026-09-25 14:59:42,802 - __main__ - INFO - failed
2026-09-25 14:59:42,802 - __main__ - INFO - 5
2026-09-25 14:59:42,815 - __main__ - INFO - failed
2026-09-25 14:59:42,815 - __main__ - INFO - 6
2026-09-25 14:59:42,829 - __main__ - INFO - failed
2026-09-25 14:59:42,829 - __main__ - INFO - 7
2026-09-25 14:59:42,842 - __main__ - INFO - failed
2026-09-25 14:59:42,842 - __main__ - INFO - 8
2026-09-25 14:59:42,855 - __main__ - INFO - failed
2026-09-25 14:59:42,855 - __main__ - INFO - 9
2026-09-25 14:59:42,868 - __main__ - INFO - failed
2026-09-25 14:59:42,868 - __main__ - INFO - 10
2026-09-25 14:59:42,881 - __main__ - INFO - failed
2026-09-25 14:59:42,881 - __main__ - INFO - 11
2026-09-25 14:59:42,894 - __main__ - INFO - failed
2026-09-25 14:59:42,895 - __main__ - INFO - 12
2026-09-25 14:59:42,908 - __main__ - INFO - failed
2026-09-25 14:59:42,908 - __main__ - INFO - 13
2026-09-25 14:59:42,921 - __main__ - INFO - failed
2026-09-25 14:59:42,922 - __main__ - INFO - 14
2026-09-25 14:59:42,935 - __main__ - INFO - failed
2026-09-25 14:59:42,935 - __main__ - INFO - 15
2026-09-25 14:59:42,948 - __main__ - INFO - failed
2026-09-25 14:59:42,948 - __main__ - INFO - 16
2026-09-25 14:59:42,961 - __main__ - INFO - failed
2026-09-25 14:59:42,961 - __main__ - INFO - 17
2026-09-25 14:59:42,975 - __main__ - INFO - failed
2026-09-25 14:59:42,975 - __main__ - INFO - 18
2026-09-25 14:59:42,988 - __main__ - INFO - failed
2026-09-25 14:59:42,988 - __main__ - INFO - 19
2026-09-25 14:59:43,002 - __main__ - INFO - failed
2026-09-25 14:59:43,002 - __main__ - INFO - 20
2026-09-25 14:59:43,015 - __main__ - INFO - failed
2026-09-25 14:59:43,015 - __main__ - INFO - 21
2026-09-25 14:59:43,028 - __main__ - INFO - failed
2026-09-25 14:59:43,028 - __main__ - INFO - 22
2026-09-25 14:59:43,041 - __main__ - INFO - failed
2026-09-25 14:59:43,041 - __main__ - INFO - 23
2026-09-25 14:59:43,054 - __main__ - INFO - failed
2026-09-25 14:59:43,054 - __main__ - INFO - 24
2026-09-25 14:59:43,067 - __main__ - INFO - failed
2026-09-25 14:59:43,067 - __main__ - INFO - 25
2026-09-25 14:59:43,080 - __main__ - INFO - failed
2026-09-25 14:59:43,080 - __main__ - INFO - 26
2026-09-25 14:59:43,093 - __main__ - INFO - failed
2026-09-25 14:59:43,093 - __main__ - INFO - 27
2026-09-25 14:59:43,107 - __main__ - INFO - failed
2026-09-25 14:59:43,107 - __main__ - INFO - 28
2026-09-25 14:59:43,120 - __main__ - INFO - failed
2026-09-25 14:59:43,120 - __main__ - INFO - 29
2026-09-25 14:59:43,134 - __main__ - INFO - failed
2026-09-25 14:59:43,134 - __main__ - INFO - 30
2026-09-25 14:59:43,147 - __main__ - INFO - failed
2026-09-25 14:59:43,147 - __main__ - INFO - 31
2026-09-25 14:59:43,159 - __main__ - INFO - failed
2026-09-25 14:59:43,160 - __main__ - INFO - 32
2026-09-25 14:59:43,172 - __main__ - INFO - failed
2026-09-25 14:59:43,172 - __main__ - INFO - 33
2026-09-25 14:59:43,185 - __main__ - INFO - failed
2026-09-25 14:59:43,185 - __main__ - INFO - 34
2026-09-25 14:59:43,198 - __main__ - INFO - failed
2026-09-25 14:59:43,198 - __main__ - INFO - 0
2026-09-25 14:59:43,211 - __main__ - INFO - failed
2026-09-25 14:59:43,211 - __main__ - INFO - 1
2026-09-25 14:59:43,223 - __main__ - INFO - failed
2026-09-25 14:59:43,224 - __main__ - INFO - 2
2026-09-25 14:59:43,236 - __main__ - INFO - failed
2026-09-25 14:59:43,237 - __main__ - INFO - 3
2026-09-25 14:59:43,249 - __main__ - INFO - failed
2026-09-25 14:59:43,249 - __main__ - INFO - 4
2026-09-25 14:59:43,262 - __main__ - INFO - failed
2026-09-25 14:59:43,262 - __main__ - INFO - 5
2026-09-25 14:59:43,275 - __main__ - INFO - failed
2026-09-25 14:59:43,275 - __main__ - INFO - 6
2026-09-25 14:59:43,288 - __main__ - INFO - failed
2026-09-25 14:59:43,288 - __main__ - INFO - 7
2026-09-25 14:59:43,301 - __main__ - INFO - failed
2026-09-25 14:59:43,301 - __main__ - INFO - 8
2026-09-25 14:59:43,314 - __main__ - INFO - failed
2026-09-25 14:59:43,314 - __main__ - INFO - 9
2026-09-25 14:59:43,327 - __main__ - INFO - failed
2026-09-25 14:59:43,327 - __main__ - INFO - 10
2026-09-25 14:59:43,340 - __main__ - INFO - failed
2026-09-25 14:59:43,340 - __main__ - INFO - 11
2026-09-25 14:59:43,353 - __main__ - INFO - failed
2026-09-25 14:59:43,353 - __main__ - INFO - 12
2026-09-25 14:59:43,366 - __main__ - INFO - failed
2026-09-25 14:59:43,366 - __main__ - INFO - 13
2026-09-25 14:59:43,379 - __main__ - INFO - failed
2026-09-25 14:59:43,379 - __main__ - INFO - 14
2026-09-25 14:59:43,392 - __main__ - INFO - failed
2026-09-25 14:59:43,392 - __main__ - INFO - 15
2026-09-25 14:59:43,404 - __main__ - INFO - failed
2026-09-25 14:59:43,405 - __main__ - INFO - 16
2026-09-25 14:59:43,418 - __main__ - INFO - failed
2026-09-25 14:59:43,418 - __main__ - INFO - 17
2026-09-25 14:59:43,431 - __main__ - INFO - failed
2026-09-25 14:59:43,431 - __main__ - INFO - 18
2026-09-25 14:59:43,445 - __main__ - INFO - failed
2026-09-25 14:59:43,445 - __main__ - INFO - 19
2026-09-25 14:59:43,458 - __main__ - INFO - failed
2026-09-25 14:59:43,459 - __main__ - INFO - 20
2026-09-25 14:59:43,472 - __main__ - INFO - failed
2026-09-25 14:59:43,472 - __main__ - INFO - 21
2026-09-25 14:59:43,486 - __main__ - INFO - failed
2026-09-25 14:59:43,486 - __main__ - INFO - 22
2026-09-25 14:59:43,499 - __main__ - INFO - failed
2026-09-25 14:59:43,499 - __main__ - INFO - 23
2026-09-25 14:59:43,511 - __main__ - INFO - failed
2026-09-25 14:59:43,512 - __main__ - INFO - 24
2026-09-25 14:59:43,524 - __main__ - INFO - failed
2026-09-25 14:59:43,524 - __main__ - INFO - 25
2026-09-25 14:59:43,537 - __main__ - INFO - failed
2026-09-25 14:59:43,537 - __main__ - INFO - 26
2026-09-25 14:59:43,549 - __main__ - INFO - failed
2026-09-25 14:59:43,549 - __main__ - INFO - 27
2026-09-25 14:59:43,561 - __main__ - INFO - failed
2026-09-25 14:59:43,561 - __main__ - INFO - 28
2026-09-25 14:59:43,573 - __main__ - INFO - failed
2026-09-25 14:59:43,573 - __main__ - INFO - 29
2026-09-25 14:59:43,586 - __main__ - INFO - failed
2026-09-25 14:59:43,586 - __main__ - INFO - 30
2026-09-25 14:59:43,598 - __main__ - INFO - failed
2026-09-25 14:59:43,598 - __main__ - INFO - 31
2026-09-25 14:59:43,610 - __main__ - INFO - failed
2026-09-25 14:59:43,610 - __main__ - INFO - 32
2026-09-25 14:59:43,623 - __main__ - INFO - failed
2026-09-25 14:59:43,623 - __main__ - INFO - 33
2026-09-25 14:59:43,635 - __main__ - INFO - failed
2026-09-25 14:59:43,635 - __main__ - INFO - 34
2026-09-25 14:59:43,648 - __main__ - INFO - failed
2026-09-25 14:59:43,648 - __main__ - INFO - 0
2026-09-25 14:59:43,660 - __main__ - INFO - failed
2026-09-25 14:59:43,660 - __main__ - INFO - 1
2026-09-25 14:59:43,673 - __main__ - INFO - failed
2026-09-25 14:59:43,673 - __main__ - INFO - 2
2026-09-25 14:59:43,685 - __main__ - INFO - failed
2026-09-25 14:59:43,685 - __main__ - INFO - 3
2026-09-25 14:59:43,697 - __main__ - INFO - failed
2026-09-25 14:59:43,697 - __main__ - INFO - 4
2026-09-25 14:59:43,709 - __main__ - INFO - failed
2026-09-25 14:59:43,709 - __main__ - INFO - 5
2026-09-25 14:59:43,722 - __main__ - INFO - failed
2026-09-25 14:59:43,722 - __main__ - INFO - 6
2026-09-25 14:59:43,746 - __main__ - INFO - failed
2026-09-25 14:59:43,746 - __main__ - INFO - 7
2026-09-25 14:59:43,746 - __main__ - INFO - failed
2026-09-25 14:59:43,746 - __main__ - INFO - 12
2026-09-25 14:59:43,758 - __main__ - INFO - failed
2026-09-25 14:59:43,758 - __main__ - INFO - 8
2026-09-25 14:59:43,783 - __main__ - INFO - failed
2026-09-25 14:59:43,783 - __main__ - INFO - failed
2026-09-25 14:59:43,783 - __main__ - INFO - 13
2026-09-25 14:59:43,783 - __main__ - INFO - 9
2026-09-25 14:59:43,808 - __main__ - INFO - failed
2026-09-25 14:59:43,809 - __main__ - INFO - failed
2026-09-25 14:59:43,809 - __main__ - INFO - 14
2026-09-25 14:59:43,809 - __main__ - INFO - 10
2026-09-25 14:59:43,834 - __main__ - INFO - failed
2026-09-25 14:59:43,834 - __main__ - INFO - 15
2026-09-25 14:59:43,834 - __main__ - INFO - failed
2026-09-25 14:59:43,834 - __main__ - INFO - 11
2026-09-25 14:59:43,847 - __main__ - INFO - failed
2026-09-25 14:59:43,859 - __main__ - INFO - 16
2026-09-25 14:59:43,859 - __main__ - INFO - failed
2026-09-25 14:59:43,871 - __main__ - INFO - 12
2026-09-25 14:59:43,872 - __main__ - INFO - failed
2026-09-25 14:59:43,884 - __main__ - INFO - 17
2026-09-25 14:59:43,884 - __main__ - INFO - failed
2026-09-25 14:59:43,896 - __main__ - INFO - 13
2026-09-25 14:59:43,896 - __main__ - INFO - failed
2026-09-25 14:59:43,897 - __main__ - INFO - 18
2026-09-25 14:59:43,920 - __main__ - INFO - failed
2026-09-25 14:59:43,921 - __main__ - INFO - failed
2026-09-25 14:59:43,921 - __main__ - INFO - 14
2026-09-25 14:59:43,921 - __main__ - INFO - 19
2026-09-25 14:59:43,945 - __main__ - INFO - failed
2026-09-25 14:59:43,945 - __main__ - INFO - 15
2026-09-25 14:59:43,946 - __main__ - INFO - failed
2026-09-25 14:59:43,946 - __main__ - INFO - 20
2026-09-25 14:59:43,969 - __main__ - INFO - failed
2026-09-25 14:59:43,970 - __main__ - INFO - 16
2026-09-25 14:59:43,970 - __main__ - INFO - failed
2026-09-25 14:59:43,970 - __main__ - INFO - 21
2026-09-25 14:59:43,994 - __main__ - INFO - failed
2026-09-25 14:59:43,994 - __main__ - INFO - 17
2026-09-25 14:59:43,994 - __main__ - INFO - failed
2026-09-25 14:59:43,994 - __main__ - INFO - 22
2026-09-25 14:59:44,007 - __main__ - INFO - failed
2026-09-25 14:59:44,018 - __main__ - INFO - 18
2026-09-25 14:59:44,019 - __main__ - INFO - failed
2026-09-25 14:59:44,019 - __main__ - INFO - 23
2026-09-25 14:59:44,043 - __main__ - INFO - failed
2026-09-25 14:59:44,043 - __main__ - INFO - 19
2026-09-25 14:59:44,043 - __main__ - INFO - failed
2026-09-25 14:59:44,043 - __main__ - INFO - 24
2026-09-25 14:59:44,067 - __main__ - INFO - failed
2026-09-25 14:59:44,067 - __main__ - INFO - 20
2026-09-25 14:59:44,068 - __main__ - INFO - failed
2026-09-25 14:59:44,080 - __main__ - INFO - 25
2026-09-25 14:59:44,080 - __main__ - INFO - failed
2026-09-25 14:59:44,092 - __main__ - INFO - 21
2026-09-25 14:59:44,093 - __main__ - INFO - failed
2026-09-25 14:59:44,093 - __main__ - INFO - 26
2026-09-25 14:59:44,117 - __main__ - INFO - failed
2026-09-25 14:59:44,117 - __main__ - INFO - failed
2026-09-25 14:59:44,118 - __main__ - INFO - 22
2026-09-25 14:59:44,118 - __main__ - INFO - 27
2026-09-25 14:59:44,142 - __main__ - INFO - failed
2026-09-25 14:59:44,142 - __main__ - INFO - failed
2026-09-25 14:59:44,142 - __main__ - INFO - 28
2026-09-25 14:59:44,142 - __main__ - INFO - 23
2026-09-25 14:59:44,166 - __main__ - INFO - failed
2026-09-25 14:59:44,167 - __main__ - INFO - failed
2026-09-25 14:59:44,167 - __main__ - INFO - 24
2026-09-25 14:59:44,167 - __main__ - INFO - 29
2026-09-25 14:59:44,191 - __main__ - INFO - failed
2026-09-25 14:59:44,192 - __main__ - INFO - failed
2026-09-25 14:59:44,192 - __main__ - INFO - 30
2026-09-25 14:59:44,192 - __main__ - INFO - 25
2026-09-25 14:59:44,216 - __main__ - INFO - failed
2026-09-25 14:59:44,216 - __main__ - INFO - failed
2026-09-25 14:59:44,217 - __main__ - INFO - 26
2026-09-25 14:59:44,217 - __main__ - INFO - 31
2026-09-25 14:59:44,241 - __main__ - INFO - failed
2026-09-25 14:59:44,241 - __main__ - INFO - failed
2026-09-25 14:59:44,241 - __main__ - INFO - 32
2026-09-25 14:59:44,241 - __main__ - INFO - 27
2026-09-25 14:59:44,266 - __main__ - INFO - failed
2026-09-25 14:59:44,266 - __main__ - INFO - failed
2026-09-25 14:59:44,266 - __main__ - INFO - 33
2026-09-25 14:59:44,266 - __main__ - INFO - 28
2026-09-25 14:59:44,290 - __main__ - INFO - failed
2026-09-25 14:59:44,291 - __main__ - INFO - failed
2026-09-25 14:59:44,291 - __main__ - INFO - 29
2026-09-25 14:59:44,291 - __main__ - INFO - 34
2026-09-25 14:59:44,305 - __main__ - INFO - failed
2026-09-25 14:59:44,316 - __main__ - INFO - 30
2026-09-25 14:59:44,317 - __main__ - INFO - failed
2026-09-25 14:59:44,317 - __main__ - INFO - 0
2026-09-25 14:59:44,341 - __main__ - INFO - failed
2026-09-25 14:59:44,341 - __main__ - INFO - failed
2026-09-25 14:59:44,341 - __main__ - INFO - 31
2026-09-25 14:59:44,341 - __main__ - INFO - 1
2026-09-25 14:59:44,365 - __main__ - INFO - failed
2026-09-25 14:59:44,366 - __main__ - INFO - failed
2026-09-25 14:59:44,366 - __main__ - INFO - 32
2026-09-25 14:59:44,366 - __main__ - INFO - 2
2026-09-25 14:59:44,390 - __main__ - INFO - failed
2026-09-25 14:59:44,391 - __main__ - INFO - failed
2026-09-25 14:59:44,391 - __main__ - INFO - 33
2026-09-25 14:59:44,391 - __main__ - INFO - 3
2026-09-25 14:59:44,415 - __main__ - INFO - failed
2026-09-25 14:59:44,415 - __main__ - INFO - failed
2026-09-25 14:59:44,415 - __main__ - INFO - 34
2026-09-25 14:59:44,415 - __main__ - INFO - 4
2026-09-25 14:59:44,440 - __main__ - INFO - failed
2026-09-25 14:59:44,440 - __main__ - INFO - failed
2026-09-25 14:59:44,440 - __main__ - INFO - 5
2026-09-25 14:59:44,440 - __main__ - INFO - 0
2026-09-25 14:59:44,464 - __main__ - INFO - failed
2026-09-25 14:59:44,465 - __main__ - INFO - failed
2026-09-25 14:59:44,465 - __main__ - INFO - 1
2026-09-25 14:59:44,465 - __main__ - INFO - 6
2026-09-25 14:59:44,489 - __main__ - INFO - failed
2026-09-25 14:59:44,489 - __main__ - INFO - failed
2026-09-25 14:59:44,489 - __main__ - INFO - 7
2026-09-25 14:59:44,489 - __main__ - INFO - 2
2026-09-25 14:59:44,513 - __main__ - INFO - failed
2026-09-25 14:59:44,513 - __main__ - INFO - 3
2026-09-25 14:59:44,514 - __main__ - INFO - failed
2026-09-25 14:59:44,514 - __main__ - INFO - 8
2026-09-25 14:59:44,538 - __main__ - INFO - failed
2026-09-25 14:59:44,538 - __main__ - INFO - 4
2026-09-25 14:59:44,538 - __main__ - INFO - failed
2026-09-25 14:59:44,538 - __main__ - INFO - 9
2026-09-25 14:59:44,562 - __main__ - INFO - failed
2026-09-25 14:59:44,562 - __main__ - INFO - failed
2026-09-25 14:59:44,562 - __main__ - INFO - 5
2026-09-25 14:59:44,563 - __main__ - INFO - 10
2026-09-25 14:59:44,586 - __main__ - INFO - failed
2026-09-25 14:59:44,587 - __main__ - INFO - failed
2026-09-25 14:59:44,587 - __main__ - INFO - 6
2026-09-25 14:59:44,587 - __main__ - INFO - 11
2026-09-25 14:59:44,611 - __main__ - INFO - failed
2026-09-25 14:59:44,611 - __main__ - INFO - 7
2026-09-25 14:59:44,612 - __main__ - INFO - failed
2026-09-25 14:59:44,612 - __main__ - INFO - 12
2026-09-25 14:59:44,635 - __main__ - INFO - failed
2026-09-25 14:59:44,636 - __main__ - INFO - 8
2026-09-25 14:59:44,636 - __main__ - INFO - failed
2026-09-25 14:59:44,636 - __main__ - INFO - 13
2026-09-25 14:59:44,660 - __main__ - INFO - failed
2026-09-25 14:59:44,660 - __main__ - INFO - failed
2026-09-25 14:59:44,660 - __main__ - INFO - 9
2026-09-25 14:59:44,661 - __main__ - INFO - 14
2026-09-25 14:59:44,685 - __main__ - INFO - failed
2026-09-25 14:59:44,685 - __main__ - INFO - failed
2026-09-25 14:59:44,685 - __main__ - INFO - 10
2026-09-25 14:59:44,685 - __main__ - INFO - 15
2026-09-25 14:59:44,709 - __main__ - INFO - failed
2026-09-25 14:59:44,709 - __main__ - INFO - 11
2026-09-25 14:59:44,710 - __main__ - INFO - failed
2026-09-25 14:59:44,710 - __main__ - INFO - 16
2026-09-25 14:59:44,734 - __main__ - INFO - failed
2026-09-25 14:59:44,734 - __main__ - INFO - 12
2026-09-25 14:59:44,734 - __main__ - INFO - failed
2026-09-25 14:59:44,734 - __main__ - INFO - 17
2026-09-25 14:59:44,758 - __main__ - INFO - failed
2026-09-25 14:59:44,758 - __main__ - INFO - 13
2026-09-25 14:59:44,758 - __main__ - INFO - failed
2026-09-25 14:59:44,759 - __main__ - INFO - 18
2026-09-25 14:59:44,782 - __main__ - INFO - failed
2026-09-25 14:59:44,783 - __main__ - INFO - failed
2026-09-25 14:59:44,783 - __main__ - INFO - 14
2026-09-25 14:59:44,783 - __main__ - INFO - 19
2026-09-25 14:59:44,808 - __main__ - INFO - failed
2026-09-25 14:59:44,808 - __main__ - INFO - 15
2026-09-25 14:59:44,809 - __main__ - INFO - failed
2026-09-25 14:59:44,809 - __main__ - INFO - 20
2026-09-25 14:59:44,832 - __main__ - INFO - failed
2026-09-25 14:59:44,832 - __main__ - INFO - 16
2026-09-25 14:59:44,833 - __main__ - INFO - failed
2026-09-25 14:59:44,833 - __main__ - INFO - 21
2026-09-25 14:59:44,857 - __main__ - INFO - failed
2026-09-25 14:59:44,857 - __main__ - INFO - 17
2026-09-25 14:59:44,857 - __main__ - INFO - failed
2026-09-25 14:59:44,857 - __main__ - INFO - 22
2026-09-25 14:59:44,881 - __main__ - INFO - failed
2026-09-25 14:59:44,881 - __main__ - INFO - 18
2026-09-25 14:59:44,882 - __main__ - INFO - failed
2026-09-25 14:59:44,882 - __main__ - INFO - 23
2026-09-25 14:59:44,906 - __main__ - INFO - failed
2026-09-25 14:59:44,906 - __main__ - INFO - 19
2026-09-25 14:59:44,906 - __main__ - INFO - failed
2026-09-25 14:59:44,906 - __main__ - INFO - 24
2026-09-25 14:59:44,931 - __main__ - INFO - failed
2026-09-25 14:59:44,931 - __main__ - INFO - 20
2026-09-25 14:59:44,931 - __main__ - INFO - failed
2026-09-25 14:59:44,931 - __main__ - INFO - 25
2026-09-25 14:59:44,955 - __main__ - INFO - failed
2026-09-25 14:59:44,955 - __main__ - INFO - failed
2026-09-25 14:59:44,956 - __main__ - INFO - 21
2026-09-25 14:59:44,956 - __main__ - INFO - 26
2026-09-25 14:59:44,979 - __main__ - INFO - failed
2026-09-25 14:59:44,980 - __main__ - INFO - 22
2026-09-25 14:59:44,980 - __main__ - INFO - failed
2026-09-25 14:59:44,980 - __main__ - INFO - 27
2026-09-25 14:59:45,004 - __main__ - INFO - failed
2026-09-25 14:59:45,005 - __main__ - INFO - 23
2026-09-25 14:59:45,017 - __main__ - INFO - failed
2026-09-25 14:59:45,017 - __main__ - INFO - 24
2026-09-25 14:59:45,030 - __main__ - INFO - failed
2026-09-25 14:59:45,030 - __main__ - INFO - 25
2026-09-25 14:59:45,042 - __main__ - INFO - failed
2026-09-25 14:59:45,042 - __main__ - INFO - 26
2026-09-25 14:59:45,055 - __main__ - INFO - failed
2026-09-25 14:59:45,055 - __main__ - INFO - 27
2026-09-25 14:59:45,067 - __main__ - INFO - failed
2026-09-25 14:59:45,067 - __main__ - INFO - 28
2026-09-25 14:59:45,079 - __main__ - INFO - failed
2026-09-25 14:59:45,080 - __main__ - INFO - 29
2026-09-25 14:59:45,092 - __main__ - INFO - failed
2026-09-25 14:59:45,092 - __main__ - INFO - 30
2026-09-25 14:59:45,104 - __main__ - INFO - failed
2026-09-25 14:59:45,104 - __main__ - INFO - 31
2026-09-25 14:59:45,116 - __main__ - INFO - failed
2026-09-25 14:59:45,116 - __main__ - INFO - 32
2026-09-25 14:59:45,129 - __main__ - INFO - failed
2026-09-25 14:59:45,129 - __main__ - INFO - 33
2026-09-25 14:59:45,141 - __main__ - INFO - failed
2026-09-25 14:59:45,141 - __main__ - INFO - 34
2026-09-25 14:59:45,153 - __main__ - INFO - failed
2026-09-25 14:59:45,153 - __main__ - INFO - 0
2026-09-25 14:59:45,166 - __main__ - INFO - failed
2026-09-25 14:59:45,166 - __main__ - INFO - 1
2026-09-25 14:59:45,178 - __main__ - INFO - failed
2026-09-25 14:59:45,178 - __main__ - INFO - 2
2026-09-25 14:59:45,190 - __main__ - INFO - failed
2026-09-25 14:59:45,190 - __main__ - INFO - 3
2026-09-25 14:59:45,203 - __main__ - INFO - failed
2026-09-25 14:59:45,203 - __main__ - INFO - 4
2026-09-25 14:59:45,215 - __main__ - INFO - failed
2026-09-25 14:59:45,215 - __main__ - INFO - 5
2026-09-25 14:59:45,227 - __main__ - INFO - failed
2026-09-25 14:59:45,227 - __main__ - INFO - 6
2026-09-25 14:59:45,239 - __main__ - INFO - failed
2026-09-25 14:59:45,239 - __main__ - INFO - 7
2026-09-25 14:59:45,251 - __main__ - INFO - failed
2026-09-25 14:59:45,252 - __main__ - INFO - 8
2026-09-25 14:59:45,264 - __main__ - INFO - failed
2026-09-25 14:59:45,264 - __main__ - INFO - 9
2026-09-25 14:59:45,276 - __main__ - INFO - failed
2026-09-25 14:59:45,276 - __main__ - INFO - 10
2026-09-25 14:59:45,288 - __main__ - INFO - failed
2026-09-25 14:59:45,288 - __main__ - INFO - 11
2026-09-25 14:59:45,300 - __main__ - INFO - failed
2026-09-25 14:59:45,301 - __main__ - INFO - 12
2026-09-25 14:59:45,313 - __main__ - INFO - failed
2026-09-25 14:59:45,313 - __main__ - INFO - 13
2026-09-25 14:59:45,325 - __main__ - INFO - failed
2026-09-25 14:59:45,325 - __main__ - INFO - 14
2026-09-25 14:59:45,337 - __main__ - INFO - failed
2026-09-25 14:59:45,337 - __main__ - INFO - 15
2026-09-25 14:59:45,350 - __main__ - INFO - failed
2026-09-25 14:59:45,350 - __main__ - INFO - 16
2026-09-25 14:59:45,362 - __main__ - INFO - failed
2026-09-25 14:59:45,362 - __main__ - INFO - 17
2026-09-25 14:59:45,374 - __main__ - INFO - failed
2026-09-25 14:59:45,374 - __main__ - INFO - 18
2026-09-25 14:59:45,386 - __main__ - INFO - failed
2026-09-25 14:59:45,386 - __main__ - INFO - 19
2026-09-25 14:59:45,398 - __main__ - INFO - failed
2026-09-25 14:59:45,399 - __main__ - INFO - 20
2026-09-25 14:59:45,411 - __main__ - INFO - failed
2026-09-25 14:59:45,411 - __main__ - INFO - 21
2026-09-25 14:59:45,423 - __main__ - INFO - failed
2026-09-25 14:59:45,423 - __main__ - INFO - 22
2026-09-25 14:59:45,435 - __main__ - INFO - failed
2026-09-25 14:59:45,435 - __main__ - INFO - 23
2026-09-25 14:59:45,447 - __main__ - INFO - failed
2026-09-25 14:59:45,448 - __main__ - INFO - 24
2026-09-25 14:59:45,460 - __main__ - INFO - failed
2026-09-25 14:59:45,460 - __main__ - INFO - 25
2026-09-25 14:59:45,472 - __main__ - INFO - failed
2026-09-25 14:59:45,472 - __main__ - INFO - 26
2026-09-25 14:59:45,484 - __main__ - INFO - failed
2026-09-25 14:59:45,484 - __main__ - INFO - 27
2026-09-25 14:59:45,497 - __main__ - INFO - failed
2026-09-25 14:59:45,497 - __main__ - INFO - 28
2026-09-25 14:59:45,509 - __main__ - INFO - failed
2026-09-25 14:59:45,509 - __main__ - INFO - 29
2026-09-25 14:59:45,521 - __main__ - INFO - failed
2026-09-25 14:59:45,521 - __main__ - INFO - 30
2026-09-25 14:59:45,533 - __main__ - INFO - failed
2026-09-25 14:59:45,533 - __main__ - INFO - 31
2026-09-25 14:59:45,546 - __main__ - INFO - failed
2026-09-25 14:59:45,546 - __main__ - INFO - 32
2026-09-25 14:59:45,558 - __main__ - INFO - failed
2026-09-25 14:59:45,558 - __main__ - INFO - 33
2026-09-25 14:59:45,570 - __main__ - INFO - failed
2026-09-25 14:59:45,570 - __main__ - INFO - 34
2026-09-25 14:59:45,582 - __main__ - INFO - failed
2026-09-25 14:59:45,582 - __main__ - INFO - 0
2026-09-25 14:59:45,594 - __main__ - INFO - failed
2026-09-25 14:59:45,594 - __main__ - INFO - 1
2026-09-25 14:59:45,606 - __main__ - INFO - failed
2026-09-25 14:59:45,607 - __main__ - INFO - 2
2026-09-25 14:59:45,619 - __main__ - INFO - failed
2026-09-25 14:59:45,619 - __main__ - INFO - 3
2026-09-25 14:59:45,631 - __main__ - INFO - failed
2026-09-25 14:59:45,631 - __main__ - INFO - 4
2026-09-25 14:59:45,643 - __main__ - INFO - failed
2026-09-25 14:59:45,643 - __main__ - INFO - 5
2026-09-25 14:59:45,655 - __main__ - INFO - failed
2026-09-25 14:59:45,655 - __main__ - INFO - 6
2026-09-25 14:59:45,668 - __main__ - INFO - failed
2026-09-25 14:59:45,668 - __main__ - INFO - 7
2026-09-25 14:59:45,680 - __main__ - INFO - failed
2026-09-25 14:59:45,680 - __main__ - INFO - 8
2026-09-25 14:59:45,692 - __main__ - INFO - failed
2026-09-25 14:59:45,692 - __main__ - INFO - 9
2026-09-25 14:59:45,704 - __main__ - INFO - failed
2026-09-25 14:59:45,704 - __main__ - INFO - 10
2026-09-25 14:59:45,716 - __main__ - INFO - failed
2026-09-25 14:59:45,717 - __main__ - INFO - 11
2026-09-25 14:59:46,130 - __main__ - INFO - failed
2026-09-25 14:59:46,130 - __main__ - INFO - 29
2026-09-25 14:59:46,143 - __main__ - INFO - failed
2026-09-25 14:59:46,143 - __main__ - INFO - 30
2026-09-25 14:59:46,155 - __main__ - INFO - failed
2026-09-25 14:59:46,155 - __main__ - INFO - 31
2026-09-25 14:59:46,168 - __main__ - INFO - failed
2026-09-25 14:59:46,168 - __main__ - INFO - 32
2026-09-25 14:59:46,180 - __main__ - INFO - failed
2026-09-25 14:59:46,180 - __main__ - INFO - 33
2026-09-25 14:59:46,192 - __main__ - INFO - failed
2026-09-25 14:59:46,192 - __main__ - INFO - 34
2026-09-25 14:59:46,205 - __main__ - INFO - failed
2026-09-25 14:59:46,205 - __main__ - INFO - 0
2026-09-25 14:59:46,217 - __main__ - INFO - failed
2026-09-25 14:59:46,217 - __main__ - INFO - 1
2026-09-25 14:59:46,230 - __main__ - INFO - failed
2026-09-25 14:59:46,230 - __main__ - INFO - 2
2026-09-25 14:59:46,242 - __main__ - INFO - failed
2026-09-25 14:59:46,242 - __main__ - INFO - 3
2026-09-25 14:59:46,255 - __main__ - INFO - failed
2026-09-25 14:59:46,255 - __main__ - INFO - 4
2026-09-25 14:59:46,267 - __main__ - INFO - failed
2026-09-25 14:59:46,267 - __main__ - INFO - 5
2026-09-25 14:59:46,279 - __main__ - INFO - failed
2026-09-25 14:59:46,279 - __main__ - INFO - 6
2026-09-25 14:59:46,292 - __main__ - INFO - failed
2026-09-25 14:59:46,292 - __main__ - INFO - 7
2026-09-25 14:59:46,304 - __main__ - INFO - failed
2026-09-25 14:59:46,304 - __main__ - INFO - 8
2026-09-25 14:59:46,317 - __main__ - INFO - failed
2026-09-25 14:59:46,317 - __main__ - INFO - 9
2026-09-25 14:59:46,329 - __main__ - INFO - failed
2026-09-25 14:59:46,329 - __main__ - INFO - 10
2026-09-25 14:59:46,341 - __main__ - INFO - failed
2026-09-25 14:59:46,341 - __main__ - INFO - 11
2026-09-25 14:59:46,353 - __main__ - INFO - failed
2026-09-25 14:59:46,353 - __main__ - INFO - 12
2026-09-25 14:59:46,365 - __main__ - INFO - failed
2026-09-25 14:59:46,366 - __main__ - INFO - 13
2026-09-25 14:59:46,378 - __main__ - INFO - failed
2026-09-25 14:59:46,378 - __main__ - INFO - 14
2026-09-25 14:59:46,390 - __main__ - INFO - failed
2026-09-25 14:59:46,390 - __main__ - INFO - 15
2026-09-25 14:59:46,402 - __main__ - INFO - failed
2026-09-25 14:59:46,402 - __main__ - INFO - 16
2026-09-25 14:59:46,414 - __main__ - INFO - failed
2026-09-25 14:59:46,415 - __main__ - INFO - 17
2026-09-25 14:59:46,427 - __main__ - INFO - failed
2026-09-25 14:59:46,427 - __main__ - INFO - 18
2026-09-25 14:59:46,439 - __main__ - INFO - failed
2026-09-25 14:59:46,439 - __main__ - INFO - 19
2026-09-25 14:59:46,451 - __main__ - INFO - failed
2026-09-25 14:59:46,451 - __main__ - INFO - 20
2026-09-25 14:59:46,463 - __main__ - INFO - failed
2026-09-25 14:59:46,464 - __main__ - INFO - 21
2026-09-25 14:59:46,476 - __main__ - INFO - failed
2026-09-25 14:59:46,476 - __main__ - INFO - 22
2026-09-25 14:59:46,488 - __main__ - INFO - failed
2026-09-25 14:59:46,488 - __main__ - INFO - 23
2026-09-25 14:59:46,500 - __main__ - INFO - failed
2026-09-25 14:59:46,500 - __main__ - INFO - 24
2026-09-25 14:59:46,512 - __main__ - INFO - failed
2026-09-25 14:59:46,512 - __main__ - INFO - 25
2026-09-25 14:59:46,525 - __main__ - INFO - failed
2026-09-25 14:59:46,525 - __main__ - INFO - 26
2026-09-25 14:59:46,537 - __main__ - INFO - failed
2026-09-25 14:59:46,537 - __main__ - INFO - 27
2026-09-25 14:59:46,549 - __main__ - INFO - failed
2026-09-25 14:59:46,549 - __main__ - INFO - 28
2026-09-25 14:59:46,562 - __main__ - INFO - failed
2026-09-25 14:59:46,562 - __main__ - INFO - 29
2026-09-25 14:59:46,574 - __main__ - INFO - failed
2026-09-25 14:59:46,574 - __main__ - INFO - 30
2026-09-25 14:59:46,586 - __main__ - INFO - failed
2026-09-25 14:59:46,586 - __main__ - INFO - 31
2026-09-25 14:59:46,598 - __main__ - INFO - failed
2026-09-25 14:59:46,598 - __main__ - INFO - 32
2026-09-25 14:59:46,611 - __main__ - INFO - failed
2026-09-25 14:59:46,611 - __main__ - INFO - 33
2026-09-25 14:59:46,623 - __main__ - INFO - failed
2026-09-25 14:59:46,623 - __main__ - INFO - 34
2026-09-25 14:59:46,635 - __main__ - INFO - failed
2026-09-25 14:59:46,635 - __main__ - INFO - 0
2026-09-25 14:59:46,647 - __main__ - INFO - failed
2026-09-25 14:59:46,647 - __main__ - INFO - 1
2026-09-25 14:59:46,659 - __main__ - INFO - failed
2026-09-25 14:59:46,660 - __main__ - INFO - 2
2026-09-25 14:59:46,672 - __main__ - INFO - failed
2026-09-25 14:59:46,672 - __main__ - INFO - 3
2026-09-25 14:59:46,851 - __main__ - INFO - failed
2026-09-25 14:59:46,851 - __main__ - INFO - 13
2026-09-25 14:59:46,865 - __main__ - INFO - failed
2026-09-25 14:59:46,865 - __main__ - INFO - 14
2026-09-25 14:59:46,878 - __main__ - INFO - failed
2026-09-25 14:59:46,878 - __main__ - INFO - 15
2026-09-25 14:59:46,892 - __main__ - INFO - failed
2026-09-25 14:59:46,892 - __main__ - INFO - 16
2026-09-25 14:59:46,905 - __main__ - INFO - failed
2026-09-25 14:59:46,905 - __main__ - INFO - 17
2026-09-25 14:59:46,919 - __main__ - INFO - failed
2026-09-25 14:59:46,919 - __main__ - INFO - 18
2026-09-25 14:59:46,934 - __main__ - INFO - failed
2026-09-25 14:59:46,934 - __main__ - INFO - 19
2026-09-25 14:59:46,948 - __main__ - INFO - failed
2026-09-25 14:59:46,949 - __main__ - INFO - 20
2026-09-25 14:59:46,963 - __main__ - INFO - failed
2026-09-25 14:59:46,963 - __main__ - INFO - 21
2026-09-25 14:59:46,977 - __main__ - INFO - failed
2026-09-25 14:59:46,977 - __main__ - INFO - 22
2026-09-25 14:59:46,991 - __main__ - INFO - failed
2026-09-25 14:59:46,991 - __main__ - INFO - 23
2026-09-25 14:59:47,006 - __main__ - INFO - failed
2026-09-25 14:59:47,006 - __main__ - INFO - 24
2026-09-25 14:59:47,020 - __main__ - INFO - failed
2026-09-25 14:59:47,020 - __main__ - INFO - 25
2026-09-25 14:59:47,033 - __main__ - INFO - failed
2026-09-25 14:59:47,034 - __main__ - INFO - 26
2026-09-25 14:59:47,047 - __main__ - INFO - failed
2026-09-25 14:59:47,047 - __main__ - INFO - 27
2026-09-25 14:59:47,061 - __main__ - INFO - failed
2026-09-25 14:59:47,061 - __main__ - INFO - 28
2026-09-25 14:59:47,074 - __main__ - INFO - failed
2026-09-25 14:59:47,074 - __main__ - INFO - 29
2026-09-25 14:59:47,088 - __main__ - INFO - failed
2026-09-25 14:59:47,088 - __main__ - INFO - 30
2026-09-25 14:59:47,101 - __main__ - INFO - failed
2026-09-25 14:59:47,101 - __main__ - INFO - 31
2026-09-25 14:59:47,115 - __main__ - INFO - failed
2026-09-25 14:59:47,115 - __main__ - INFO - 32
2026-09-25 14:59:47,128 - __main__ - INFO - failed
2026-09-25 14:59:47,128 - __main__ - INFO - 33
2026-09-25 14:59:47,142 - __main__ - INFO - failed
2026-09-25 14:59:47,142 - __main__ - INFO - 34
2026-09-25 14:59:47,156 - __main__ - INFO - failed
2026-09-25 14:59:47,156 - __main__ - INFO - 0
2026-09-25 14:59:47,170 - __main__ - INFO - failed
2026-09-25 14:59:47,170 - __main__ - INFO - 1
2026-09-25 14:59:47,183 - __main__ - INFO - failed
2026-09-25 14:59:47,183 - __main__ - INFO - 2
2026-09-25 14:59:47,196 - __main__ - INFO - failed
2026-09-25 14:59:47,197 - __main__ - INFO - 3
2026-09-25 14:59:47,210 - __main__ - INFO - failed
2026-09-25 14:59:47,210 - __main__ - INFO - 4
2026-09-25 14:59:47,223 - __main__ - INFO - failed
2026-09-25 14:59:47,223 - __main__ - INFO - 5
2026-09-25 14:59:47,237 - __main__ - INFO - failed
2026-09-25 14:59:47,237 - __main__ - INFO - 6
2026-09-25 14:59:47,250 - __main__ - INFO - failed
2026-09-25 14:59:47,250 - __main__ - INFO - 7
2026-09-25 14:59:47,263 - __main__ - INFO - failed
2026-09-25 14:59:47,263 - __main__ - INFO - 8
2026-09-25 14:59:47,276 - __main__ - INFO - failed
2026-09-25 14:59:47,276 - __main__ - INFO - 9
2026-09-25 14:59:47,289 - __main__ - INFO - failed
2026-09-25 14:59:47,289 - __main__ - INFO - 10
2026-09-25 14:59:47,301 - __main__ - INFO - failed
2026-09-25 14:59:47,301 - __main__ - INFO - 11
2026-09-25 14:59:47,315 - __main__ - INFO - failed
2026-09-25 14:59:47,315 - __main__ - INFO - 12
2026-09-25 14:59:47,329 - __main__ - INFO - failed
2026-09-25 14:59:47,329 - __main__ - INFO - 13
2026-09-25 14:59:47,342 - __main__ - INFO - failed
2026-09-25 14:59:47,342 - __main__ - INFO - 14
2026-09-25 14:59:47,356 - __main__ - INFO - failed
2026-09-25 14:59:47,356 - __main__ - INFO - 15
2026-09-25 14:59:47,369 - __main__ - INFO - failed
2026-09-25 14:59:47,370 - __main__ - INFO - 16
2026-09-25 14:59:47,383 - __main__ - INFO - failed
2026-09-25 14:59:47,383 - __main__ - INFO - 17
2026-09-25 14:59:47,397 - __main__ - INFO - failed
2026-09-25 14:59:47,397 - __main__ - INFO - 18
2026-09-25 14:59:47,410 - __main__ - INFO - failed
2026-09-25 14:59:47,410 - __main__ - INFO - 19
2026-09-25 14:59:47,424 - __main__ - INFO - failed
2026-09-25 14:59:47,424 - __main__ - INFO - 20
2026-09-25 14:59:47,437 - __main__ - INFO - failed
2026-09-25 14:59:47,437 - __main__ - INFO - 21
2026-09-25 14:59:47,450 - __main__ - INFO - failed
2026-09-25 14:59:47,450 - __main__ - INFO - 22
2026-09-25 14:59:47,462 - __main__ - INFO - failed
2026-09-25 14:59:47,463 - __main__ - INFO - 23
2026-09-25 14:59:47,475 - __main__ - INFO - failed
2026-09-25 14:59:47,475 - __main__ - INFO - 24
2026-09-25 14:59:47,487 - __main__ - INFO - failed
2026-09-25 14:59:47,487 - __main__ - INFO - 25
2026-09-25 14:59:47,500 - __main__ - INFO - failed
2026-09-25 14:59:47,500 - __main__ - INFO - 26
2026-09-25 14:59:47,512 - __main__ - INFO - failed
2026-09-25 14:59:47,512 - __main__ - INFO - 27
2026-09-25 14:59:47,524 - __main__ - INFO - failed
2026-09-25 14:59:47,524 - __main__ - INFO - 28
2026-09-25 14:59:47,536 - __main__ - INFO - failed
2026-09-25 14:59:47,536 - __main__ - INFO - 29
2026-09-25 14:59:47,549 - __main__ - INFO - failed
2026-09-25 14:59:47,549 - __main__ - INFO - 30
2026-09-25 14:59:47,561 - __main__ - INFO - failed
2026-09-25 14:59:47,561 - __main__ - INFO - 31
2026-09-25 14:59:47,573 - __main__ - INFO - failed
2026-09-25 14:59:47,573 - __main__ - INFO - 32
2026-09-25 14:59:47,585 - __main__ - INFO - failed
2026-09-25 14:59:47,585 - __main__ - INFO - 33
2026-09-25 14:59:47,598 - __main__ - INFO - failed
2026-09-25 14:59:47,598 - __main__ - INFO - 34
2026-09-25 14:59:47,610 - __main__ - INFO - failed
2026-09-25 14:59:47,610 - __main__ - INFO - 0
2026-09-25 14:59:47,622 - __main__ - INFO - failed
2026-09-25 14:59:47,622 - __main__ - INFO - 1
2026-09-25 14:59:47,634 - __main__ - INFO - failed
2026-09-25 14:59:47,634 - __main__ - INFO - 2
2026-09-25 14:59:47,646 - __main__ - INFO - failed
2026-09-25 14:59:47,646 - __main__ - INFO - 3
2026-09-25 14:59:47,659 - __main__ - INFO - failed
2026-09-25 14:59:47,659 - __main__ - INFO - 4
2026-09-25 14:59:47,671 - __main__ - INFO - failed
2026-09-25 14:59:47,671 - __main__ - INFO - 5
2026-09-25 14:59:47,683 - __main__ - INFO - failed
2026-09-25 14:59:47,683 - __main__ - INFO - 6
2026-09-25 14:59:47,695 - __main__ - INFO - failed
2026-09-25 14:59:47,695 - __main__ - INFO - 7
2026-09-25 14:59:47,707 - __main__ - INFO - failed
2026-09-25 14:59:47,707 - __main__ - INFO - 8
2026-09-25 14:59:47,720 - __main__ - INFO - failed
2026-09-25 14:59:47,720 - __main__ - INFO - 9
2026-09-25 14:59:47,732 - __main__ - INFO - failed
2026-09-25 14:59:47,732 - __main__ - INFO - 10
2026-09-25 14:59:47,744 - __main__ - INFO - failed
2026-09-25 14:59:47,744 - __main__ - INFO - 11
2026-09-25 14:59:47,756 - __main__ - INFO - failed
2026-09-25 14:59:47,756 - __main__ - INFO - 12
2026-09-25 14:59:47,768 - __main__ - INFO - failed
2026-09-25 14:59:47,768 - __main__ - INFO - 13
2026-09-25 14:59:47,781 - __main__ - INFO - failed
2026-09-25 14:59:47,781 - __main__ - INFO - 14
2026-09-25 14:59:47,793 - __main__ - INFO - failed
2026-09-25 14:59:47,793 - __main__ - INFO - 15
2026-09-25 14:59:47,805 - __main__ - INFO - failed
2026-09-25 14:59:47,805 - __main__ - INFO - 16
2026-09-25 14:59:47,817 - __main__ - INFO - failed
2026-09-25 14:59:47,817 - __main__ - INFO - 17
2026-09-25 14:59:47,842 - __main__ - INFO - failed
2026-09-25 14:59:47,842 - __main__ - INFO - failed
2026-09-25 14:59:47,842 - __main__ - INFO - 18
2026-09-25 14:59:47,842 - __main__ - INFO - 5
2026-09-25 14:59:47,866 - __main__ - INFO - failed
2026-09-25 14:59:47,866 - __main__ - INFO - 19
2026-09-25 14:59:47,866 - __main__ - INFO - failed
2026-09-25 14:59:47,867 - __main__ - INFO - 6
2026-09-25 14:59:47,890 - __main__ - INFO - failed
2026-09-25 14:59:47,890 - __main__ - INFO - 20
2026-09-25 14:59:47,891 - __main__ - INFO - failed
2026-09-25 14:59:47,891 - __main__ - INFO - 7
2026-09-25 14:59:47,915 - __main__ - INFO - failed
2026-09-25 14:59:47,915 - __main__ - INFO - 21
2026-09-25 14:59:47,915 - __main__ - INFO - failed
2026-09-25 14:59:47,915 - __main__ - INFO - 8
2026-09-25 14:59:47,939 - __main__ - INFO - failed
2026-09-25 14:59:47,939 - __main__ - INFO - 22
2026-09-25 14:59:47,940 - __main__ - INFO - failed
2026-09-25 14:59:47,940 - __main__ - INFO - 9
2026-09-25 14:59:47,964 - __main__ - INFO - failed
2026-09-25 14:59:47,964 - __main__ - INFO - 23
2026-09-25 14:59:47,964 - __main__ - INFO - failed
2026-09-25 14:59:47,964 - __main__ - INFO - 10
2026-09-25 14:59:47,988 - __main__ - INFO - failed
2026-09-25 14:59:47,988 - __main__ - INFO - 24
2026-09-25 14:59:47,989 - __main__ - INFO - failed
2026-09-25 14:59:47,989 - __main__ - INFO - 11
2026-09-25 14:59:48,012 - __main__ - INFO - failed
2026-09-25 14:59:48,013 - __main__ - INFO - 25
2026-09-25 14:59:48,013 - __main__ - INFO - failed
2026-09-25 14:59:48,013 - __main__ - INFO - 12
2026-09-25 14:59:48,037 - __main__ - INFO - failed
2026-09-25 14:59:48,037 - __main__ - INFO - failed
2026-09-25 14:59:48,037 - __main__ - INFO - 26
2026-09-25 14:59:48,038 - __main__ - INFO - 13
2026-09-25 14:59:48,062 - __main__ - INFO - failed
2026-09-25 14:59:48,062 - __main__ - INFO - failed
2026-09-25 14:59:48,062 - __main__ - INFO - 27
2026-09-25 14:59:48,062 - __main__ - INFO - 14
2026-09-25 14:59:48,087 - __main__ - INFO - failed
2026-09-25 14:59:48,087 - __main__ - INFO - 28
2026-09-25 14:59:48,087 - __main__ - INFO - failed
2026-09-25 14:59:48,087 - __main__ - INFO - 15
2026-09-25 14:59:48,111 - __main__ - INFO - failed
2026-09-25 14:59:48,112 - __main__ - INFO - failed
2026-09-25 14:59:48,112 - __main__ - INFO - 29
2026-09-25 14:59:48,112 - __main__ - INFO - 16
2026-09-25 14:59:48,136 - __main__ - INFO - failed
2026-09-25 14:59:48,136 - __main__ - INFO - failed
2026-09-25 14:59:48,136 - __main__ - INFO - 30
2026-09-25 14:59:48,136 - __main__ - INFO - 17
2026-09-25 14:59:48,160 - __main__ - INFO - failed
2026-09-25 14:59:48,161 - __main__ - INFO - failed
2026-09-25 14:59:48,161 - __main__ - INFO - 31
2026-09-25 14:59:48,161 - __main__ - INFO - 18
2026-09-25 14:59:48,185 - __main__ - INFO - failed
2026-09-25 14:59:48,185 - __main__ - INFO - 32
2026-09-25 14:59:48,186 - __main__ - INFO - failed
2026-09-25 14:59:48,186 - __main__ - INFO - 19
2026-09-25 14:59:48,198 - __main__ - INFO - failed
2026-09-25 14:59:48,210 - __main__ - INFO - 33
2026-09-25 14:59:48,210 - __main__ - INFO - failed
2026-09-25 14:59:48,222 - __main__ - INFO - 20
2026-09-25 14:59:48,223 - __main__ - INFO - failed
2026-09-25 14:59:48,223 - __main__ - INFO - 34
2026-09-25 14:59:48,247 - __main__ - INFO - failed
2026-09-25 14:59:48,247 - __main__ - INFO - failed
2026-09-25 14:59:48,247 - __main__ - INFO - 21
2026-09-25 14:59:48,247 - __main__ - INFO - 0
2026-09-25 14:59:48,271 - __main__ - INFO - failed
2026-09-25 14:59:48,271 - __main__ - INFO - failed
2026-09-25 14:59:48,271 - __main__ - INFO - 22
2026-09-25 14:59:48,272 - __main__ - INFO - 1
2026-09-25 14:59:48,296 - __main__ - INFO - failed
2026-09-25 14:59:48,296 - __main__ - INFO - 23
2026-09-25 14:59:48,296 - __main__ - INFO - failed
2026-09-25 14:59:48,296 - __main__ - INFO - 2
2026-09-25 14:59:48,321 - __main__ - INFO - failed
2026-09-25 14:59:48,321 - __main__ - INFO - 24
2026-09-25 14:59:48,321 - __main__ - INFO - failed
2026-09-25 14:59:48,322 - __main__ - INFO - 3
2026-09-25 14:59:48,345 - __main__ - INFO - failed
2026-09-25 14:59:48,346 - __main__ - INFO - failed
2026-09-25 14:59:48,346 - __main__ - INFO - 25
2026-09-25 14:59:48,346 - __main__ - INFO - 4
2026-09-25 14:59:48,370 - __main__ - INFO - failed
2026-09-25 14:59:48,370 - __main__ - INFO - 26
2026-09-25 14:59:48,371 - __main__ - INFO - failed
2026-09-25 14:59:48,371 - __main__ - INFO - 5
2026-09-25 14:59:48,395 - __main__ - INFO - failed
2026-09-25 14:59:48,395 - __main__ - INFO - failed
2026-09-25 14:59:48,395 - __main__ - INFO - 27
2026-09-25 14:59:48,396 - __main__ - INFO - 6
2026-09-25 14:59:48,420 - __main__ - INFO - failed
2026-09-25 14:59:48,420 - __main__ - INFO - 28
2026-09-25 14:59:48,420 - __main__ - INFO - failed
2026-09-25 14:59:48,421 - __main__ - INFO - 7
2026-09-25 14:59:48,444 - __main__ - INFO - failed
2026-09-25 14:59:48,444 - __main__ - INFO - 29
2026-09-25 14:59:48,445 - __main__ - INFO - failed
2026-09-25 14:59:48,445 - __main__ - INFO - 8
2026-09-25 14:59:48,469 - __main__ - INFO - failed
2026-09-25 14:59:48,469 - __main__ - INFO - 30
2026-09-25 14:59:48,469 - __main__ - INFO - failed
2026-09-25 14:59:48,469 - __main__ - INFO - 9
2026-09-25 14:59:48,493 - __main__ - INFO - failed
2026-09-25 14:59:48,494 - __main__ - INFO - failed
2026-09-25 14:59:48,494 - __main__ - INFO - 31
2026-09-25 14:59:48,494 - __main__ - INFO - 10
2026-09-25 14:59:48,518 - __main__ - INFO - failed
2026-09-25 14:59:48,518 - __main__ - INFO - failed
2026-09-25 14:59:48,518 - __main__ - INFO - 32
2026-09-25 14:59:48,518 - __main__ - INFO - 11
2026-09-25 14:59:48,542 - __main__ - INFO - failed
2026-09-25 14:59:48,543 - __main__ - INFO - failed
2026-09-25 14:59:48,543 - __main__ - INFO - 33
2026-09-25 14:59:48,543 - __main__ - INFO - 12
2026-09-25 14:59:48,567 - __main__ - INFO - failed
2026-09-25 14:59:48,568 - __main__ - INFO - 34
2026-09-25 14:59:48,581 - __main__ - INFO - failed
2026-09-25 14:59:48,581 - __main__ - INFO - 0
2026-09-25 14:59:48,593 - __main__ - INFO - failed
2026-09-25 14:59:48,594 - __main__ - INFO - 1
2026-09-25 14:59:48,606 - __main__ - INFO - failed
2026-09-25 14:59:48,606 - __main__ - INFO - 2
2026-09-25 14:59:48,618 - __main__ - INFO - failed
2026-09-25 14:59:48,618 - __main__ - INFO - 3
2026-09-25 14:59:48,630 - __main__ - INFO - failed
2026-09-25 14:59:48,630 - __main__ - INFO - 4
2026-09-25 14:59:48,643 - __main__ - INFO - failed
2026-09-25 14:59:48,643 - __main__ - INFO - 5
2026-09-25 14:59:48,655 - __main__ - INFO - failed
2026-09-25 14:59:48,655 - __main__ - INFO - 6
2026-09-25 14:59:48,667 - __main__ - INFO - failed
2026-09-25 14:59:48,667 - __main__ - INFO - 7
2026-09-25 14:59:48,679 - __main__ - INFO - failed
2026-09-25 14:59:48,679 - __main__ - INFO - 8
2026-09-25 14:59:48,692 - __main__ - INFO - failed
2026-09-25 14:59:48,692 - __main__ - INFO - 9
2026-09-25 14:59:48,704 - __main__ - INFO - failed
2026-09-25 14:59:48,704 - __main__ - INFO - 10
2026-09-25 14:59:48,716 - __main__ - INFO - failed
2026-09-25 14:59:48,717 - __main__ - INFO - 11
2026-09-25 14:59:48,730 - __main__ - INFO - failed
2026-09-25 14:59:48,730 - __main__ - INFO - 12
2026-09-25 14:59:48,743 - __main__ - INFO - failed
2026-09-25 14:59:48,743 - __main__ - INFO - 13
2026-09-25 14:59:48,755 - __main__ - INFO - failed
2026-09-25 14:59:48,755 - __main__ - INFO - 14
2026-09-25 14:59:48,767 - __main__ - INFO - failed
2026-09-25 14:59:48,767 - __main__ - INFO - 15
2026-09-25 14:59:48,780 - __main__ - INFO - failed
2026-09-25 14:59:48,780 - __main__ - INFO - 16
2026-09-25 14:59:48,792 - __main__ - INFO - failed
2026-09-25 14:59:48,792 - __main__ - INFO - 17
2026-09-25 14:59:48,804 - __main__ - INFO - failed
2026-09-25 14:59:48,804 - __main__ - INFO - 18
2026-09-25 14:59:48,817 - __main__ - INFO - failed
2026-09-25 14:59:48,817 - __main__ - INFO - 19
2026-09-25 14:59:48,829 - __main__ - INFO - failed
2026-09-25 14:59:48,829 - __main__ - INFO - 20
2026-09-25 14:59:48,841 - __main__ - INFO - failed
2026-09-25 14:59:48,841 - __main__ - INFO - 21
2026-09-25 14:59:48,854 - __main__ - INFO - failed
2026-09-25 14:59:48,854 - __main__ - INFO - 22
2026-09-25 14:59:48,866 - __main__ - INFO - failed
2026-09-25 14:59:48,866 - __main__ - INFO - 23
2026-09-25 14:59:48,878 - __main__ - INFO - failed
2026-09-25 14:59:48,878 - __main__ - INFO - 24
2026-09-25 14:59:48,891 - __main__ - INFO - failed
2026-09-25 14:59:48,891 - __main__ - INFO - 25
2026-09-25 14:59:48,903 - __main__ - INFO - failed
2026-09-25 14:59:48,903 - __main__ - INFO - 26
2026-09-25 14:59:48,915 - __main__ - INFO - failed
2026-09-25 14:59:48,915 - __main__ - INFO - 27
2026-09-25 14:59:48,928 - __main__ - INFO - failed
2026-09-25 14:59:48,928 - __main__ - INFO - 28
2026-09-25 14:59:48,940 - __main__ - INFO - failed
2026-09-25 14:59:48,940 - __main__ - INFO - 29
2026-09-25 14:59:48,952 - __main__ - INFO - failed
2026-09-25 14:59:48,952 - __main__ - INFO - 30
2026-09-25 14:59:48,964 - __main__ - INFO - failed
2026-09-25 14:59:48,964 - __main__ - INFO - 31
2026-09-25 14:59:48,977 - __main__ - INFO - failed
2026-09-25 14:59:48,977 - __main__ - INFO - 32
2026-09-25 14:59:48,989 - __main__ - INFO - failed
2026-09-25 14:59:48,989 - __main__ - INFO - 33
2026-09-25 14:59:49,001 - __main__ - INFO - failed
2026-09-25 14:59:49,001 - __main__ - INFO - 34
2026-09-25 14:59:49,013 - __main__ - INFO - failed
2026-09-25 14:59:49,013 - __main__ - INFO - 0
2026-09-25 14:59:49,025 - __main__ - INFO - failed
2026-09-25 14:59:49,026 - __main__ - INFO - 1
2026-09-25 14:59:49,038 - __main__ - INFO - failed
2026-09-25 14:59:49,038 - __main__ - INFO - 2
2026-09-25 14:59:49,050 - __main__ - INFO - failed
2026-09-25 14:59:49,050 - __main__ - INFO - 3
2026-09-25 14:59:49,062 - __main__ - INFO - failed
2026-09-25 14:59:49,062 - __main__ - INFO - 4
2026-09-25 14:59:49,074 - __main__ - INFO - failed
2026-09-25 14:59:49,074 - __main__ - INFO - 5
2026-09-25 14:59:49,087 - __main__ - INFO - failed
2026-09-25 14:59:49,087 - __main__ - INFO - 6
2026-09-25 14:59:49,099 - __main__ - INFO - failed
2026-09-25 14:59:49,099 - __main__ - INFO - 7
2026-09-25 14:59:49,111 - __main__ - INFO - failed
2026-09-25 14:59:49,111 - __main__ - INFO - 8
2026-09-25 14:59:49,123 - __main__ - INFO - failed
2026-09-25 14:59:49,123 - __main__ - INFO - 9
2026-09-25 14:59:49,136 - __main__ - INFO - failed
2026-09-25 14:59:49,136 - __main__ - INFO - 10
2026-09-25 14:59:49,148 - __main__ - INFO - failed
2026-09-25 14:59:49,148 - __main__ - INFO - 11
2026-09-25 14:59:49,160 - __main__ - INFO - failed
2026-09-25 14:59:49,160 - __main__ - INFO - 12
2026-09-25 14:59:49,172 - __main__ - INFO - failed
2026-09-25 14:59:49,172 - __main__ - INFO - 13
2026-09-25 14:59:49,184 - __main__ - INFO - failed
2026-09-25 14:59:49,185 - __main__ - INFO - 14
2026-09-25 14:59:49,197 - __main__ - INFO - failed
2026-09-25 14:59:49,197 - __main__ - INFO - 15
2026-09-25 14:59:49,209 - __main__ - INFO - failed
2026-09-25 14:59:49,209 - __main__ - INFO - 16
2026-09-25 14:59:49,221 - __main__ - INFO - failed
2026-09-25 14:59:49,221 - __main__ - INFO - 17
2026-09-25 14:59:49,234 - __main__ - INFO - failed
2026-09-25 14:59:49,234 - __main__ - INFO - 18
2026-09-25 14:59:49,246 - __main__ - INFO - failed
2026-09-25 14:59:49,246 - __main__ - INFO - 19
2026-09-25 14:59:49,258 - __main__ - INFO - failed
2026-09-25 14:59:49,258 - __main__ - INFO - 20
2026-09-25 14:59:49,270 - __main__ - INFO - failed
2026-09-25 14:59:49,270 - __main__ - INFO - 21
2026-09-25 14:59:49,283 - __main__ - INFO - failed
2026-09-25 14:59:49,283 - __main__ - INFO - 22
2026-09-25 14:59:49,295 - __main__ - INFO - failed
2026-09-25 14:59:49,295 - __main__ - INFO - 23
2026-09-25 14:59:49,307 - __main__ - INFO - failed
2026-09-25 14:59:49,307 - __main__ - INFO - 24
2026-09-25 14:59:49,319 - __main__ - INFO - failed
2026-09-25 14:59:49,319 - __main__ - INFO - 25
2026-09-25 14:59:49,332 - __main__ - INFO - failed
2026-09-25 14:59:49,332 - __main__ - INFO - 26
2026-09-25 14:59:49,344 - __main__ - INFO - failed
2026-09-25 14:59:49,344 - __main__ - INFO - 27
2026-09-25 14:59:49,356 - __main__ - INFO - failed
2026-09-25 14:59:49,356 - __main__ - INFO - 28
2026-09-25 14:59:49,369 - __main__ - INFO - failed
2026-09-25 14:59:49,369 - __main__ - INFO - 29
2026-09-25 14:59:49,381 - __main__ - INFO - failed
2026-09-25 14:59:49,381 - __main__ - INFO - 30
2026-09-25 14:59:49,393 - __main__ - INFO - failed
2026-09-25 14:59:49,393 - __main__ - INFO - 31
2026-09-25 14:59:49,406 - __main__ - INFO - failed
2026-09-25 14:59:49,406 - __main__ - INFO - 32
2026-09-25 14:59:49,418 - __main__ - INFO - failed
2026-09-25 14:59:49,418 - __main__ - INFO - 33
2026-09-25 14:59:49,430 - __main__ - INFO - failed
2026-09-25 14:59:49,430 - __main__ - INFO - 34
2026-09-25 14:59:49,442 - __main__ - INFO - failed
2026-09-25 14:59:49,442 - __main__ - INFO - 0
2026-09-25 14:59:49,454 - __main__ - INFO - failed
2026-09-25 14:59:49,454 - __main__ - INFO - 1
2026-09-25 14:59:49,467 - __main__ - INFO - failed
2026-09-25 14:59:49,467 - __main__ - INFO - 2
2026-09-25 14:59:49,479 - __main__ - INFO - failed
2026-09-25 14:59:49,479 - __main__ - INFO - 3
2026-09-25 14:59:49,491 - __main__ - INFO - failed
2026-09-25 14:59:49,491 - __main__ - INFO - 4
2026-09-25 14:59:49,503 - __main__ - INFO - failed
2026-09-25 14:59:49,503 - __main__ - INFO - 5
2026-09-25 14:59:49,515 - __main__ - INFO - failed
2026-09-25 14:59:49,516 - __main__ - INFO - 6
2026-09-25 14:59:49,528 - __main__ - INFO - failed
2026-09-25 14:59:49,528 - __main__ - INFO - 7
2026-09-25 14:59:49,540 - __main__ - INFO - failed
2026-09-25 14:59:49,540 - __main__ - INFO - 8
2026-09-25 14:59:49,552 - __main__ - INFO - failed
2026-09-25 14:59:49,552 - __main__ - INFO - 9
2026-09-25 14:59:49,564 - __main__ - INFO - failed
2026-09-25 14:59:49,564 - __main__ - INFO - 10
2026-09-25 14:59:49,576 - __main__ - INFO - failed
2026-09-25 14:59:49,577 - __main__ - INFO - 11
2026-09-25 14:59:49,589 - __main__ - INFO - failed
2026-09-25 14:59:49,589 - __main__ - INFO - 12
2026-09-25 14:59:49,601 - __main__ - INFO - failed
2026-09-25 14:59:49,601 - __main__ - INFO - 13
2026-09-25 14:59:49,613 - __main__ - INFO - failed
2026-09-25 14:59:49,613 - __main__ - INFO - 14
2026-09-25 14:59:49,626 - __main__ - INFO - failed
2026-09-25 14:59:49,626 - __main__ - INFO - 15
2026-09-25 14:59:49,638 - __main__ - INFO - failed
2026-09-25 14:59:49,638 - __main__ - INFO - 16
2026-09-25 14:59:49,650 - __main__ - INFO - failed
2026-09-25 14:59:49,650 - __main__ - INFO - 17
2026-09-25 14:59:49,662 - __main__ - INFO - failed
2026-09-25 14:59:49,662 - __main__ - INFO - 18
2026-09-25 14:59:49,674 - __main__ - INFO - failed
2026-09-25 14:59:49,674 - __main__ - INFO - 19
2026-09-25 14:59:49,687 - __main__ - INFO - failed
2026-09-25 14:59:49,687 - __main__ - INFO - 20
2026-09-25 14:59:49,699 - __main__ - INFO - failed
2026-09-25 14:59:49,699 - __main__ - INFO - 21
2026-09-25 14:59:49,711 - __main__ - INFO - failed
2026-09-25 14:59:49,711 - __main__ - INFO - 22
2026-09-25 14:59:49,724 - __main__ - INFO - failed
2026-09-25 14:59:49,724 - __main__ - INFO - 23
2026-09-25 14:59:49,736 - __main__ - INFO - failed
2026-09-25 14:59:49,736 - __main__ - INFO - 24
2026-09-25 14:59:49,748 - __main__ - INFO - failed
2026-09-25 14:59:49,748 - __main__ - INFO - 25
2026-09-25 14:59:49,760 - __main__ - INFO - failed
2026-09-25 14:59:49,760 - __main__ - INFO - 26
2026-09-25 14:59:49,772 - __main__ - INFO - failed
2026-09-25 14:59:49,773 - __main__ - INFO - 27
2026-09-25 14:59:49,785 - __main__ - INFO - failed
2026-09-25 14:59:49,785 - __main__ - INFO - 28
2026-09-25 14:59:49,809 - __main__ - INFO - failed
2026-09-25 14:59:49,809 - __main__ - INFO - failed
2026-09-25 14:59:49,809 - __main__ - INFO - 14
2026-09-25 14:59:49,809 - __main__ - INFO - 29
2026-09-25 14:59:49,834 - __main__ - INFO - failed
2026-09-25 14:59:49,835 - __main__ - INFO - failed
2026-09-25 14:59:49,835 - __main__ - INFO - 30
2026-09-25 14:59:49,835 - __main__ - INFO - 15
2026-09-25 14:59:49,859 - __main__ - INFO - failed
2026-09-25 14:59:49,859 - __main__ - INFO - failed
2026-09-25 14:59:49,860 - __main__ - INFO - 31
2026-09-25 14:59:49,860 - __main__ - INFO - 16
2026-09-25 14:59:49,884 - __main__ - INFO - failed
2026-09-25 14:59:49,884 - __main__ - INFO - failed
2026-09-25 14:59:49,884 - __main__ - INFO - 17
2026-09-25 14:59:49,884 - __main__ - INFO - 32
2026-09-25 14:59:49,909 - __main__ - INFO - failed
2026-09-25 14:59:49,909 - __main__ - INFO - failed
2026-09-25 14:59:49,909 - __main__ - INFO - 18
2026-09-25 14:59:49,909 - __main__ - INFO - 33
2026-09-25 14:59:49,933 - __main__ - INFO - failed
2026-09-25 14:59:49,934 - __main__ - INFO - failed
2026-09-25 14:59:49,934 - __main__ - INFO - 34
2026-09-25 14:59:49,934 - __main__ - INFO - 19
2026-09-25 14:59:49,959 - __main__ - INFO - failed
2026-09-25 14:59:49,959 - __main__ - INFO - failed
2026-09-25 14:59:49,959 - __main__ - INFO - 20
2026-09-25 14:59:49,959 - __main__ - INFO - 0
2026-09-25 14:59:49,983 - __main__ - INFO - failed
2026-09-25 14:59:49,983 - __main__ - INFO - failed
2026-09-25 14:59:49,983 - __main__ - INFO - 21
2026-09-25 14:59:49,983 - __main__ - INFO - 1
2026-09-25 14:59:50,008 - __main__ - INFO - failed
2026-09-25 14:59:50,008 - __main__ - INFO - failed
2026-09-25 14:59:50,008 - __main__ - INFO - 2
2026-09-25 14:59:50,008 - __main__ - INFO - 22
2026-09-25 14:59:50,032 - __main__ - INFO - failed
2026-09-25 14:59:50,033 - __main__ - INFO - failed
2026-09-25 14:59:50,033 - __main__ - INFO - 23
2026-09-25 14:59:50,033 - __main__ - INFO - 3
2026-09-25 14:59:50,057 - __main__ - INFO - failed
2026-09-25 14:59:50,058 - __main__ - INFO - 4
2026-09-25 14:59:50,071 - __main__ - INFO - failed
2026-09-25 14:59:50,071 - __main__ - INFO - 5
2026-09-25 14:59:50,083 - __main__ - INFO - failed
2026-09-25 14:59:50,083 - __main__ - INFO - 6
2026-09-25 14:59:50,095 - __main__ - INFO - failed
2026-09-25 14:59:50,095 - __main__ - INFO - 7
2026-09-25 14:59:50,109 - __main__ - INFO - failed
2026-09-25 14:59:50,109 - __main__ - INFO - 8
2026-09-25 14:59:50,122 - __main__ - INFO - failed
2026-09-25 14:59:50,122 - __main__ - INFO - 9
2026-09-25 14:59:50,134 - __main__ - INFO - failed
2026-09-25 14:59:50,134 - __main__ - INFO - 10
2026-09-25 14:59:50,146 - __main__ - INFO - failed
2026-09-25 14:59:50,146 - __main__ - INFO - 11
2026-09-25 14:59:50,159 - __main__ - INFO - failed
2026-09-25 14:59:50,160 - __main__ - INFO - 12
2026-09-25 14:59:50,172 - __main__ - INFO - failed
2026-09-25 14:59:50,172 - __main__ - INFO - 13
2026-09-25 14:59:50,184 - __main__ - INFO - failed
2026-09-25 14:59:50,184 - __main__ - INFO - 14
2026-09-25 14:59:50,196 - __main__ - INFO - failed
2026-09-25 14:59:50,197 - __main__ - INFO - 15
2026-09-25 14:59:50,209 - __main__ - INFO - failed
2026-09-25 14:59:50,209 - __main__ - INFO - 16
2026-09-25 14:59:50,221 - __main__ - INFO - failed
2026-09-25 14:59:50,221 - __main__ - INFO - 17
2026-09-25 14:59:50,234 - __main__ - INFO - failed
2026-09-25 14:59:50,234 - __main__ - INFO - 18
2026-09-25 14:59:50,246 - __main__ - INFO - failed
2026-09-25 14:59:50,246 - __main__ - INFO - 19
2026-09-25 14:59:50,258 - __main__ - INFO - failed
2026-09-25 14:59:50,258 - __main__ - INFO - 20
2026-09-25 14:59:50,270 - __main__ - INFO - failed
2026-09-25 14:59:50,270 - __main__ - INFO - 21
2026-09-25 14:59:50,283 - __main__ - INFO - failed
2026-09-25 14:59:50,283 - __main__ - INFO - 22
2026-09-25 14:59:50,295 - __main__ - INFO - failed
2026-09-25 14:59:50,295 - __main__ - INFO - 23
2026-09-25 14:59:50,307 - __main__ - INFO - failed
2026-09-25 14:59:50,307 - __main__ - INFO - 24
2026-09-25 14:59:50,320 - __main__ - INFO - failed
2026-09-25 14:59:50,320 - __main__ - INFO - 25
2026-09-25 14:59:50,332 - __main__ - INFO - failed
2026-09-25 14:59:50,332 - __main__ - INFO - 26
2026-09-25 14:59:50,344 - __main__ - INFO - failed
2026-09-25 14:59:50,344 - __main__ - INFO - 27
2026-09-25 14:59:50,356 - __main__ - INFO - failed
2026-09-25 14:59:50,357 - __main__ - INFO - 28
2026-09-25 14:59:50,369 - __main__ - INFO - failed
2026-09-25 14:59:50,369 - __main__ - INFO - 29
2026-09-25 14:59:50,381 - __main__ - INFO - failed
2026-09-25 14:59:50,381 - __main__ - INFO - 30
2026-09-25 14:59:50,393 - __main__ - INFO - failed
2026-09-25 14:59:50,393 - __main__ - INFO - 31
2026-09-25 14:59:50,405 - __main__ - INFO - failed
2026-09-25 14:59:50,406 - __main__ - INFO - 32
2026-09-25 14:59:50,418 - __main__ - INFO - failed
2026-09-25 14:59:50,418 - __main__ - INFO - 33
2026-09-25 14:59:50,430 - __main__ - INFO - failed
2026-09-25 14:59:50,430 - __main__ - INFO - 34
2026-09-25 14:59:50,442 - __main__ - INFO - failed
2026-09-25 14:59:50,442 - __main__ - INFO - 0
2026-09-25 14:59:50,454 - __main__ - INFO - failed
2026-09-25 14:59:50,454 - __main__ - INFO - 1
2026-09-25 14:59:50,467 - __main__ - INFO - failed
2026-09-25 14:59:50,467 - __main__ - INFO - 2
2026-09-25 14:59:50,479 - __main__ - INFO - failed
2026-09-25 14:59:50,479 - __main__ - INFO - 3
2026-09-25 14:59:50,491 - __main__ - INFO - failed
2026-09-25 14:59:50,491 - __main__ - INFO - 4
2026-09-25 14:59:50,503 - __main__ - INFO - failed
2026-09-25 14:59:50,503 - __main__ - INFO - 5
2026-09-25 14:59:50,515 - __main__ - INFO - failed
2026-09-25 14:59:50,515 - __main__ - INFO - 6
2026-09-25 14:59:50,528 - __main__ - INFO - failed
2026-09-25 14:59:50,528 - __main__ - INFO - 7
2026-09-25 14:59:50,540 - __main__ - INFO - failed
2026-09-25 14:59:50,540 - __main__ - INFO - 8
2026-09-25 14:59:50,552 - __main__ - INFO - failed
2026-09-25 14:59:50,552 - __main__ - INFO - 9
2026-09-25 14:59:50,565 - __main__ - INFO - failed
2026-09-25 14:59:50,565 - __main__ - INFO - 10
2026-09-25 14:59:50,577 - __main__ - INFO - failed
2026-09-25 14:59:50,577 - __main__ - INFO - 11
2026-09-25 14:59:50,589 - __main__ - INFO - failed
2026-09-25 14:59:50,589 - __main__ - INFO - 12
2026-09-25 14:59:50,601 - __main__ - INFO - failed
2026-09-25 14:59:50,601 - __main__ - INFO - 13
2026-09-25 14:59:50,615 - __main__ - INFO - failed
2026-09-25 14:59:50,615 - __main__ - INFO - 14
2026-09-25 14:59:50,628 - __main__ - INFO - failed
2026-09-25 14:59:50,628 - __main__ - INFO - 15
2026-09-25 14:59:50,640 - __main__ - INFO - failed
2026-09-25 14:59:50,640 - __main__ - INFO - 16
2026-09-25 14:59:50,653 - __main__ - INFO - failed
2026-09-25 14:59:50,653 - __main__ - INFO - 17
2026-09-25 14:59:50,665 - __main__ - INFO - failed
2026-09-25 14:59:50,665 - __main__ - INFO - 18
2026-09-25 14:59:50,677 - __main__ - INFO - failed
2026-09-25 14:59:50,677 - __main__ - INFO - 19
2026-09-25 14:59:50,689 - __main__ - INFO - failed
2026-09-25 14:59:50,689 - __main__ - INFO - 20
2026-09-25 14:59:50,702 - __main__ - INFO - failed
2026-09-25 14:59:50,702 - __main__ - INFO - 21
2026-09-25 14:59:50,714 - __main__ - INFO - failed
2026-09-25 14:59:50,714 - __main__ - INFO - 22
2026-09-25 14:59:50,726 - __main__ - INFO - failed
2026-09-25 14:59:50,727 - __main__ - INFO - 23
2026-09-25 14:59:50,739 - __main__ - INFO - failed
2026-09-25 14:59:50,739 - __main__ - INFO - 24
2026-09-25 14:59:50,751 - __main__ - INFO - failed
2026-09-25 14:59:50,751 - __main__ - INFO - 25
2026-09-25 14:59:50,763 - __main__ - INFO - failed
2026-09-25 14:59:50,763 - __main__ - INFO - 26
2026-09-25 14:59:50,775 - __main__ - INFO - failed
2026-09-25 14:59:50,776 - __main__ - INFO - 27
2026-09-25 14:59:50,788 - __main__ - INFO - failed
2026-09-25 14:59:50,788 - __main__ - INFO - 28
2026-09-25 14:59:50,800 - __main__ - INFO - failed
2026-09-25 14:59:50,800 - __main__ - INFO - 29
2026-09-25 14:59:50,812 - __main__ - INFO - failed
2026-09-25 14:59:50,812 - __main__ - INFO - 30
2026-09-25 14:59:50,825 - __main__ - INFO - failed
2026-09-25 14:59:50,825 - __main__ - INFO - 31
2026-09-25 14:59:50,837 - __main__ - INFO - failed
2026-09-25 14:59:50,837 - __main__ - INFO - 32
2026-09-25 14:59:50,849 - __main__ - INFO - failed
2026-09-25 14:59:50,849 - __main__ - INFO - 33
2026-09-25 14:59:50,861 - __main__ - INFO - failed
2026-09-25 14:59:50,861 - __main__ - INFO - 34
2026-09-25 14:59:50,874 - __main__ - INFO - failed
2026-09-25 14:59:50,874 - __main__ - INFO - 0
2026-09-25 14:59:50,886 - __main__ - INFO - failed
2026-09-25 14:59:50,886 - __main__ - INFO - 1
2026-09-25 14:59:50,898 - __main__ - INFO - failed
2026-09-25 14:59:50,898 - __main__ - INFO - 2
2026-09-25 14:59:50,910 - __main__ - INFO - failed
2026-09-25 14:59:50,910 - __main__ - INFO - 3
2026-09-25 14:59:50,922 - __main__ - INFO - failed
2026-09-25 14:59:50,922 - __main__ - INFO - 4
2026-09-25 14:59:50,934 - __main__ - INFO - failed
2026-09-25 14:59:50,935 - __main__ - INFO - 5
2026-09-25 14:59:50,947 - __main__ - INFO - failed
2026-09-25 14:59:50,947 - __main__ - INFO - 6
2026-09-25 14:59:50,959 - __main__ - INFO - failed
2026-09-25 14:59:50,959 - __main__ - INFO - 7
2026-09-25 14:59:50,971 - __main__ - INFO - failed
2026-09-25 14:59:50,971 - __main__ - INFO - 8
2026-09-25 14:59:50,983 - __main__ - INFO - failed
2026-09-25 14:59:50,983 - __main__ - INFO - 9
2026-09-25 14:59:50,996 - __main__ - INFO - failed
2026-09-25 14:59:50,996 - __main__ - INFO - 10
2026-09-25 14:59:51,008 - __main__ - INFO - failed
2026-09-25 14:59:51,008 - __main__ - INFO - 11
2026-09-25 14:59:51,020 - __main__ - INFO - failed
2026-09-25 14:59:51,020 - __main__ - INFO - 12
2026-09-25 14:59:51,032 - __main__ - INFO - failed
2026-09-25 14:59:51,032 - __main__ - INFO - 13
2026-09-25 14:59:51,044 - __main__ - INFO - failed
2026-09-25 14:59:51,044 - __main__ - INFO - 14
2026-09-25 14:59:51,057 - __main__ - INFO - failed
2026-09-25 14:59:51,057 - __main__ - INFO - 15
2026-09-25 14:59:51,069 - __main__ - INFO - failed
2026-09-25 14:59:51,069 - __main__ - INFO - 16
2026-09-25 14:59:51,081 - __main__ - INFO - failed
2026-09-25 14:59:51,081 - __main__ - INFO - 17
2026-09-25 14:59:51,093 - __main__ - INFO - failed
2026-09-25 14:59:51,093 - __main__ - INFO - 18
2026-09-25 14:59:51,106 - __main__ - INFO - failed
2026-09-25 14:59:51,106 - __main__ - INFO - 19
2026-09-25 14:59:51,118 - __main__ - INFO - failed
2026-09-25 14:59:51,118 - __main__ - INFO - 20
2026-09-25 14:59:51,130 - __main__ - INFO - failed
2026-09-25 14:59:51,130 - __main__ - INFO - 21
2026-09-25 14:59:51,142 - __main__ - INFO - failed
2026-09-25 14:59:51,142 - __main__ - INFO - 22
2026-09-25 14:59:51,155 - __main__ - INFO - failed
2026-09-25 14:59:51,155 - __main__ - INFO - 23
2026-09-25 14:59:51,167 - __main__ - INFO - failed
2026-09-25 14:59:51,167 - __main__ - INFO - 24
2026-09-25 14:59:51,192 - __main__ - INFO - failed
2026-09-25 14:59:51,192 - __main__ - INFO - failed
2026-09-25 14:59:51,192 - __main__ - INFO - 25
2026-09-25 14:59:51,192 - __main__ - INFO - 25
2026-09-25 14:59:51,216 - __main__ - INFO - failed
2026-09-25 14:59:51,217 - __main__ - INFO - failed
2026-09-25 14:59:51,217 - __main__ - INFO - 26
2026-09-25 14:59:51,217 - __main__ - INFO - 26
2026-09-25 14:59:51,241 - __main__ - INFO - failed
2026-09-25 14:59:51,242 - __main__ - INFO - failed
2026-09-25 14:59:51,242 - __main__ - INFO - 27
2026-09-25 14:59:51,242 - __main__ - INFO - 27
2026-09-25 14:59:51,266 - __main__ - INFO - failed
2026-09-25 14:59:51,267 - __main__ - INFO - failed
2026-09-25 14:59:51,267 - __main__ - INFO - 28
2026-09-25 14:59:51,267 - __main__ - INFO - 28
2026-09-25 14:59:51,291 - __main__ - INFO - failed
2026-09-25 14:59:51,292 - __main__ - INFO - failed
2026-09-25 14:59:51,292 - __main__ - INFO - 29
2026-09-25 14:59:51,292 - __main__ - INFO - 29
2026-09-25 14:59:51,316 - __main__ - INFO - failed
2026-09-25 14:59:51,317 - __main__ - INFO - failed
2026-09-25 14:59:51,317 - __main__ - INFO - 30
2026-09-25 14:59:51,317 - __main__ - INFO - 30
2026-09-25 14:59:51,341 - __main__ - INFO - failed
2026-09-25 14:59:51,341 - __main__ - INFO - failed
2026-09-25 14:59:51,341 - __main__ - INFO - 31
2026-09-25 14:59:51,341 - __main__ - INFO - 31
2026-09-25 14:59:51,366 - __main__ - INFO - failed
2026-09-25 14:59:51,366 - __main__ - INFO - failed
2026-09-25 14:59:51,366 - __main__ - INFO - 32
2026-09-25 14:59:51,366 - __main__ - INFO - 32
2026-09-25 14:59:51,390 - __main__ - INFO - failed
2026-09-25 14:59:51,391 - __main__ - INFO - failed
2026-09-25 14:59:51,391 - __main__ - INFO - 33
2026-09-25 14:59:51,391 - __main__ - INFO - 33
2026-09-25 14:59:51,415 - __main__ - INFO - failed
2026-09-25 14:59:51,416 - __main__ - INFO - failed
2026-09-25 14:59:51,416 - __main__ - INFO - 34
2026-09-25 14:59:51,416 - __main__ - INFO - 34
2026-09-25 14:59:51,428 - __main__ - INFO - failed
2026-09-25 14:59:51,429 - __main__ - INFO - 0
2026-09-25 14:59:51,453 - __main__ - INFO - failed
2026-09-25 14:59:51,453 - __main__ - INFO - failed
2026-09-25 14:59:51,453 - __main__ - INFO - 0
2026-09-25 14:59:51,453 - __main__ - INFO - 1
2026-09-25 14:59:51,477 - __main__ - INFO - failed
2026-09-25 14:59:51,478 - __main__ - INFO - failed
2026-09-25 14:59:51,478 - __main__ - INFO - 1
2026-09-25 14:59:51,478 - __main__ - INFO - 2
2026-09-25 14:59:51,502 - __main__ - INFO - failed
2026-09-25 14:59:51,502 - __main__ - INFO - failed
2026-09-25 14:59:51,502 - __main__ - INFO - 3
2026-09-25 14:59:51,503 - __main__ - INFO - 2
2026-09-25 14:59:51,527 - __main__ - INFO - failed
2026-09-25 14:59:51,527 - __main__ - INFO - failed
2026-09-25 14:59:51,527 - __main__ - INFO - 4
2026-09-25 14:59:51,527 - __main__ - INFO - 3
2026-09-25 14:59:51,551 - __main__ - INFO - failed
2026-09-25 14:59:51,552 - __main__ - INFO - failed
2026-09-25 14:59:51,552 - __main__ - INFO - 4
2026-09-25 14:59:51,552 - __main__ - INFO - 5
2026-09-25 14:59:51,576 - __main__ - INFO - failed
2026-09-25 14:59:51,576 - __main__ - INFO - failed
2026-09-25 14:59:51,576 - __main__ - INFO - 6
2026-09-25 14:59:51,576 - __main__ - INFO - 5
2026-09-25 14:59:51,600 - __main__ - INFO - failed
2026-09-25 14:59:51,601 - __main__ - INFO - failed
2026-09-25 14:59:51,601 - __main__ - INFO - 7
2026-09-25 14:59:51,601 - __main__ - INFO - 6
2026-09-25 14:59:51,625 - __main__ - INFO - failed
2026-09-25 14:59:51,626 - __main__ - INFO - failed
2026-09-25 14:59:51,626 - __main__ - INFO - 8
2026-09-25 14:59:51,626 - __main__ - INFO - 7
2026-09-25 14:59:51,650 - __main__ - INFO - failed
2026-09-25 14:59:51,650 - __main__ - INFO - failed
2026-09-25 14:59:51,650 - __main__ - INFO - 9
2026-09-25 14:59:51,650 - __main__ - INFO - 8
2026-09-25 14:59:51,674 - __main__ - INFO - failed
2026-09-25 14:59:51,675 - __main__ - INFO - failed
2026-09-25 14:59:51,675 - __main__ - INFO - 9
2026-09-25 14:59:51,675 - __main__ - INFO - 10
2026-09-25 14:59:51,699 - __main__ - INFO - failed
2026-09-25 14:59:51,700 - __main__ - INFO - failed
2026-09-25 14:59:51,700 - __main__ - INFO - 10
2026-09-25 14:59:51,700 - __main__ - INFO - 11
2026-09-25 14:59:51,724 - __main__ - INFO - failed
2026-09-25 14:59:51,724 - __main__ - INFO - failed
2026-09-25 14:59:51,724 - __main__ - INFO - 12
2026-09-25 14:59:51,724 - __main__ - INFO - 11
2026-09-25 14:59:51,748 - __main__ - INFO - failed
2026-09-25 14:59:51,749 - __main__ - INFO - failed
2026-09-25 14:59:51,749 - __main__ - INFO - 13
2026-09-25 14:59:51,749 - __main__ - INFO - 12
2026-09-25 14:59:51,773 - __main__ - INFO - failed
2026-09-25 14:59:51,774 - __main__ - INFO - failed
2026-09-25 14:59:51,774 - __main__ - INFO - 13
2026-09-25 14:59:51,774 - __main__ - INFO - 14
2026-09-25 14:59:51,798 - __main__ - INFO - failed
2026-09-25 14:59:51,798 - __main__ - INFO - failed
2026-09-25 14:59:51,798 - __main__ - INFO - 15
2026-09-25 14:59:51,798 - __main__ - INFO - 14
2026-09-25 14:59:51,823 - __main__ - INFO - failed
2026-09-25 14:59:51,823 - __main__ - INFO - failed
2026-09-25 14:59:51,823 - __main__ - INFO - 16
2026-09-25 14:59:51,823 - __main__ - INFO - 15
2026-09-25 14:59:51,848 - __main__ - INFO - failed
2026-09-25 14:59:51,848 - __main__ - INFO - failed
2026-09-25 14:59:51,848 - __main__ - INFO - 16
2026-09-25 14:59:51,848 - __main__ - INFO - 17
2026-09-25 14:59:51,873 - __main__ - INFO - failed
2026-09-25 14:59:51,874 - __main__ - INFO - failed
2026-09-25 14:59:51,874 - __main__ - INFO - 17
2026-09-25 14:59:51,874 - __main__ - INFO - 18
2026-09-25 14:59:51,898 - __main__ - INFO - failed
2026-09-25 14:59:51,898 - __main__ - INFO - failed
2026-09-25 14:59:51,898 - __main__ - INFO - 19
2026-09-25 14:59:51,899 - __main__ - INFO - 18
2026-09-25 14:59:51,923 - __main__ - INFO - failed
2026-09-25 14:59:51,923 - __main__ - INFO - failed
2026-09-25 14:59:51,924 - __main__ - INFO - 19
2026-09-25 14:59:51,924 - __main__ - INFO - 20
2026-09-25 14:59:51,948 - __main__ - INFO - failed
2026-09-25 14:59:51,948 - __main__ - INFO - failed
2026-09-25 14:59:51,948 - __main__ - INFO - 20
2026-09-25 14:59:51,948 - __main__ - INFO - 21
2026-09-25 14:59:51,973 - __main__ - INFO - failed
2026-09-25 14:59:51,973 - __main__ - INFO - failed
2026-09-25 14:59:51,973 - __main__ - INFO - 21
2026-09-25 14:59:51,973 - __main__ - INFO - 22
2026-09-25 14:59:51,997 - __main__ - INFO - failed
2026-09-25 14:59:51,998 - __main__ - INFO - failed
2026-09-25 14:59:51,998 - __main__ - INFO - 23
2026-09-25 14:59:51,998 - __main__ - INFO - 22
2026-09-25 14:59:52,022 - __main__ - INFO - failed
2026-09-25 14:59:52,023 - __main__ - INFO - 23
2026-09-25 14:59:52,036 - __main__ - INFO - failed
2026-09-25 14:59:52,036 - __main__ - INFO - 24
2026-09-25 14:59:52,048 - __main__ - INFO - failed
2026-09-25 14:59:52,048 - __main__ - INFO - 25
2026-09-25 14:59:52,060 - __main__ - INFO - failed
2026-09-25 14:59:52,061 - __main__ - INFO - 26
2026-09-25 14:59:52,073 - __main__ - INFO - failed
2026-09-25 14:59:52,073 - __main__ - INFO - 27
2026-09-25 14:59:52,085 - __main__ - INFO - failed
2026-09-25 14:59:52,085 - __main__ - INFO - 28
2026-09-25 14:59:52,098 - __main__ - INFO - failed
2026-09-25 14:59:52,098 - __main__ - INFO - 29
2026-09-25 14:59:52,110 - __main__ - INFO - failed
2026-09-25 14:59:52,110 - __main__ - INFO - 30
2026-09-25 14:59:52,122 - __main__ - INFO - failed
2026-09-25 14:59:52,122 - __main__ - INFO - 31
2026-09-25 14:59:52,135 - __main__ - INFO - failed
2026-09-25 14:59:52,135 - __main__ - INFO - 32
2026-09-25 14:59:52,147 - __main__ - INFO - failed
2026-09-25 14:59:52,147 - __main__ - INFO - 33
2026-09-25 14:59:52,160 - __main__ - INFO - failed
2026-09-25 14:59:52,160 - __main__ - INFO - 34
2026-09-25 14:59:52,172 - __main__ - INFO - failed
2026-09-25 14:59:52,172 - __main__ - INFO - 0
2026-09-25 14:59:52,184 - __main__ - INFO - failed
2026-09-25 14:59:52,184 - __main__ - INFO - 1
2026-09-25 14:59:52,196 - __main__ - INFO - failed
2026-09-25 14:59:52,196 - __main__ - INFO - 2
2026-09-25 14:59:52,208 - __main__ - INFO - failed
2026-09-25 14:59:52,209 - __main__ - INFO - 3
2026-09-25 14:59:52,221 - __main__ - INFO - failed
2026-09-25 14:59:52,221 - __main__ - INFO - 4
2026-09-25 14:59:52,233 - __main__ - INFO - failed
2026-09-25 14:59:52,233 - __main__ - INFO - 5
2026-09-25 14:59:53,148 - __main__ - INFO - failed
2026-09-25 14:59:53,148 - __main__ - INFO - 25
2026-09-25 14:59:53,161 - __main__ - INFO - failed
2026-09-25 14:59:53,161 - __main__ - INFO - 26
2026-09-25 14:59:53,173 - __main__ - INFO - failed
2026-09-25 14:59:53,174 - __main__ - INFO - 27
2026-09-25 14:59:53,186 - __main__ - INFO - failed
2026-09-25 14:59:53,186 - __main__ - INFO - 28
2026-09-25 14:59:53,198 - __main__ - INFO - failed
2026-09-25 14:59:53,198 - __main__ - INFO - 29
2026-09-25 14:59:53,210 - __main__ - INFO - failed
2026-09-25 14:59:53,210 - __main__ - INFO - 30
2026-09-25 14:59:53,223 - __main__ - INFO - failed
2026-09-25 14:59:53,223 - __main__ - INFO - 31
2026-09-25 14:59:53,235 - __main__ - INFO - failed
2026-09-25 14:59:53,235 - __main__ - INFO - 32
2026-09-25 14:59:53,248 - __main__ - INFO - failed
2026-09-25 14:59:53,248 - __main__ - INFO - 33
2026-09-25 14:59:53,260 - __main__ - INFO - failed
2026-09-25 14:59:53,260 - __main__ - INFO - 34
2026-09-25 14:59:53,273 - __main__ - INFO - failed
2026-09-25 14:59:53,273 - __main__ - INFO - 0
2026-09-25 14:59:53,285 - __main__ - INFO - failed
2026-09-25 14:59:53,285 - __main__ - INFO - 1
2026-09-25 14:59:53,297 - __main__ - INFO - failed
2026-09-25 14:59:53,298 - __main__ - INFO - 2
2026-09-25 14:59:53,310 - __main__ - INFO - failed
2026-09-25 14:59:53,310 - __main__ - INFO - 3
2026-09-25 14:59:53,322 - __main__ - INFO - failed
2026-09-25 14:59:53,322 - __main__ - INFO - 4
2026-09-25 14:59:53,361 - __main__ - INFO - failed
2026-09-25 14:59:53,362 - __main__ - INFO - 7
2026-09-25 14:59:53,374 - __main__ - INFO - failed
2026-09-25 14:59:53,374 - __main__ - INFO - 8
2026-09-25 14:59:53,387 - __main__ - INFO - failed
2026-09-25 14:59:53,387 - __main__ - INFO - 9
2026-09-25 14:59:53,399 - __main__ - INFO - failed
2026-09-25 14:59:53,399 - __main__ - INFO - 10
2026-09-25 14:59:53,412 - __main__ - INFO - failed
2026-09-25 14:59:53,412 - __main__ - INFO - 11
2026-09-25 14:59:53,424 - __main__ - INFO - failed
2026-09-25 14:59:53,424 - __main__ - INFO - 12
2026-09-25 14:59:53,436 - __main__ - INFO - failed
2026-09-25 14:59:53,436 - __main__ - INFO - 13
2026-09-25 14:59:53,449 - __main__ - INFO - failed
2026-09-25 14:59:53,449 - __main__ - INFO - 14
2026-09-25 14:59:53,461 - __main__ - INFO - failed
2026-09-25 14:59:53,461 - __main__ - INFO - 15
2026-09-25 14:59:53,473 - __main__ - INFO - failed
2026-09-25 14:59:53,473 - __main__ - INFO - 16
2026-09-25 14:59:53,485 - __main__ - INFO - failed
2026-09-25 14:59:53,485 - __main__ - INFO - 17
2026-09-25 14:59:53,498 - __main__ - INFO - failed
2026-09-25 14:59:53,498 - __main__ - INFO - 18
2026-09-25 14:59:53,510 - __main__ - INFO - failed
2026-09-25 14:59:53,510 - __main__ - INFO - 19
2026-09-25 14:59:53,522 - __main__ - INFO - failed
2026-09-25 14:59:53,522 - __main__ - INFO - 20
2026-09-25 14:59:53,534 - __main__ - INFO - failed
2026-09-25 14:59:53,534 - __main__ - INFO - 21
2026-09-25 14:59:53,547 - __main__ - INFO - failed
2026-09-25 14:59:53,547 - __main__ - INFO - 22
2026-09-25 14:59:53,559 - __main__ - INFO - failed
2026-09-25 14:59:53,559 - __main__ - INFO - 23
2026-09-25 14:59:53,571 - __main__ - INFO - failed
2026-09-25 14:59:53,571 - __main__ - INFO - 24
2026-09-25 14:59:53,583 - __main__ - INFO - failed
2026-09-25 14:59:53,584 - __main__ - INFO - 25
2026-09-25 14:59:53,596 - __main__ - INFO - failed
2026-09-25 14:59:53,596 - __main__ - INFO - 26
2026-09-25 14:59:53,608 - __main__ - INFO - failed
2026-09-25 14:59:53,608 - __main__ - INFO - 27
2026-09-25 14:59:53,620 - __main__ - INFO - failed
2026-09-25 14:59:53,620 - __main__ - INFO - 28
2026-09-25 14:59:53,633 - __main__ - INFO - failed
2026-09-25 14:59:53,633 - __main__ - INFO - 29
2026-09-25 14:59:53,645 - __main__ - INFO - failed
2026-09-25 14:59:53,645 - __main__ - INFO - 30
2026-09-25 14:59:53,657 - __main__ - INFO - failed
2026-09-25 14:59:53,657 - __main__ - INFO - 31
2026-09-25 14:59:53,670 - __main__ - INFO - failed
2026-09-25 14:59:53,670 - __main__ - INFO - 32
2026-09-25 14:59:53,682 - __main__ - INFO - failed
2026-09-25 14:59:53,682 - __main__ - INFO - 33
2026-09-25 14:59:53,694 - __main__ - INFO - failed
2026-09-25 14:59:53,694 - __main__ - INFO - 34
2026-09-25 14:59:53,707 - __main__ - INFO - failed
2026-09-25 14:59:53,707 - __main__ - INFO - 0
2026-09-25 14:59:53,720 - __main__ - INFO - failed
2026-09-25 14:59:53,720 - __main__ - INFO - 1
2026-09-25 14:59:53,732 - __main__ - INFO - failed
2026-09-25 14:59:53,732 - __main__ - INFO - 2
2026-09-25 14:59:53,744 - __main__ - INFO - failed
2026-09-25 14:59:53,744 - __main__ - INFO - 3
2026-09-25 14:59:53,756 - __main__ - INFO - failed
2026-09-25 14:59:53,756 - __main__ - INFO - 4
2026-09-25 14:59:53,769 - __main__ - INFO - failed
2026-09-25 14:59:53,769 - __main__ - INFO - 5
2026-09-25 14:59:53,781 - __main__ - INFO - failed
2026-09-25 14:59:53,781 - __main__ - INFO - 6
2026-09-25 14:59:53,793 - __main__ - INFO - failed
2026-09-25 14:59:53,793 - __main__ - INFO - 7
2026-09-25 14:59:53,805 - __main__ - INFO - failed
2026-09-25 14:59:53,805 - __main__ - INFO - 8
2026-09-25 14:59:53,818 - __main__ - INFO - failed
2026-09-25 14:59:53,818 - __main__ - INFO - 9
2026-09-25 14:59:53,830 - __main__ - INFO - failed
2026-09-25 14:59:53,830 - __main__ - INFO - 10
2026-09-25 14:59:53,842 - __main__ - INFO - failed
2026-09-25 14:59:53,842 - __main__ - INFO - 11
2026-09-25 14:59:53,854 - __main__ - INFO - failed
2026-09-25 14:59:53,854 - __main__ - INFO - 12
2026-09-25 14:59:53,867 - __main__ - INFO - failed
2026-09-25 14:59:53,867 - __main__ - INFO - 13
2026-09-25 14:59:53,879 - __main__ - INFO - failed
2026-09-25 14:59:53,879 - __main__ - INFO - 14
2026-09-25 14:59:53,891 - __main__ - INFO - failed
2026-09-25 14:59:53,891 - __main__ - INFO - 15
2026-09-25 14:59:53,903 - __main__ - INFO - failed
2026-09-25 14:59:53,903 - __main__ - INFO - 16
2026-09-25 14:59:53,916 - __main__ - INFO - failed
2026-09-25 14:59:53,916 - __main__ - INFO - 17
2026-09-25 14:59:53,928 - __main__ - INFO - failed
2026-09-25 14:59:53,928 - __main__ - INFO - 18
2026-09-25 14:59:53,940 - __main__ - INFO - failed
2026-09-25 14:59:53,940 - __main__ - INFO - 19
2026-09-25 14:59:53,952 - __main__ - INFO - failed
2026-09-25 14:59:53,952 - __main__ - INFO - 20
2026-09-25 14:59:53,965 - __main__ - INFO - failed
2026-09-25 14:59:53,965 - __main__ - INFO - 21
2026-09-25 14:59:53,977 - __main__ - INFO - failed
2026-09-25 14:59:53,977 - __main__ - INFO - 22
2026-09-25 14:59:53,989 - __main__ - INFO - failed
2026-09-25 14:59:53,989 - __main__ - INFO - 23
2026-09-25 14:59:54,001 - __main__ - INFO - failed
2026-09-25 14:59:54,001 - __main__ - INFO - 24
2026-09-25 14:59:54,014 - __main__ - INFO - failed
2026-09-25 14:59:54,014 - __main__ - INFO - 25
2026-09-25 14:59:54,026 - __main__ - INFO - failed
2026-09-25 14:59:54,026 - __main__ - INFO - 26
2026-09-25 14:59:54,038 - __main__ - INFO - failed
2026-09-25 14:59:54,038 - __main__ - INFO - 27
2026-09-25 14:59:54,050 - __main__ - INFO - failed
2026-09-25 14:59:54,051 - __main__ - INFO - 28
2026-09-25 14:59:54,063 - __main__ - INFO - failed
2026-09-25 14:59:54,063 - __main__ - INFO - 29
2026-09-25 14:59:54,075 - __main__ - INFO - failed
2026-09-25 14:59:54,075 - __main__ - INFO - 30
2026-09-25 14:59:54,087 - __main__ - INFO - failed
2026-09-25 14:59:54,087 - __main__ - INFO - 31
2026-09-25 14:59:54,099 - __main__ - INFO - failed
2026-09-25 14:59:54,099 - __main__ - INFO - 32
2026-09-25 14:59:54,112 - __main__ - INFO - failed
2026-09-25 14:59:54,112 - __main__ - INFO - 33
2026-09-25 14:59:54,124 - __main__ - INFO - failed
2026-09-25 14:59:54,124 - __main__ - INFO - 34
2026-09-25 14:59:54,136 - __main__ - INFO - failed
2026-09-25 14:59:54,136 - __main__ - INFO - 0
2026-09-25 14:59:54,148 - __main__ - INFO - failed
2026-09-25 14:59:54,148 - __main__ - INFO - 1
2026-09-25 14:59:54,161 - __main__ - INFO - failed
2026-09-25 14:59:54,161 - __main__ - INFO - 2
2026-09-25 14:59:54,173 - __main__ - INFO - failed
2026-09-25 14:59:54,173 - __main__ - INFO - 3
2026-09-25 14:59:54,185 - __main__ - INFO - failed
2026-09-25 14:59:54,185 - __main__ - INFO - 4
2026-09-25 14:59:54,197 - __main__ - INFO - failed
2026-09-25 14:59:54,197 - __main__ - INFO - 5
2026-09-25 14:59:54,209 - __main__ - INFO - failed
2026-09-25 14:59:54,210 - __main__ - INFO - 6
2026-09-25 14:59:54,222 - __main__ - INFO - failed
2026-09-25 14:59:54,222 - __main__ - INFO - 7
2026-09-25 14:59:54,234 - __main__ - INFO - failed
2026-09-25 14:59:54,234 - __main__ - INFO - 8
2026-09-25 14:59:54,246 - __main__ - INFO - failed
2026-09-25 14:59:54,246 - __main__ - INFO - 9
2026-09-25 14:59:54,258 - __main__ - INFO - failed
2026-09-25 14:59:54,258 - __main__ - INFO - 10
2026-09-25 14:59:54,271 - __main__ - INFO - failed
2026-09-25 14:59:54,271 - __main__ - INFO - 11
2026-09-25 14:59:54,283 - __main__ - INFO - failed
2026-09-25 14:59:54,283 - __main__ - INFO - 12
2026-09-25 14:59:54,295 - __main__ - INFO - failed
2026-09-25 14:59:54,295 - __main__ - INFO - 13
2026-09-25 14:59:54,307 - __main__ - INFO - failed
2026-09-25 14:59:54,307 - __main__ - INFO - 14
2026-09-25 14:59:54,320 - __main__ - INFO - failed
2026-09-25 14:59:54,320 - __main__ - INFO - 15
2026-09-25 14:59:54,332 - __main__ - INFO - failed
2026-09-25 14:59:54,332 - __main__ - INFO - 16
2026-09-25 14:59:54,344 - __main__ - INFO - failed
2026-09-25 14:59:54,344 - __main__ - INFO - 17
2026-09-25 14:59:54,356 - __main__ - INFO - failed
2026-09-25 14:59:54,357 - __main__ - INFO - 18
2026-09-25 14:59:54,369 - __main__ - INFO - failed
2026-09-25 14:59:54,369 - __main__ - INFO - 19
2026-09-25 14:59:54,381 - __main__ - INFO - failed
2026-09-25 14:59:54,381 - __main__ - INFO - 20
2026-09-25 14:59:54,393 - __main__ - INFO - failed
2026-09-25 14:59:54,393 - __main__ - INFO - 21
2026-09-25 14:59:54,405 - __main__ - INFO - failed
2026-09-25 14:59:54,406 - __main__ - INFO - 22
2026-09-25 14:59:54,418 - __main__ - INFO - failed
2026-09-25 14:59:54,418 - __main__ - INFO - 23
2026-09-25 14:59:54,442 - __main__ - INFO - failed
2026-09-25 14:59:54,442 - __main__ - INFO - 6
2026-09-25 14:59:54,442 - __main__ - INFO - failed
2026-09-25 14:59:54,442 - __main__ - INFO - 24
2026-09-25 14:59:54,466 - __main__ - INFO - failed
2026-09-25 14:59:54,467 - __main__ - INFO - 7
2026-09-25 14:59:54,467 - __main__ - INFO - failed
2026-09-25 14:59:54,467 - __main__ - INFO - 25
2026-09-25 14:59:54,491 - __main__ - INFO - failed
2026-09-25 14:59:54,491 - __main__ - INFO - 8
2026-09-25 14:59:54,492 - __main__ - INFO - failed
2026-09-25 14:59:54,492 - __main__ - INFO - 26
2026-09-25 14:59:54,515 - __main__ - INFO - failed
2026-09-25 14:59:54,516 - __main__ - INFO - 9
2026-09-25 14:59:54,516 - __main__ - INFO - failed
2026-09-25 14:59:54,516 - __main__ - INFO - 27
2026-09-25 14:59:54,541 - __main__ - INFO - failed
2026-09-25 14:59:54,542 - __main__ - INFO - failed
2026-09-25 14:59:54,542 - __main__ - INFO - 10
2026-09-25 14:59:54,542 - __main__ - INFO - 28
2026-09-25 14:59:54,567 - __main__ - INFO - failed
2026-09-25 14:59:54,567 - __main__ - INFO - 11
2026-09-25 14:59:54,567 - __main__ - INFO - failed
2026-09-25 14:59:54,567 - __main__ - INFO - 29
2026-09-25 14:59:54,591 - __main__ - INFO - failed
2026-09-25 14:59:54,591 - __main__ - INFO - 12
2026-09-25 14:59:54,592 - __main__ - INFO - failed
2026-09-25 14:59:54,592 - __main__ - INFO - 30
2026-09-25 14:59:54,604 - __main__ - INFO - failed
2026-09-25 14:59:54,616 - __main__ - INFO - 13
2026-09-25 14:59:54,616 - __main__ - INFO - failed
2026-09-25 14:59:54,616 - __main__ - INFO - 31
2026-09-25 14:59:54,640 - __main__ - INFO - failed
2026-09-25 14:59:54,640 - __main__ - INFO - failed
2026-09-25 14:59:54,641 - __main__ - INFO - 14
2026-09-25 14:59:54,641 - __main__ - INFO - 32
2026-09-25 14:59:54,665 - __main__ - INFO - failed
2026-09-25 14:59:54,665 - __main__ - INFO - 15
2026-09-25 14:59:54,665 - __main__ - INFO - failed
2026-09-25 14:59:54,665 - __main__ - INFO - 33
2026-09-25 14:59:54,689 - __main__ - INFO - failed
2026-09-25 14:59:54,689 - __main__ - INFO - failed
2026-09-25 14:59:54,689 - __main__ - INFO - 16
2026-09-25 14:59:54,690 - __main__ - INFO - 34
2026-09-25 14:59:54,714 - __main__ - INFO - failed
2026-09-25 14:59:54,714 - __main__ - INFO - failed
2026-09-25 14:59:54,714 - __main__ - INFO - 17
2026-09-25 14:59:54,714 - __main__ - INFO - 0
2026-09-25 14:59:54,738 - __main__ - INFO - failed
2026-09-25 14:59:54,738 - __main__ - INFO - 18
2026-09-25 14:59:54,738 - __main__ - INFO - failed
2026-09-25 14:59:54,738 - __main__ - INFO - 1
2026-09-25 14:59:54,762 - __main__ - INFO - failed
2026-09-25 14:59:54,762 - __main__ - INFO - 19
2026-09-25 14:59:54,763 - __main__ - INFO - failed
2026-09-25 14:59:54,763 - __main__ - INFO - 2
2026-09-25 14:59:54,787 - __main__ - INFO - failed
2026-09-25 14:59:54,787 - __main__ - INFO - failed
2026-09-25 14:59:54,787 - __main__ - INFO - 20
2026-09-25 14:59:54,787 - __main__ - INFO - 3
2026-09-25 14:59:54,811 - __main__ - INFO - failed
2026-09-25 14:59:54,811 - __main__ - INFO - 21
2026-09-25 14:59:54,812 - __main__ - INFO - failed
2026-09-25 14:59:54,812 - __main__ - INFO - 4
2026-09-25 14:59:54,836 - __main__ - INFO - failed
2026-09-25 14:59:54,836 - __main__ - INFO - 22
2026-09-25 14:59:54,836 - __main__ - INFO - failed
2026-09-25 14:59:54,836 - __main__ - INFO - 5
2026-09-25 14:59:54,860 - __main__ - INFO - failed
2026-09-25 14:59:54,860 - __main__ - INFO - 23
2026-09-25 14:59:54,861 - __main__ - INFO - failed
2026-09-25 14:59:54,861 - __main__ - INFO - 6
2026-09-25 14:59:54,884 - __main__ - INFO - failed
2026-09-25 14:59:54,885 - __main__ - INFO - failed
2026-09-25 14:59:54,885 - __main__ - INFO - 24
2026-09-25 14:59:54,885 - __main__ - INFO - 7
2026-09-25 14:59:54,909 - __main__ - INFO - failed
2026-09-25 14:59:54,909 - __main__ - INFO - 25
2026-09-25 14:59:54,910 - __main__ - INFO - failed
2026-09-25 14:59:54,910 - __main__ - INFO - 8
2026-09-25 14:59:54,933 - __main__ - INFO - failed
2026-09-25 14:59:54,933 - __main__ - INFO - 26
2026-09-25 14:59:54,934 - __main__ - INFO - failed
2026-09-25 14:59:54,934 - __main__ - INFO - 9
2026-09-25 14:59:54,958 - __main__ - INFO - failed
2026-09-25 14:59:54,958 - __main__ - INFO - failed
2026-09-25 14:59:54,958 - __main__ - INFO - 27
2026-09-25 14:59:54,958 - __main__ - INFO - 10
2026-09-25 14:59:54,982 - __main__ - INFO - failed
2026-09-25 14:59:54,982 - __main__ - INFO - 28
2026-09-25 14:59:54,983 - __main__ - INFO - failed
2026-09-25 14:59:54,983 - __main__ - INFO - 11
2026-09-25 14:59:55,007 - __main__ - INFO - failed
2026-09-25 14:59:55,007 - __main__ - INFO - 29
2026-09-25 14:59:55,007 - __main__ - INFO - failed
2026-09-25 14:59:55,007 - __main__ - INFO - 12
2026-09-25 14:59:55,031 - __main__ - INFO - failed
2026-09-25 14:59:55,031 - __main__ - INFO - 30
2026-09-25 14:59:55,032 - __main__ - INFO - failed
2026-09-25 14:59:55,032 - __main__ - INFO - 13
2026-09-25 14:59:55,056 - __main__ - INFO - failed
2026-09-25 14:59:55,056 - __main__ - INFO - failed
2026-09-25 14:59:55,056 - __main__ - INFO - 31
2026-09-25 14:59:55,056 - __main__ - INFO - 14
2026-09-25 14:59:55,080 - __main__ - INFO - failed
2026-09-25 14:59:55,081 - __main__ - INFO - failed
2026-09-25 14:59:55,081 - __main__ - INFO - 32
2026-09-25 14:59:55,081 - __main__ - INFO - 15
2026-09-25 14:59:55,105 - __main__ - INFO - failed
2026-09-25 14:59:55,105 - __main__ - INFO - 33
2026-09-25 14:59:55,106 - __main__ - INFO - failed
2026-09-25 14:59:55,106 - __main__ - INFO - 16
2026-09-25 14:59:55,129 - __main__ - INFO - failed
2026-09-25 14:59:55,130 - __main__ - INFO - failed
2026-09-25 14:59:55,130 - __main__ - INFO - 34
2026-09-25 14:59:55,130 - __main__ - INFO - 17
2026-09-25 14:59:55,155 - __main__ - INFO - failed
2026-09-25 14:59:55,155 - __main__ - INFO - failed
2026-09-25 14:59:55,155 - __main__ - INFO - 18
2026-09-25 14:59:55,155 - __main__ - INFO - 0
2026-09-25 14:59:55,179 - __main__ - INFO - failed
2026-09-25 14:59:55,179 - __main__ - INFO - failed
2026-09-25 14:59:55,180 - __main__ - INFO - 19
2026-09-25 14:59:55,180 - __main__ - INFO - 1
2026-09-25 14:59:55,203 - __main__ - INFO - failed
2026-09-25 14:59:55,204 - __main__ - INFO - failed
2026-09-25 14:59:55,204 - __main__ - INFO - 20
2026-09-25 14:59:55,204 - __main__ - INFO - 2
2026-09-25 14:59:55,228 - __main__ - INFO - failed
2026-09-25 14:59:55,228 - __main__ - INFO - 21
2026-09-25 14:59:55,229 - __main__ - INFO - failed
2026-09-25 14:59:55,229 - __main__ - INFO - 3
2026-09-25 14:59:55,252 - __main__ - INFO - failed
2026-09-25 14:59:55,253 - __main__ - INFO - 22
2026-09-25 14:59:55,253 - __main__ - INFO - failed
2026-09-25 14:59:55,253 - __main__ - INFO - 4
2026-09-25 14:59:55,277 - __main__ - INFO - failed
2026-09-25 14:59:55,277 - __main__ - INFO - 23
2026-09-25 14:59:55,278 - __main__ - INFO - failed
2026-09-25 14:59:55,278 - __main__ - INFO - 5
2026-09-25 14:59:55,301 - __main__ - INFO - failed
2026-09-25 14:59:55,302 - __main__ - INFO - failed
2026-09-25 14:59:55,302 - __main__ - INFO - 24
2026-09-25 14:59:55,302 - __main__ - INFO - 6
2026-09-25 14:59:55,326 - __main__ - INFO - failed
2026-09-25 14:59:55,327 - __main__ - INFO - failed
2026-09-25 14:59:55,327 - __main__ - INFO - 25
2026-09-25 14:59:55,327 - __main__ - INFO - 7
2026-09-25 14:59:55,351 - __main__ - INFO - failed
2026-09-25 14:59:55,351 - __main__ - INFO - 26
2026-09-25 14:59:55,352 - __main__ - INFO - failed
2026-09-25 14:59:55,352 - __main__ - INFO - 8
2026-09-25 14:59:55,376 - __main__ - INFO - failed
2026-09-25 14:59:55,376 - __main__ - INFO - 27
2026-09-25 14:59:55,376 - __main__ - INFO - failed
2026-09-25 14:59:55,376 - __main__ - INFO - 9
2026-09-25 14:59:55,400 - __main__ - INFO - failed
2026-09-25 14:59:55,401 - __main__ - INFO - failed
2026-09-25 14:59:55,401 - __main__ - INFO - 28
2026-09-25 14:59:55,401 - __main__ - INFO - 10
2026-09-25 14:59:55,425 - __main__ - INFO - failed
2026-09-25 14:59:55,425 - __main__ - INFO - 29
2026-09-25 14:59:55,425 - __main__ - INFO - failed
2026-09-25 14:59:55,425 - __main__ - INFO - 11
2026-09-25 14:59:55,449 - __main__ - INFO - failed
2026-09-25 14:59:55,449 - __main__ - INFO - 30
2026-09-25 14:59:55,450 - __main__ - INFO - failed
2026-09-25 14:59:55,450 - __main__ - INFO - 12
2026-09-25 14:59:55,474 - __main__ - INFO - failed
2026-09-25 14:59:55,474 - __main__ - INFO - failed
2026-09-25 14:59:55,474 - __main__ - INFO - 31
2026-09-25 14:59:55,474 - __main__ - INFO - 13
2026-09-25 14:59:55,498 - __main__ - INFO - failed
2026-09-25 14:59:55,499 - __main__ - INFO - failed
2026-09-25 14:59:55,499 - __main__ - INFO - 32
2026-09-25 14:59:55,499 - __main__ - INFO - 14
2026-09-25 14:59:55,523 - __main__ - INFO - failed
2026-09-25 14:59:55,523 - __main__ - INFO - 33
2026-09-25 14:59:55,523 - __main__ - INFO - failed
2026-09-25 14:59:55,524 - __main__ - INFO - 15
2026-09-25 14:59:55,547 - __main__ - INFO - failed
2026-09-25 14:59:55,548 - __main__ - INFO - failed
2026-09-25 14:59:55,548 - __main__ - INFO - 34
2026-09-25 14:59:55,548 - __main__ - INFO - 16
2026-09-25 14:59:55,572 - __main__ - INFO - failed
2026-09-25 14:59:55,572 - __main__ - INFO - failed
2026-09-25 14:59:55,572 - __main__ - INFO - 0
2026-09-25 14:59:55,573 - __main__ - INFO - 17
2026-09-25 14:59:55,596 - __main__ - INFO - failed
2026-09-25 14:59:55,597 - __main__ - INFO - failed
2026-09-25 14:59:55,597 - __main__ - INFO - 1
2026-09-25 14:59:55,597 - __main__ - INFO - 18
2026-09-25 14:59:55,621 - __main__ - INFO - failed
2026-09-25 14:59:55,621 - __main__ - INFO - failed
2026-09-25 14:59:55,621 - __main__ - INFO - 2
2026-09-25 14:59:55,622 - __main__ - INFO - 19
2026-09-25 14:59:55,645 - __main__ - INFO - failed
2026-09-25 14:59:55,646 - __main__ - INFO - 3
2026-09-25 14:59:55,646 - __main__ - INFO - failed
2026-09-25 14:59:55,646 - __main__ - INFO - 20
2026-09-25 14:59:55,670 - __main__ - INFO - failed
2026-09-25 14:59:55,670 - __main__ - INFO - failed
2026-09-25 14:59:55,670 - __main__ - INFO - 4
2026-09-25 14:59:55,670 - __main__ - INFO - 21
2026-09-25 14:59:55,694 - __main__ - INFO - failed
2026-09-25 14:59:55,695 - __main__ - INFO - failed
2026-09-25 14:59:55,695 - __main__ - INFO - 5
2026-09-25 14:59:55,695 - __main__ - INFO - 22
2026-09-25 14:59:55,719 - __main__ - INFO - failed
2026-09-25 14:59:55,719 - __main__ - INFO - failed
2026-09-25 14:59:55,719 - __main__ - INFO - 6
2026-09-25 14:59:55,720 - __main__ - INFO - 23
2026-09-25 14:59:55,744 - __main__ - INFO - failed
2026-09-25 14:59:55,744 - __main__ - INFO - 7
2026-09-25 14:59:55,744 - __main__ - INFO - failed
2026-09-25 14:59:55,756 - __main__ - INFO - 24
2026-09-25 14:59:55,756 - __main__ - INFO - failed
2026-09-25 14:59:55,756 - __main__ - INFO - 8
2026-09-25 14:59:55,780 - __main__ - INFO - failed
2026-09-25 14:59:55,780 - __main__ - INFO - 25
2026-09-25 14:59:55,781 - __main__ - INFO - failed
2026-09-25 14:59:55,781 - __main__ - INFO - 9
2026-09-25 14:59:55,793 - __main__ - INFO - failed
2026-09-25 14:59:55,793 - __main__ - INFO - 26
2026-09-25 14:59:55,817 - __main__ - INFO - failed
2026-09-25 14:59:55,817 - __main__ - INFO - 10
2026-09-25 14:59:55,817 - __main__ - INFO - failed
2026-09-25 14:59:55,818 - __main__ - INFO - 27
2026-09-25 14:59:55,841 - __main__ - INFO - failed
2026-09-25 14:59:55,842 - __main__ - INFO - failed
2026-09-25 14:59:55,842 - __main__ - INFO - 11
2026-09-25 14:59:55,842 - __main__ - INFO - 28
2026-09-25 14:59:55,866 - __main__ - INFO - failed
2026-09-25 14:59:55,866 - __main__ - INFO - 12
2026-09-25 14:59:55,866 - __main__ - INFO - failed
2026-09-25 14:59:55,866 - __main__ - INFO - 29
2026-09-25 14:59:55,890 - __main__ - INFO - failed
2026-09-25 14:59:55,890 - __main__ - INFO - 13
2026-09-25 14:59:55,891 - __main__ - INFO - failed
2026-09-25 14:59:55,891 - __main__ - INFO - 30
2026-09-25 14:59:55,915 - __main__ - INFO - failed
2026-09-25 14:59:55,915 - __main__ - INFO - 14
2026-09-25 14:59:55,915 - __main__ - INFO - failed
2026-09-25 14:59:55,927 - __main__ - INFO - 31
2026-09-25 14:59:55,927 - __main__ - INFO - failed
2026-09-25 14:59:55,927 - __main__ - INFO - 15
2026-09-25 14:59:55,951 - __main__ - INFO - failed
2026-09-25 14:59:55,952 - __main__ - INFO - failed
2026-09-25 14:59:55,952 - __main__ - INFO - 32
2026-09-25 14:59:55,952 - __main__ - INFO - 16
2026-09-25 14:59:55,976 - __main__ - INFO - failed
2026-09-25 14:59:55,976 - __main__ - INFO - 33
2026-09-25 14:59:55,976 - __main__ - INFO - failed
2026-09-25 14:59:55,976 - __main__ - INFO - 17
2026-09-25 14:59:56,000 - __main__ - INFO - failed
2026-09-25 14:59:56,000 - __main__ - INFO - 34
2026-09-25 14:59:56,001 - __main__ - INFO - failed
2026-09-25 14:59:56,001 - __main__ - INFO - 18
2026-09-25 14:59:56,024 - __main__ - INFO - failed
2026-09-25 14:59:56,025 - __main__ - INFO - failed
2026-09-25 14:59:56,025 - __main__ - INFO - 0
2026-09-25 14:59:56,025 - __main__ - INFO - 19
2026-09-25 14:59:56,049 - __main__ - INFO - failed
2026-09-25 14:59:56,049 - __main__ - INFO - 1
2026-09-25 14:59:56,049 - __main__ - INFO - failed
2026-09-25 14:59:56,049 - __main__ - INFO - 20
2026-09-25 14:59:56,073 - __main__ - INFO - failed
2026-09-25 14:59:56,074 - __main__ - INFO - failed
2026-09-25 14:59:56,074 - __main__ - INFO - 2
2026-09-25 14:59:56,074 - __main__ - INFO - 21
2026-09-25 14:59:56,097 - __main__ - INFO - failed
2026-09-25 14:59:56,098 - __main__ - INFO - 3
2026-09-25 14:59:56,098 - __main__ - INFO - failed
2026-09-25 14:59:56,098 - __main__ - INFO - 22
2026-09-25 14:59:56,122 - __main__ - INFO - failed
2026-09-25 14:59:56,122 - __main__ - INFO - 4
2026-09-25 14:59:56,122 - __main__ - INFO - failed
2026-09-25 14:59:56,122 - __main__ - INFO - 23
2026-09-25 14:59:56,147 - __main__ - INFO - failed
2026-09-25 14:59:56,148 - __main__ - INFO - failed
2026-09-25 14:59:56,148 - __main__ - INFO - 5
2026-09-25 14:59:56,148 - __main__ - INFO - 24
2026-09-25 14:59:56,172 - __main__ - INFO - failed
2026-09-25 14:59:56,172 - __main__ - INFO - 6
2026-09-25 14:59:56,172 - __main__ - INFO - failed
2026-09-25 14:59:56,173 - __main__ - INFO - 25
2026-09-25 14:59:56,196 - __main__ - INFO - failed
2026-09-25 14:59:56,197 - __main__ - INFO - failed
2026-09-25 14:59:56,197 - __main__ - INFO - 7
2026-09-25 14:59:56,197 - __main__ - INFO - 26
2026-09-25 14:59:56,221 - __main__ - INFO - failed
2026-09-25 14:59:56,221 - __main__ - INFO - 8
2026-09-25 14:59:56,221 - __main__ - INFO - failed
2026-09-25 14:59:56,221 - __main__ - INFO - 27
2026-09-25 14:59:56,245 - __main__ - INFO - failed
2026-09-25 14:59:56,245 - __main__ - INFO - 9
2026-09-25 14:59:56,246 - __main__ - INFO - failed
2026-09-25 14:59:56,246 - __main__ - INFO - 28
2026-09-25 14:59:56,270 - __main__ - INFO - failed
2026-09-25 14:59:56,270 - __main__ - INFO - 10
2026-09-25 14:59:56,270 - __main__ - INFO - failed
2026-09-25 14:59:56,270 - __main__ - INFO - 29
2026-09-25 14:59:56,294 - __main__ - INFO - failed
2026-09-25 14:59:56,294 - __main__ - INFO - 11
2026-09-25 14:59:56,295 - __main__ - INFO - failed
2026-09-25 14:59:56,295 - __main__ - INFO - 30
2026-09-25 14:59:56,319 - __main__ - INFO - failed
2026-09-25 14:59:56,319 - __main__ - INFO - 12
2026-09-25 14:59:56,319 - __main__ - INFO - failed
2026-09-25 14:59:56,319 - __main__ - INFO - 31
2026-09-25 14:59:56,343 - __main__ - INFO - failed
2026-09-25 14:59:56,344 - __main__ - INFO - failed
2026-09-25 14:59:56,344 - __main__ - INFO - 13
2026-09-25 14:59:56,344 - __main__ - INFO - 32
2026-09-25 14:59:56,368 - __main__ - INFO - failed
2026-09-25 14:59:56,368 - __main__ - INFO - failed
2026-09-25 14:59:56,368 - __main__ - INFO - 14
2026-09-25 14:59:56,368 - __main__ - INFO - 33
2026-09-25 14:59:56,392 - __main__ - INFO - failed
2026-09-25 14:59:56,393 - __main__ - INFO - failed
2026-09-25 14:59:56,393 - __main__ - INFO - 15
2026-09-25 14:59:56,393 - __main__ - INFO - 34
2026-09-25 14:59:56,406 - __main__ - INFO - failed
2026-09-25 14:59:56,406 - __main__ - INFO - 16
2026-09-25 14:59:56,418 - __main__ - INFO - failed
2026-09-25 14:59:56,418 - __main__ - INFO - 17
2026-09-25 14:59:56,430 - __main__ - INFO - failed
2026-09-25 14:59:56,430 - __main__ - INFO - 18
2026-09-25 14:59:56,442 - __main__ - INFO - failed
2026-09-25 14:59:56,442 - __main__ - INFO - 19
2026-09-25 14:59:56,455 - __main__ - INFO - failed
2026-09-25 14:59:56,455 - __main__ - INFO - 20
2026-09-25 14:59:56,467 - __main__ - INFO - failed
2026-09-25 14:59:56,467 - __main__ - INFO - 21
2026-09-25 14:59:56,479 - __main__ - INFO - failed
2026-09-25 14:59:56,479 - __main__ - INFO - 22
2026-09-25 14:59:56,492 - __main__ - INFO - failed
2026-09-25 14:59:56,492 - __main__ - INFO - 23
2026-09-25 14:59:56,504 - __main__ - INFO - failed
2026-09-25 14:59:56,504 - __main__ - INFO - 24
2026-09-25 14:59:56,516 - __main__ - INFO - failed
2026-09-25 14:59:56,516 - __main__ - INFO - 25
2026-09-25 14:59:56,528 - __main__ - INFO - failed
2026-09-25 14:59:56,528 - __main__ - INFO - 26
2026-09-25 14:59:56,541 - __main__ - INFO - failed
2026-09-25 14:59:56,541 - __main__ - INFO - 27
2026-09-25 14:59:56,553 - __main__ - INFO - failed
2026-09-25 14:59:56,553 - __main__ - INFO - 28
2026-09-25 14:59:56,565 - __main__ - INFO - failed
2026-09-25 14:59:56,565 - __main__ - INFO - 29
2026-09-25 14:59:56,577 - __main__ - INFO - failed
2026-09-25 14:59:56,577 - __main__ - INFO - 30
2026-09-25 14:59:56,590 - __main__ - INFO - failed
2026-09-25 14:59:56,590 - __main__ - INFO - 31
2026-09-25 14:59:56,602 - __main__ - INFO - failed
2026-09-25 14:59:56,602 - __main__ - INFO - 32
2026-09-25 14:59:56,614 - __main__ - INFO - failed
2026-09-25 14:59:56,614 - __main__ - INFO - 33
2026-09-25 14:59:56,626 - __main__ - INFO - failed
2026-09-25 14:59:56,626 - __main__ - INFO - 34
2026-09-25 14:59:56,638 - __main__ - INFO - failed
2026-09-25 14:59:56,639 - __main__ - INFO - 0
2026-09-25 14:59:56,651 - __main__ - INFO - failed
2026-09-25 14:59:56,651 - __main__ - INFO - 1
2026-09-25 14:59:56,663 - __main__ - INFO - failed
2026-09-25 14:59:56,663 - __main__ - INFO - 2
2026-09-25 14:59:56,675 - __main__ - INFO - failed
2026-09-25 14:59:56,675 - __main__ - INFO - 3
2026-09-25 14:59:56,687 - __main__ - INFO - failed
2026-09-25 14:59:56,687 - __main__ - INFO - 4
2026-09-25 14:59:56,700 - __main__ - INFO - failed
2026-09-25 14:59:56,700 - __main__ - INFO - 5
2026-09-25 14:59:56,712 - __main__ - INFO - failed
2026-09-25 14:59:56,712 - __main__ - INFO - 6
2026-09-25 14:59:56,724 - __main__ - INFO - failed
2026-09-25 14:59:56,724 - __main__ - INFO - 7
2026-09-25 14:59:56,736 - __main__ - INFO - failed
2026-09-25 14:59:56,736 - __main__ - INFO - 8
2026-09-25 14:59:56,749 - __main__ - INFO - failed
2026-09-25 14:59:56,749 - __main__ - INFO - 9
2026-09-25 14:59:56,761 - __main__ - INFO - failed
2026-09-25 14:59:56,761 - __main__ - INFO - 10
2026-09-25 14:59:56,773 - __main__ - INFO - failed
2026-09-25 14:59:56,773 - __main__ - INFO - 11
2026-09-25 14:59:56,785 - __main__ - INFO - failed
2026-09-25 14:59:56,785 - __main__ - INFO - 12
2026-09-25 14:59:56,797 - __main__ - INFO - failed
2026-09-25 14:59:56,797 - __main__ - INFO - 13
2026-09-25 14:59:56,810 - __main__ - INFO - failed
2026-09-25 14:59:56,810 - __main__ - INFO - 14
2026-09-25 14:59:56,822 - __main__ - INFO - failed
2026-09-25 14:59:56,822 - __main__ - INFO - 15
2026-09-25 14:59:56,834 - __main__ - INFO - failed
2026-09-25 14:59:56,834 - __main__ - INFO - 16
2026-09-25 14:59:56,846 - __main__ - INFO - failed
2026-09-25 14:59:56,846 - __main__ - INFO - 17
2026-09-25 14:59:56,859 - __main__ - INFO - failed
2026-09-25 14:59:56,859 - __main__ - INFO - 18
2026-09-25 14:59:56,871 - __main__ - INFO - failed
2026-09-25 14:59:56,871 - __main__ - INFO - 19
2026-09-25 14:59:56,883 - __main__ - INFO - failed
2026-09-25 14:59:56,883 - __main__ - INFO - 20
2026-09-25 14:59:56,895 - __main__ - INFO - failed
2026-09-25 14:59:56,895 - __main__ - INFO - 21
2026-09-25 14:59:56,908 - __main__ - INFO - failed
2026-09-25 14:59:56,908 - __main__ - INFO - 22
2026-09-25 14:59:56,920 - __main__ - INFO - failed
2026-09-25 14:59:56,920 - __main__ - INFO - 23
2026-09-25 14:59:56,932 - __main__ - INFO - failed
2026-09-25 14:59:56,932 - __main__ - INFO - 24
2026-09-25 14:59:56,944 - __main__ - INFO - failed
2026-09-25 14:59:56,945 - __main__ - INFO - 25
2026-09-25 14:59:56,957 - __main__ - INFO - failed
2026-09-25 14:59:56,957 - __main__ - INFO - 26
2026-09-25 14:59:56,969 - __main__ - INFO - failed
2026-09-25 14:59:56,969 - __main__ - INFO - 27
2026-09-25 14:59:56,981 - __main__ - INFO - failed
2026-09-25 14:59:56,981 - __main__ - INFO - 28
2026-09-25 14:59:56,994 - __main__ - INFO - failed
2026-09-25 14:59:56,994 - __main__ - INFO - 29
2026-09-25 14:59:57,006 - __main__ - INFO - failed
2026-09-25 14:59:57,006 - __main__ - INFO - 30
2026-09-25 14:59:57,018 - __main__ - INFO - failed
2026-09-25 14:59:57,018 - __main__ - INFO - 31
2026-09-25 14:59:57,031 - __main__ - INFO - failed
2026-09-25 14:59:57,031 - __main__ - INFO - 32
2026-09-25 14:59:57,044 - __main__ - INFO - failed
2026-09-25 14:59:57,044 - __main__ - INFO - 33
2026-09-25 14:59:57,057 - __main__ - INFO - failed
2026-09-25 14:59:57,057 - __main__ - INFO - 34
2026-09-25 14:59:57,069 - __main__ - INFO - failed
2026-09-25 14:59:57,069 - __main__ - INFO - 0
2026-09-25 14:59:57,081 - __main__ - INFO - failed
2026-09-25 14:59:57,081 - __main__ - INFO - 1
2026-09-25 14:59:57,093 - __main__ - INFO - failed
2026-09-25 14:59:57,093 - __main__ - INFO - 2
2026-09-25 14:59:57,105 - __main__ - INFO - failed
2026-09-25 14:59:57,106 - __main__ - INFO - 3
2026-09-25 14:59:57,118 - __main__ - INFO - failed
2026-09-25 14:59:57,118 - __main__ - INFO - 4
2026-09-25 14:59:57,130 - __main__ - INFO - failed
2026-09-25 14:59:57,130 - __main__ - INFO - 5
2026-09-25 14:59:57,142 - __main__ - INFO - failed
2026-09-25 14:59:57,142 - __main__ - INFO - 6
2026-09-25 14:59:57,154 - __main__ - INFO - failed
2026-09-25 14:59:57,154 - __main__ - INFO - 7
2026-09-25 14:59:57,167 - __main__ - INFO - failed
2026-09-25 14:59:57,167 - __main__ - INFO - 8
2026-09-25 14:59:57,179 - __main__ - INFO - failed
2026-09-25 14:59:57,179 - __main__ - INFO - 9
2026-09-25 14:59:58,274 - __main__ - INFO - failed
2026-09-25 14:59:58,274 - __main__ - INFO - 11
2026-09-25 14:59:58,287 - __main__ - INFO - failed
2026-09-25 14:59:58,287 - __main__ - INFO - 12
2026-09-25 14:59:58,300 - __main__ - INFO - failed
2026-09-25 14:59:58,300 - __main__ - INFO - 13
2026-09-25 14:59:58,313 - __main__ - INFO - failed
2026-09-25 14:59:58,313 - __main__ - INFO - 14
2026-09-25 14:59:58,325 - __main__ - INFO - failed
2026-09-25 14:59:58,325 - __main__ - INFO - 15
2026-09-25 14:59:58,338 - __main__ - INFO - failed
2026-09-25 14:59:58,338 - __main__ - INFO - 16
2026-09-25 14:59:58,351 - __main__ - INFO - failed
2026-09-25 14:59:58,351 - __main__ - INFO - 17
2026-09-25 14:59:58,364 - __main__ - INFO - failed
2026-09-25 14:59:58,364 - __main__ - INFO - 18
2026-09-25 14:59:58,376 - __main__ - INFO - failed
2026-09-25 14:59:58,377 - __main__ - INFO - 19
2026-09-25 14:59:58,389 - __main__ - INFO - failed
2026-09-25 14:59:58,389 - __main__ - INFO - 20
2026-09-25 14:59:58,402 - __main__ - INFO - failed
2026-09-25 14:59:58,402 - __main__ - INFO - 21
2026-09-25 14:59:58,415 - __main__ - INFO - failed
2026-09-25 14:59:58,415 - __main__ - INFO - 22
2026-09-25 14:59:58,428 - __main__ - INFO - failed
2026-09-25 14:59:58,428 - __main__ - INFO - 23
2026-09-25 14:59:58,441 - __main__ - INFO - failed
2026-09-25 14:59:58,441 - __main__ - INFO - 24
2026-09-25 14:59:58,454 - __main__ - INFO - failed
2026-09-25 14:59:58,454 - __main__ - INFO - 25
2026-09-25 14:59:58,467 - __main__ - INFO - failed
2026-09-25 14:59:58,467 - __main__ - INFO - 26
2026-09-25 14:59:58,479 - __main__ - INFO - failed
2026-09-25 14:59:58,480 - __main__ - INFO - 27
2026-09-25 14:59:58,492 - __main__ - INFO - failed
2026-09-25 14:59:58,493 - __main__ - INFO - 28
2026-09-25 14:59:58,505 - __main__ - INFO - failed
2026-09-25 14:59:58,505 - __main__ - INFO - 29
2026-09-25 14:59:58,518 - __main__ - INFO - failed
2026-09-25 14:59:58,518 - __main__ - INFO - 30
2026-09-25 14:59:58,531 - __main__ - INFO - failed
2026-09-25 14:59:58,531 - __main__ - INFO - 31
2026-09-25 14:59:58,544 - __main__ - INFO - failed
2026-09-25 14:59:58,544 - __main__ - INFO - 32
2026-09-25 14:59:58,557 - __main__ - INFO - failed
2026-09-25 14:59:58,557 - __main__ - INFO - 33
2026-09-25 14:59:58,570 - __main__ - INFO - failed
2026-09-25 14:59:58,570 - __main__ - INFO - 34
2026-09-25 14:59:58,571 - __main__ - INFO - running Us mob
2026-09-25 14:59:58,572 - __main__ - INFO - running Us mob
2026-09-25 14:59:58,572 - __main__ - INFO - running Us mob
2026-09-25 14:59:58,612 - __main__ - INFO - failed
2026-09-25 14:59:58,612 - __main__ - INFO - 0
2026-09-25 14:59:58,612 - __main__ - INFO - failed
2026-09-25 14:59:58,612 - __main__ - INFO - failed
2026-09-25 14:59:58,612 - __main__ - INFO - 0
2026-09-25 14:59:58,625 - __main__ - INFO - 0
2026-09-25 14:59:58,625 - __main__ - INFO - failed
2026-09-25 14:59:58,626 - __main__ - INFO - 1
2026-09-25 14:59:58,664 - __main__ - INFO - failed
2026-09-25 14:59:58,664 - __main__ - INFO - 1
2026-09-25 14:59:58,664 - __main__ - INFO - failed
2026-09-25 14:59:58,665 - __main__ - INFO - 1
2026-09-25 14:59:58,678 - __main__ - INFO - failed
2026-09-25 14:59:58,678 - __main__ - INFO - 2
2026-09-25 14:59:58,691 - __main__ - INFO - failed
2026-09-25 14:59:58,704 - __main__ - INFO - failed
2026-09-25 14:59:58,704 - __main__ - INFO - 2
2026-09-25 14:59:58,704 - __main__ - INFO - failed
2026-09-25 14:59:58,704 - __main__ - INFO - 2
2026-09-25 14:59:58,705 - __main__ - INFO - 3
2026-09-25 14:59:58,743 - __main__ - INFO - failed
2026-09-25 14:59:58,743 - __main__ - INFO - 3
2026-09-25 14:59:58,743 - __main__ - INFO - failed
2026-09-25 14:59:58,743 - __main__ - INFO - 3
2026-09-25 14:59:58,756 - __main__ - INFO - failed
2026-09-25 14:59:58,756 - __main__ - INFO - 4
2026-09-25 14:59:58,757 - __main__ - INFO - failed
2026-09-25 14:59:58,757 - __main__ - INFO - 4
2026-09-25 14:59:58,795 - __main__ - INFO - failed
2026-09-25 14:59:58,795 - __main__ - INFO - 4
2026-09-25 14:59:58,796 - __main__ - INFO - failed
2026-09-25 14:59:58,796 - __main__ - INFO - failed
2026-09-25 14:59:58,809 - __main__ - INFO - 5
2026-09-25 14:59:58,809 - __main__ - INFO - failed
2026-09-25 14:59:58,809 - __main__ - INFO - 5
2026-09-25 14:59:58,809 - __main__ - INFO - 5
2026-09-25 14:59:58,846 - __main__ - INFO - failed
2026-09-25 14:59:58,847 - __main__ - INFO - failed
2026-09-25 14:59:58,847 - __main__ - INFO - failed
2026-09-25 14:59:58,847 - __main__ - INFO - 6
2026-09-25 14:59:58,847 - __main__ - INFO - 6
2026-09-25 14:59:58,848 - __main__ - INFO - 6
2026-09-25 14:59:58,885 - __main__ - INFO - failed
2026-09-25 14:59:58,885 - __main__ - INFO - 7
2026-09-25 14:59:58,886 - __main__ - INFO - failed
2026-09-25 14:59:58,886 - __main__ - INFO - 7
2026-09-25 14:59:58,899 - __main__ - INFO - failed
2026-09-25 14:59:58,899 - __main__ - INFO - 7
2026-09-25 14:59:58,912 - __main__ - INFO - failed
2026-09-25 14:59:58,913 - __main__ - INFO - failed
2026-09-25 14:59:58,925 - __main__ - INFO - 8
2026-09-25 14:59:58,925 - __main__ - INFO - failed
2026-09-25 14:59:58,925 - __main__ - INFO - 8
2026-09-25 14:59:58,926 - __main__ - INFO - 8
2026-09-25 14:59:58,963 - __main__ - INFO - failed
2026-09-25 14:59:58,963 - __main__ - INFO - 9
2026-09-25 14:59:58,963 - __main__ - INFO - failed
2026-09-25 14:59:58,964 - __main__ - INFO - 9
2026-09-25 14:59:58,976 - __main__ - INFO - failed
2026-09-25 14:59:58,977 - __main__ - INFO - failed
2026-09-25 14:59:58,989 - __main__ - INFO - 9
2026-09-25 14:59:58,990 - __main__ - INFO - failed
2026-09-25 14:59:58,990 - __main__ - INFO - 10
2026-09-25 14:59:58,990 - __main__ - INFO - 10
2026-09-25 14:59:59,015 - __main__ - INFO - failed
2026-09-25 14:59:59,015 - __main__ - INFO - 10
2026-09-25 14:59:59,016 - __main__ - INFO - failed
2026-09-25 14:59:59,016 - __main__ - INFO - 11
2026-09-25 14:59:59,053 - __main__ - INFO - failed
2026-09-25 14:59:59,054 - __main__ - INFO - failed
2026-09-25 14:59:59,055 - __main__ - INFO - failed
2026-09-25 14:59:59,055 - __main__ - INFO - 11
2026-09-25 14:59:59,055 - __main__ - INFO - 12
2026-09-25 14:59:59,055 - __main__ - INFO - 11
2026-09-25 14:59:59,092 - __main__ - INFO - failed
2026-09-25 14:59:59,093 - __main__ - INFO - failed
2026-09-25 14:59:59,094 - __main__ - INFO - failed
2026-09-25 14:59:59,094 - __main__ - INFO - 12
2026-09-25 14:59:59,094 - __main__ - INFO - 13
2026-09-25 14:59:59,094 - __main__ - INFO - 12
2026-09-25 14:59:59,132 - __main__ - INFO - failed
2026-09-25 14:59:59,132 - __main__ - INFO - 13
2026-09-25 14:59:59,132 - __main__ - INFO - failed
2026-09-25 14:59:59,145 - __main__ - INFO - 14
2026-09-25 14:59:59,133 - __main__ - INFO - failed
2026-09-25 14:59:59,146 - __main__ - INFO - failed
2026-09-25 14:59:59,146 - __main__ - INFO - 13
2026-09-25 14:59:59,159 - __main__ - INFO - 14
2026-09-25 14:59:59,159 - __main__ - INFO - failed
2026-09-25 14:59:59,159 - __main__ - INFO - 15
2026-09-25 14:59:59,197 - __main__ - INFO - failed
2026-09-25 14:59:59,197 - __main__ - INFO - 14
2026-09-25 14:59:59,198 - __main__ - INFO - failed
2026-09-25 14:59:59,198 - __main__ - INFO - failed
2026-09-25 14:59:59,211 - __main__ - INFO - 15
2026-09-25 14:59:59,211 - __main__ - INFO - failed
2026-09-25 14:59:59,211 - __main__ - INFO - 16
2026-09-25 14:59:59,211 - __main__ - INFO - 15
2026-09-25 14:59:59,237 - __main__ - INFO - failed
2026-09-25 14:59:59,237 - __main__ - INFO - 16
2026-09-25 14:59:59,238 - __main__ - INFO - failed
2026-09-25 14:59:59,263 - __main__ - INFO - 17
2026-09-25 14:59:59,263 - __main__ - INFO - failed
2026-09-25 14:59:59,264 - __main__ - INFO - failed
2026-09-25 14:59:59,264 - __main__ - INFO - 17
2026-09-25 14:59:59,264 - __main__ - INFO - 16
2026-09-25 14:59:59,277 - __main__ - INFO - failed
2026-09-25 14:59:59,277 - __main__ - INFO - 18
2026-09-25 14:59:59,315 - __main__ - INFO - failed
2026-09-25 14:59:59,315 - __main__ - INFO - failed
2026-09-25 14:59:59,316 - __main__ - INFO - failed
2026-09-25 14:59:59,316 - __main__ - INFO - 18
2026-09-25 14:59:59,316 - __main__ - INFO - 19
2026-09-25 14:59:59,316 - __main__ - INFO - 17
2026-09-25 14:59:59,355 - __main__ - INFO - failed
2026-09-25 14:59:59,355 - __main__ - INFO - 19
2026-09-25 14:59:59,355 - __main__ - INFO - failed
2026-09-25 14:59:59,355 - __main__ - INFO - 20
2026-09-25 14:59:59,369 - __main__ - INFO - failed
2026-09-25 14:59:59,369 - __main__ - INFO - 18
2026-09-25 14:59:59,370 - __main__ - INFO - failed
2026-09-25 14:59:59,396 - __main__ - INFO - failed
2026-09-25 14:59:59,396 - __main__ - INFO - 20
2026-09-25 14:59:59,396 - __main__ - INFO - failed
2026-09-25 14:59:59,397 - __main__ - INFO - 21
2026-09-25 14:59:59,397 - __main__ - INFO - 19
2026-09-25 14:59:59,424 - __main__ - INFO - failed
2026-09-25 14:59:59,424 - __main__ - INFO - 21
2026-09-25 14:59:59,438 - __main__ - INFO - failed
2026-09-25 14:59:59,438 - __main__ - INFO - 20
2026-09-25 14:59:59,451 - __main__ - INFO - failed
2026-09-25 14:59:59,451 - __main__ - INFO - failed
2026-09-25 14:59:59,464 - __main__ - INFO - 0
2026-09-25 14:59:59,464 - __main__ - INFO - 0
2026-09-25 14:59:59,465 - __main__ - INFO - failed
2026-09-25 14:59:59,465 - __main__ - INFO - 21
2026-09-25 14:59:59,491 - __main__ - INFO - failed
2026-09-25 14:59:59,491 - __main__ - INFO - 1
2026-09-25 14:59:59,492 - __main__ - INFO - failed
2026-09-25 14:59:59,518 - __main__ - INFO - failed
2026-09-25 14:59:59,518 - __main__ - INFO - 1
2026-09-25 14:59:59,518 - __main__ - INFO - failed
2026-09-25 14:59:59,518 - __main__ - INFO - 0
2026-09-25 14:59:59,519 - __main__ - INFO - 2
2026-09-25 14:59:59,545 - __main__ - INFO - failed
2026-09-25 14:59:59,545 - __main__ - INFO - 2
2026-09-25 14:59:59,558 - __main__ - INFO - failed
2026-09-25 14:59:59,559 - __main__ - INFO - 1
2026-09-25 14:59:59,572 - __main__ - INFO - failed
2026-09-25 14:59:59,572 - __main__ - INFO - 3
2026-09-25 14:59:59,585 - __main__ - INFO - failed
2026-09-25 14:59:59,585 - __main__ - INFO - 3
2026-09-25 14:59:59,598 - __main__ - INFO - failed
2026-09-25 14:59:59,598 - __main__ - INFO - 2
2026-09-25 14:59:59,599 - __main__ - INFO - failed
2026-09-25 14:59:59,599 - __main__ - INFO - 4
2026-09-25 14:59:59,636 - __main__ - INFO - failed
2026-09-25 14:59:59,636 - __main__ - INFO - 3
2026-09-25 14:59:59,637 - __main__ - INFO - failed
2026-09-25 14:59:59,637 - __main__ - INFO - 5
2026-09-25 14:59:59,650 - __main__ - INFO - failed
2026-09-25 14:59:59,662 - __main__ - INFO - 4
2026-09-25 14:59:59,663 - __main__ - INFO - failed
2026-09-25 14:59:59,663 - __main__ - INFO - failed
2026-09-25 14:59:59,676 - __main__ - INFO - 4
2026-09-25 14:59:59,676 - __main__ - INFO - failed
2026-09-25 14:59:59,676 - __main__ - INFO - 6
2026-09-25 14:59:59,676 - __main__ - INFO - 5
2026-09-25 14:59:59,714 - __main__ - INFO - failed
2026-09-25 14:59:59,714 - __main__ - INFO - failed
2026-09-25 14:59:59,715 - __main__ - INFO - failed
2026-09-25 14:59:59,715 - __main__ - INFO - 5
2026-09-25 14:59:59,715 - __main__ - INFO - 7
2026-09-25 14:59:59,715 - __main__ - INFO - 6
2026-09-25 14:59:59,752 - __main__ - INFO - failed
2026-09-25 14:59:59,752 - __main__ - INFO - 6
2026-09-25 14:59:59,753 - __main__ - INFO - failed
2026-09-25 14:59:59,753 - __main__ - INFO - 8
2026-09-25 14:59:59,765 - __main__ - INFO - failed
2026-09-25 14:59:59,765 - __main__ - INFO - 7
2026-09-25 14:59:59,778 - __main__ - INFO - failed
2026-09-25 14:59:59,778 - __main__ - INFO - failed
2026-09-25 14:59:59,790 - __main__ - INFO - 7
2026-09-25 14:59:59,791 - __main__ - INFO - failed
2026-09-25 14:59:59,791 - __main__ - INFO - 9
2026-09-25 14:59:59,791 - __main__ - INFO - 8
2026-09-25 14:59:59,816 - __main__ - INFO - failed
2026-09-25 14:59:59,816 - __main__ - INFO - 8
2026-09-25 14:59:59,828 - __main__ - INFO - failed
2026-09-25 14:59:59,829 - __main__ - INFO - failed
2026-09-25 14:59:59,841 - __main__ - INFO - failed
2026-09-25 14:59:59,841 - __main__ - INFO - 10
2026-09-25 14:59:59,841 - __main__ - INFO - 9
2026-09-25 14:59:59,841 - __main__ - INFO - 9
2026-09-25 14:59:59,879 - __main__ - INFO - failed
2026-09-25 14:59:59,879 - __main__ - INFO - 11
2026-09-25 14:59:59,880 - __main__ - INFO - failed
2026-09-25 14:59:59,880 - __main__ - INFO - 10
2026-09-25 14:59:59,893 - __main__ - INFO - failed
2026-09-25 14:59:59,893 - __main__ - INFO - 10
2026-09-25 14:59:59,893 - __main__ - INFO - failed
2026-09-25 14:59:59,919 - __main__ - INFO - 12
2026-09-25 14:59:59,919 - __main__ - INFO - failed
2026-09-25 14:59:59,919 - __main__ - INFO - 11
2026-09-25 14:59:59,932 - __main__ - INFO - failed
2026-09-25 14:59:59,932 - __main__ - INFO - 11
2026-09-25 14:59:59,945 - __main__ - INFO - failed
2026-09-25 14:59:59,945 - __main__ - INFO - 13
2026-09-25 14:59:59,946 - __main__ - INFO - failed
2026-09-25 14:59:59,946 - __main__ - INFO - 12
2026-09-25 14:59:59,984 - __main__ - INFO - failed
2026-09-25 14:59:59,984 - __main__ - INFO - 12
2026-09-25 14:59:59,985 - __main__ - INFO - failed
2026-09-25 14:59:59,985 - __main__ - INFO - 13
2026-09-25 14:59:59,986 - __main__ - INFO - failed
2026-09-25 14:59:59,986 - __main__ - INFO - 14
2026-09-25 15:00:00,024 - __main__ - INFO - failed
2026-09-25 15:00:00,024 - __main__ - INFO - 14
2026-09-25 15:00:00,024 - __main__ - INFO - failed
2026-09-25 15:00:00,025 - __main__ - INFO - 15
2026-09-25 15:00:00,041 - __main__ - INFO - failed
2026-09-25 15:00:00,041 - __main__ - INFO - 13
2026-09-25 15:00:00,042 - __main__ - INFO - failed
2026-09-25 15:00:00,058 - __main__ - INFO - failed
2026-09-25 15:00:00,072 - __main__ - INFO - 15
2026-09-25 15:00:00,073 - __main__ - INFO - failed
2026-09-25 15:00:00,073 - __main__ - INFO - 16
2026-09-25 15:00:00,073 - __main__ - INFO - 14
2026-09-25 15:00:00,101 - __main__ - INFO - failed
2026-09-25 15:00:00,101 - __main__ - INFO - 16
2026-09-25 15:00:00,102 - __main__ - INFO - failed
2026-09-25 15:00:00,102 - __main__ - INFO - 17
2026-09-25 15:00:00,129 - __main__ - INFO - failed
2026-09-25 15:00:00,143 - __main__ - INFO - failed
2026-09-25 15:00:00,143 - __main__ - INFO - 17
2026-09-25 15:00:00,143 - __main__ - INFO - failed
2026-09-25 15:00:00,143 - __main__ - INFO - 15
2026-09-25 15:00:00,144 - __main__ - INFO - 18
2026-09-25 15:00:00,171 - __main__ - INFO - failed
2026-09-25 15:00:00,171 - __main__ - INFO - 18
2026-09-25 15:00:00,185 - __main__ - INFO - failed
2026-09-25 15:00:00,185 - __main__ - INFO - 16
2026-09-25 15:00:00,185 - __main__ - INFO - failed
2026-09-25 15:00:00,186 - __main__ - INFO - 19
2026-09-25 15:00:00,212 - __main__ - INFO - failed
2026-09-25 15:00:00,212 - __main__ - INFO - 17
2026-09-25 15:00:00,226 - __main__ - INFO - failed
2026-09-25 15:00:00,226 - __main__ - INFO - 19
2026-09-25 15:00:00,239 - __main__ - INFO - failed
2026-09-25 15:00:00,239 - __main__ - INFO - 20
2026-09-25 15:00:00,253 - __main__ - INFO - failed
2026-09-25 15:00:00,253 - __main__ - INFO - 18
2026-09-25 15:00:00,254 - __main__ - INFO - failed
2026-09-25 15:00:00,281 - __main__ - INFO - failed
2026-09-25 15:00:00,281 - __main__ - INFO - 20
2026-09-25 15:00:00,281 - __main__ - INFO - failed
2026-09-25 15:00:00,281 - __main__ - INFO - 21
2026-09-25 15:00:00,282 - __main__ - INFO - 19
2026-09-25 15:00:00,308 - __main__ - INFO - failed
2026-09-25 15:00:00,308 - __main__ - INFO - 21
2026-09-25 15:00:00,322 - __main__ - INFO - failed
2026-09-25 15:00:00,323 - __main__ - INFO - 20
2026-09-25 15:00:00,336 - __main__ - INFO - failed
2026-09-25 15:00:00,336 - __main__ - INFO - 0
2026-09-25 15:00:00,336 - __main__ - INFO - failed
2026-09-25 15:00:00,336 - __main__ - INFO - 0
2026-09-25 15:00:00,362 - __main__ - INFO - failed
2026-09-25 15:00:00,362 - __main__ - INFO - 21
2026-09-25 15:00:00,363 - __main__ - INFO - failed
2026-09-25 15:00:00,388 - __main__ - INFO - 1
2026-09-25 15:00:00,388 - __main__ - INFO - failed
2026-09-25 15:00:00,389 - __main__ - INFO - failed
2026-09-25 15:00:00,389 - __main__ - INFO - 0
2026-09-25 15:00:00,401 - __main__ - INFO - 1
2026-09-25 15:00:00,402 - __main__ - INFO - failed
2026-09-25 15:00:00,402 - __main__ - INFO - 2
2026-09-25 15:00:00,439 - __main__ - INFO - failed
2026-09-25 15:00:00,439 - __main__ - INFO - 1
2026-09-25 15:00:00,440 - __main__ - INFO - failed
2026-09-25 15:00:00,440 - __main__ - INFO - 3
2026-09-25 15:00:00,453 - __main__ - INFO - failed
2026-09-25 15:00:00,453 - __main__ - INFO - 2
2026-09-25 15:00:00,468 - __main__ - INFO - failed
2026-09-25 15:00:00,468 - __main__ - INFO - 2
2026-09-25 15:00:00,468 - __main__ - INFO - failed
2026-09-25 15:00:00,468 - __main__ - INFO - 4
2026-09-25 15:00:00,507 - __main__ - INFO - failed
2026-09-25 15:00:00,507 - __main__ - INFO - 3
2026-09-25 15:00:00,507 - __main__ - INFO - failed
2026-09-25 15:00:00,508 - __main__ - INFO - failed
2026-09-25 15:00:00,521 - __main__ - INFO - 3
2026-09-25 15:00:00,521 - __main__ - INFO - failed
2026-09-25 15:00:00,521 - __main__ - INFO - 5
2026-09-25 15:00:00,521 - __main__ - INFO - 4
2026-09-25 15:00:00,548 - __main__ - INFO - failed
2026-09-25 15:00:00,549 - __main__ - INFO - failed
2026-09-25 15:00:00,561 - __main__ - INFO - 4
2026-09-25 15:00:00,562 - __main__ - INFO - failed
2026-09-25 15:00:00,562 - __main__ - INFO - 6
2026-09-25 15:00:00,562 - __main__ - INFO - 5
2026-09-25 15:00:00,589 - __main__ - INFO - failed
2026-09-25 15:00:00,589 - __main__ - INFO - 5
2026-09-25 15:00:00,590 - __main__ - INFO - failed
2026-09-25 15:00:00,616 - __main__ - INFO - failed
2026-09-25 15:00:00,616 - __main__ - INFO - failed
2026-09-25 15:00:00,617 - __main__ - INFO - 7
2026-09-25 15:00:00,617 - __main__ - INFO - 6
2026-09-25 15:00:00,617 - __main__ - INFO - 6
2026-09-25 15:00:00,643 - __main__ - INFO - failed
2026-09-25 15:00:00,657 - __main__ - INFO - failed
2026-09-25 15:00:00,657 - __main__ - INFO - 8
2026-09-25 15:00:00,658 - __main__ - INFO - failed
2026-09-25 15:00:00,658 - __main__ - INFO - 7
2026-09-25 15:00:00,658 - __main__ - INFO - 7
2026-09-25 15:00:00,684 - __main__ - INFO - failed
2026-09-25 15:00:00,685 - __main__ - INFO - failed
2026-09-25 15:00:00,698 - __main__ - INFO - 9
2026-09-25 15:00:00,698 - __main__ - INFO - failed
2026-09-25 15:00:00,698 - __main__ - INFO - 8
2026-09-25 15:00:00,699 - __main__ - INFO - 8
2026-09-25 15:00:00,725 - __main__ - INFO - failed
2026-09-25 15:00:00,725 - __main__ - INFO - 10
2026-09-25 15:00:00,739 - __main__ - INFO - failed
2026-09-25 15:00:00,739 - __main__ - INFO - 9
2026-09-25 15:00:00,739 - __main__ - INFO - failed
2026-09-25 15:00:00,765 - __main__ - INFO - failed
2026-09-25 15:00:00,766 - __main__ - INFO - 9
2026-09-25 15:00:00,766 - __main__ - INFO - failed
2026-09-25 15:00:00,766 - __main__ - INFO - 11
2026-09-25 15:00:00,766 - __main__ - INFO - 10
2026-09-25 15:00:00,805 - __main__ - INFO - failed
2026-09-25 15:00:00,805 - __main__ - INFO - 10
2026-09-25 15:00:00,805 - __main__ - INFO - failed
2026-09-25 15:00:00,806 - __main__ - INFO - 12
2026-09-25 15:00:00,819 - __main__ - INFO - failed
2026-09-25 15:00:00,819 - __main__ - INFO - 11
2026-09-25 15:00:00,833 - __main__ - INFO - failed
2026-09-25 15:00:00,833 - __main__ - INFO - failed
2026-09-25 15:00:00,846 - __main__ - INFO - 11
2026-09-25 15:00:00,847 - __main__ - INFO - failed
2026-09-25 15:00:00,847 - __main__ - INFO - 13
2026-09-25 15:00:00,847 - __main__ - INFO - 12
2026-09-25 15:00:00,874 - __main__ - INFO - failed
2026-09-25 15:00:00,875 - __main__ - INFO - failed
2026-09-25 15:00:00,888 - __main__ - INFO - 12
2026-09-25 15:00:00,888 - __main__ - INFO - failed
2026-09-25 15:00:00,889 - __main__ - INFO - 14
2026-09-25 15:00:00,889 - __main__ - INFO - 13
2026-09-25 15:00:00,902 - __main__ - INFO - failed
2026-09-25 15:00:00,915 - __main__ - INFO - 13
2026-09-25 15:00:00,915 - __main__ - INFO - failed
2026-09-25 15:00:00,942 - __main__ - INFO - failed
2026-09-25 15:00:00,942 - __main__ - INFO - 15
2026-09-25 15:00:00,942 - __main__ - INFO - failed
2026-09-25 15:00:00,942 - __main__ - INFO - 14
2026-09-25 15:00:00,942 - __main__ - INFO - 14
2026-09-25 15:00:00,956 - __main__ - INFO - failed
2026-09-25 15:00:00,970 - __main__ - INFO - failed
2026-09-25 15:00:00,982 - __main__ - INFO - 16
2026-09-25 15:00:00,982 - __main__ - INFO - failed
2026-09-25 15:00:00,982 - __main__ - INFO - 15
2026-09-25 15:00:00,983 - __main__ - INFO - 15
2026-09-25 15:00:01,009 - __main__ - INFO - failed
2026-09-25 15:00:01,010 - __main__ - INFO - failed
2026-09-25 15:00:01,023 - __main__ - INFO - 17
2026-09-25 15:00:01,023 - __main__ - INFO - failed
2026-09-25 15:00:01,023 - __main__ - INFO - 16
2026-09-25 15:00:01,023 - __main__ - INFO - 16
2026-09-25 15:00:01,050 - __main__ - INFO - failed
2026-09-25 15:00:01,051 - __main__ - INFO - failed
2026-09-25 15:00:01,064 - __main__ - INFO - 18
2026-09-25 15:00:01,064 - __main__ - INFO - failed
2026-09-25 15:00:01,064 - __main__ - INFO - 17
2026-09-25 15:00:01,064 - __main__ - INFO - 17
2026-09-25 15:00:01,091 - __main__ - INFO - failed
2026-09-25 15:00:01,091 - __main__ - INFO - 19
2026-09-25 15:00:01,091 - __main__ - INFO - failed
2026-09-25 15:00:01,104 - __main__ - INFO - 18
2026-09-25 15:00:01,118 - __main__ - INFO - failed
2026-09-25 15:00:01,118 - __main__ - INFO - 18
2026-09-25 15:00:01,131 - __main__ - INFO - failed
2026-09-25 15:00:01,131 - __main__ - INFO - 20
2026-09-25 15:00:01,132 - __main__ - INFO - failed
2026-09-25 15:00:01,132 - __main__ - INFO - 19
2026-09-25 15:00:01,159 - __main__ - INFO - failed
2026-09-25 15:00:01,159 - __main__ - INFO - 21
2026-09-25 15:00:01,173 - __main__ - INFO - failed
2026-09-25 15:00:01,173 - __main__ - INFO - 19
2026-09-25 15:00:01,186 - __main__ - INFO - failed
2026-09-25 15:00:01,187 - __main__ - INFO - failed
2026-09-25 15:00:01,200 - __main__ - INFO - 20
2026-09-25 15:00:01,200 - __main__ - INFO - failed
2026-09-25 15:00:01,200 - __main__ - INFO - 0
2026-09-25 15:00:01,200 - __main__ - INFO - 20
2026-09-25 15:00:01,228 - __main__ - INFO - failed
2026-09-25 15:00:01,228 - __main__ - INFO - 21
2026-09-25 15:00:01,229 - __main__ - INFO - failed
2026-09-25 15:00:01,229 - __main__ - INFO - 1
2026-09-25 15:00:01,256 - __main__ - INFO - failed
2026-09-25 15:00:01,256 - __main__ - INFO - 0
2026-09-25 15:00:01,269 - __main__ - INFO - failed
2026-09-25 15:00:01,270 - __main__ - INFO - 21
2026-09-25 15:00:01,284 - __main__ - INFO - failed
2026-09-25 15:00:01,284 - __main__ - INFO - failed
2026-09-25 15:00:01,297 - __main__ - INFO - 2
2026-09-25 15:00:01,297 - __main__ - INFO - failed
2026-09-25 15:00:01,297 - __main__ - INFO - 1
2026-09-25 15:00:01,297 - __main__ - INFO - 0
2026-09-25 15:00:01,325 - __main__ - INFO - failed
2026-09-25 15:00:01,325 - __main__ - INFO - failed
2026-09-25 15:00:01,339 - __main__ - INFO - 3
2026-09-25 15:00:01,339 - __main__ - INFO - failed
2026-09-25 15:00:01,339 - __main__ - INFO - 2
2026-09-25 15:00:01,339 - __main__ - INFO - 1
2026-09-25 15:00:01,367 - __main__ - INFO - failed
2026-09-25 15:00:01,367 - __main__ - INFO - 4
2026-09-25 15:00:01,367 - __main__ - INFO - failed
2026-09-25 15:00:01,368 - __main__ - INFO - 3
2026-09-25 15:00:01,394 - __main__ - INFO - failed
2026-09-25 15:00:01,408 - __main__ - INFO - failed
2026-09-25 15:00:01,408 - __main__ - INFO - 5
2026-09-25 15:00:01,408 - __main__ - INFO - failed
2026-09-25 15:00:01,408 - __main__ - INFO - 2
2026-09-25 15:00:01,408 - __main__ - INFO - 4
2026-09-25 15:00:01,435 - __main__ - INFO - failed
2026-09-25 15:00:01,448 - __main__ - INFO - failed
2026-09-25 15:00:01,448 - __main__ - INFO - 6
2026-09-25 15:00:01,449 - __main__ - INFO - failed
2026-09-25 15:00:01,449 - __main__ - INFO - 3
2026-09-25 15:00:01,449 - __main__ - INFO - 5
2026-09-25 15:00:01,487 - __main__ - INFO - failed
2026-09-25 15:00:01,487 - __main__ - INFO - 7
2026-09-25 15:00:01,488 - __main__ - INFO - failed
2026-09-25 15:00:01,488 - __main__ - INFO - 6
2026-09-25 15:00:01,501 - __main__ - INFO - failed
2026-09-25 15:00:01,501 - __main__ - INFO - 4
2026-09-25 15:00:01,501 - __main__ - INFO - failed
2026-09-25 15:00:01,526 - __main__ - INFO - 8
2026-09-25 15:00:01,526 - __main__ - INFO - failed
2026-09-25 15:00:01,527 - __main__ - INFO - failed
2026-09-25 15:00:01,539 - __main__ - INFO - 7
2026-09-25 15:00:01,539 - __main__ - INFO - failed
2026-09-25 15:00:01,539 - __main__ - INFO - 5
2026-09-25 15:00:01,540 - __main__ - INFO - 9
2026-09-25 15:00:01,576 - __main__ - INFO - failed
2026-09-25 15:00:01,576 - __main__ - INFO - 8
2026-09-25 15:00:01,577 - __main__ - INFO - failed
2026-09-25 15:00:01,577 - __main__ - INFO - 10
2026-09-25 15:00:01,590 - __main__ - INFO - failed
2026-09-25 15:00:01,590 - __main__ - INFO - 6
2026-09-25 15:00:01,591 - __main__ - INFO - failed
2026-09-25 15:00:01,591 - __main__ - INFO - 9
2026-09-25 15:00:01,628 - __main__ - INFO - failed
2026-09-25 15:00:01,629 - __main__ - INFO - 11
2026-09-25 15:00:01,629 - __main__ - INFO - failed
2026-09-25 15:00:01,629 - __main__ - INFO - 7
2026-09-25 15:00:01,655 - __main__ - INFO - failed
2026-09-25 15:00:01,655 - __main__ - INFO - 8
2026-09-25 15:00:01,655 - __main__ - INFO - failed
2026-09-25 15:00:01,668 - __main__ - INFO - 12
2026-09-25 15:00:01,668 - __main__ - INFO - failed
2026-09-25 15:00:01,668 - __main__ - INFO - 9
2026-09-25 15:00:01,682 - __main__ - INFO - failed
2026-09-25 15:00:01,682 - __main__ - INFO - 13
2026-09-25 15:00:01,707 - __main__ - INFO - failed
2026-09-25 15:00:01,708 - __main__ - INFO - failed
2026-09-25 15:00:01,708 - __main__ - INFO - 10
2026-09-25 15:00:01,708 - __main__ - INFO - 14
2026-09-25 15:00:01,732 - __main__ - INFO - failed
2026-09-25 15:00:01,733 - __main__ - INFO - failed
2026-09-25 15:00:01,733 - __main__ - INFO - 11
2026-09-25 15:00:01,733 - __main__ - INFO - 15
2026-09-25 15:00:01,759 - __main__ - INFO - failed
2026-09-25 15:00:01,759 - __main__ - INFO - failed
2026-09-25 15:00:01,759 - __main__ - INFO - 16
2026-09-25 15:00:01,759 - __main__ - INFO - 12
2026-09-25 15:00:01,784 - __main__ - INFO - failed
2026-09-25 15:00:01,785 - __main__ - INFO - failed
2026-09-25 15:00:01,785 - __main__ - INFO - 17
2026-09-25 15:00:01,785 - __main__ - INFO - 13
2026-09-25 15:00:01,810 - __main__ - INFO - failed
2026-09-25 15:00:01,811 - __main__ - INFO - failed
2026-09-25 15:00:01,811 - __main__ - INFO - 14
2026-09-25 15:00:01,811 - __main__ - INFO - 18
2026-09-25 15:00:01,836 - __main__ - INFO - failed
2026-09-25 15:00:01,837 - __main__ - INFO - failed
2026-09-25 15:00:01,837 - __main__ - INFO - 19
2026-09-25 15:00:01,837 - __main__ - INFO - 15
2026-09-25 15:00:01,862 - __main__ - INFO - failed
2026-09-25 15:00:01,862 - __main__ - INFO - failed
2026-09-25 15:00:01,862 - __main__ - INFO - 16
2026-09-25 15:00:01,862 - __main__ - INFO - 20
2026-09-25 15:00:01,887 - __main__ - INFO - failed
2026-09-25 15:00:01,887 - __main__ - INFO - failed
2026-09-25 15:00:01,887 - __main__ - INFO - 17
2026-09-25 15:00:01,887 - __main__ - INFO - 21
2026-09-25 15:00:01,912 - __main__ - INFO - failed
2026-09-25 15:00:01,913 - __main__ - INFO - failed
2026-09-25 15:00:01,913 - __main__ - INFO - 18
2026-09-25 15:00:01,913 - __main__ - INFO - 0
2026-09-25 15:00:01,937 - __main__ - INFO - failed
2026-09-25 15:00:01,938 - __main__ - INFO - failed
2026-09-25 15:00:01,938 - __main__ - INFO - 19
2026-09-25 15:00:01,938 - __main__ - INFO - 1
2026-09-25 15:00:01,963 - __main__ - INFO - failed
2026-09-25 15:00:01,963 - __main__ - INFO - failed
2026-09-25 15:00:01,963 - __main__ - INFO - 2
2026-09-25 15:00:01,963 - __main__ - INFO - 20
2026-09-25 15:00:01,988 - __main__ - INFO - failed
2026-09-25 15:00:01,989 - __main__ - INFO - failed
2026-09-25 15:00:01,989 - __main__ - INFO - 3
2026-09-25 15:00:01,989 - __main__ - INFO - 21
2026-09-25 15:00:02,014 - __main__ - INFO - failed
2026-09-25 15:00:02,014 - __main__ - INFO - failed
2026-09-25 15:00:02,014 - __main__ - INFO - 4
2026-09-25 15:00:02,014 - __main__ - INFO - 0
2026-09-25 15:00:02,038 - __main__ - INFO - failed
2026-09-25 15:00:02,039 - __main__ - INFO - failed
2026-09-25 15:00:02,039 - __main__ - INFO - 5
2026-09-25 15:00:02,039 - __main__ - INFO - 1
2026-09-25 15:00:02,064 - __main__ - INFO - failed
2026-09-25 15:00:02,064 - __main__ - INFO - failed
2026-09-25 15:00:02,064 - __main__ - INFO - 6
2026-09-25 15:00:02,064 - __main__ - INFO - 2
2026-09-25 15:00:02,089 - __main__ - INFO - failed
2026-09-25 15:00:02,089 - __main__ - INFO - failed
2026-09-25 15:00:02,089 - __main__ - INFO - 7
2026-09-25 15:00:02,090 - __main__ - INFO - 3
2026-09-25 15:00:02,114 - __main__ - INFO - failed
2026-09-25 15:00:02,115 - __main__ - INFO - failed
2026-09-25 15:00:02,115 - __main__ - INFO - 4
2026-09-25 15:00:02,115 - __main__ - INFO - 8
2026-09-25 15:00:02,140 - __main__ - INFO - failed
2026-09-25 15:00:02,140 - __main__ - INFO - failed
2026-09-25 15:00:02,140 - __main__ - INFO - 5
2026-09-25 15:00:02,140 - __main__ - INFO - 9
2026-09-25 15:00:02,166 - __main__ - INFO - failed
2026-09-25 15:00:02,166 - __main__ - INFO - failed
2026-09-25 15:00:02,166 - __main__ - INFO - 10
2026-09-25 15:00:02,166 - __main__ - INFO - 6
2026-09-25 15:00:02,192 - __main__ - INFO - failed
2026-09-25 15:00:02,192 - __main__ - INFO - failed
2026-09-25 15:00:02,192 - __main__ - INFO - 7
2026-09-25 15:00:02,192 - __main__ - INFO - 11
2026-09-25 15:00:02,217 - __main__ - INFO - failed
2026-09-25 15:00:02,217 - __main__ - INFO - failed
2026-09-25 15:00:02,217 - __main__ - INFO - 8
2026-09-25 15:00:02,218 - __main__ - INFO - 12
2026-09-25 15:00:02,242 - __main__ - INFO - failed
2026-09-25 15:00:02,243 - __main__ - INFO - failed
2026-09-25 15:00:02,243 - __main__ - INFO - 13
2026-09-25 15:00:02,243 - __main__ - INFO - 9
2026-09-25 15:00:02,267 - __main__ - INFO - failed
2026-09-25 15:00:02,268 - __main__ - INFO - failed
2026-09-25 15:00:02,268 - __main__ - INFO - 10
2026-09-25 15:00:02,268 - __main__ - INFO - 14
2026-09-25 15:00:02,293 - __main__ - INFO - failed
2026-09-25 15:00:02,294 - __main__ - INFO - failed
2026-09-25 15:00:02,294 - __main__ - INFO - 15
2026-09-25 15:00:02,294 - __main__ - INFO - 11
2026-09-25 15:00:02,319 - __main__ - INFO - failed
2026-09-25 15:00:02,319 - __main__ - INFO - failed
2026-09-25 15:00:02,320 - __main__ - INFO - 16
2026-09-25 15:00:02,320 - __main__ - INFO - 12
2026-09-25 15:00:02,344 - __main__ - INFO - failed
2026-09-25 15:00:02,345 - __main__ - INFO - failed
2026-09-25 15:00:02,345 - __main__ - INFO - 17
2026-09-25 15:00:02,345 - __main__ - INFO - 13
2026-09-25 15:00:02,370 - __main__ - INFO - failed
2026-09-25 15:00:02,370 - __main__ - INFO - failed
2026-09-25 15:00:02,370 - __main__ - INFO - 14
2026-09-25 15:00:02,370 - __main__ - INFO - 18
2026-09-25 15:00:02,395 - __main__ - INFO - failed
2026-09-25 15:00:02,396 - __main__ - INFO - failed
2026-09-25 15:00:02,396 - __main__ - INFO - 15
2026-09-25 15:00:02,396 - __main__ - INFO - 19
2026-09-25 15:00:02,421 - __main__ - INFO - failed
2026-09-25 15:00:02,421 - __main__ - INFO - failed
2026-09-25 15:00:02,421 - __main__ - INFO - 16
2026-09-25 15:00:02,421 - __main__ - INFO - 20
2026-09-25 15:00:02,446 - __main__ - INFO - failed
2026-09-25 15:00:02,447 - __main__ - INFO - failed
2026-09-25 15:00:02,447 - __main__ - INFO - 21
2026-09-25 15:00:02,447 - __main__ - INFO - 17
2026-09-25 15:00:02,472 - __main__ - INFO - failed
2026-09-25 15:00:02,472 - __main__ - INFO - failed
2026-09-25 15:00:02,472 - __main__ - INFO - 18
2026-09-25 15:00:02,472 - __main__ - INFO - 0
2026-09-25 15:00:02,497 - __main__ - INFO - failed
2026-09-25 15:00:02,497 - __main__ - INFO - failed
2026-09-25 15:00:02,498 - __main__ - INFO - 19
2026-09-25 15:00:02,498 - __main__ - INFO - 1
2026-09-25 15:00:02,523 - __main__ - INFO - failed
2026-09-25 15:00:02,523 - __main__ - INFO - failed
2026-09-25 15:00:02,523 - __main__ - INFO - 20
2026-09-25 15:00:02,523 - __main__ - INFO - 2
2026-09-25 15:00:02,548 - __main__ - INFO - failed
2026-09-25 15:00:02,549 - __main__ - INFO - failed
2026-09-25 15:00:02,549 - __main__ - INFO - 21
2026-09-25 15:00:02,549 - __main__ - INFO - 3
2026-09-25 15:00:02,575 - __main__ - INFO - failed
2026-09-25 15:00:02,575 - __main__ - INFO - failed
2026-09-25 15:00:02,575 - __main__ - INFO - 4
2026-09-25 15:00:02,575 - __main__ - INFO - 0
2026-09-25 15:00:02,600 - __main__ - INFO - failed
2026-09-25 15:00:02,600 - __main__ - INFO - failed
2026-09-25 15:00:02,600 - __main__ - INFO - 5
2026-09-25 15:00:02,600 - __main__ - INFO - 1
2026-09-25 15:00:02,626 - __main__ - INFO - failed
2026-09-25 15:00:02,626 - __main__ - INFO - failed
2026-09-25 15:00:02,626 - __main__ - INFO - 2
2026-09-25 15:00:02,627 - __main__ - INFO - 6
2026-09-25 15:00:02,653 - __main__ - INFO - failed
2026-09-25 15:00:02,654 - __main__ - INFO - failed
2026-09-25 15:00:02,654 - __main__ - INFO - 3
2026-09-25 15:00:02,654 - __main__ - INFO - 7
2026-09-25 15:00:02,679 - __main__ - INFO - failed
2026-09-25 15:00:02,680 - __main__ - INFO - failed
2026-09-25 15:00:02,680 - __main__ - INFO - 8
2026-09-25 15:00:02,680 - __main__ - INFO - 4
2026-09-25 15:00:02,705 - __main__ - INFO - failed
2026-09-25 15:00:02,706 - __main__ - INFO - failed
2026-09-25 15:00:02,706 - __main__ - INFO - 9
2026-09-25 15:00:02,706 - __main__ - INFO - 5
2026-09-25 15:00:02,732 - __main__ - INFO - failed
2026-09-25 15:00:02,733 - __main__ - INFO - failed
2026-09-25 15:00:02,733 - __main__ - INFO - 6
2026-09-25 15:00:02,733 - __main__ - INFO - 10
2026-09-25 15:00:02,758 - __main__ - INFO - failed
2026-09-25 15:00:02,758 - __main__ - INFO - failed
2026-09-25 15:00:02,758 - __main__ - INFO - 11
2026-09-25 15:00:02,758 - __main__ - INFO - 7
2026-09-25 15:00:02,783 - __main__ - INFO - failed
2026-09-25 15:00:02,783 - __main__ - INFO - 12
2026-09-25 15:00:02,784 - __main__ - INFO - failed
2026-09-25 15:00:02,784 - __main__ - INFO - 8
2026-09-25 15:00:02,821 - __main__ - INFO - failed
2026-09-25 15:00:02,822 - __main__ - INFO - failed
2026-09-25 15:00:02,822 - __main__ - INFO - failed
2026-09-25 15:00:02,822 - __main__ - INFO - 13
2026-09-25 15:00:02,822 - __main__ - INFO - 9
2026-09-25 15:00:02,822 - __main__ - INFO - 11
2026-09-25 15:00:02,859 - __main__ - INFO - failed
2026-09-25 15:00:02,860 - __main__ - INFO - failed
2026-09-25 15:00:02,861 - __main__ - INFO - failed
2026-09-25 15:00:02,861 - __main__ - INFO - 14
2026-09-25 15:00:02,861 - __main__ - INFO - 10
2026-09-25 15:00:02,861 - __main__ - INFO - 12
2026-09-25 15:00:02,899 - __main__ - INFO - failed
2026-09-25 15:00:02,899 - __main__ - INFO - 15
2026-09-25 15:00:02,900 - __main__ - INFO - failed
2026-09-25 15:00:02,900 - __main__ - INFO - 11
2026-09-25 15:00:02,900 - __main__ - INFO - failed
2026-09-25 15:00:02,913 - __main__ - INFO - failed
2026-09-25 15:00:02,926 - __main__ - INFO - 13
2026-09-25 15:00:02,926 - __main__ - INFO - failed
2026-09-25 15:00:02,926 - __main__ - INFO - 16
2026-09-25 15:00:02,926 - __main__ - INFO - 12
2026-09-25 15:00:02,962 - __main__ - INFO - failed
2026-09-25 15:00:02,963 - __main__ - INFO - failed
2026-09-25 15:00:02,963 - __main__ - INFO - failed
2026-09-25 15:00:02,963 - __main__ - INFO - 14
2026-09-25 15:00:02,963 - __main__ - INFO - 13
2026-09-25 15:00:02,963 - __main__ - INFO - 17
2026-09-25 15:00:02,999 - __main__ - INFO - failed
2026-09-25 15:00:02,999 - __main__ - INFO - failed
2026-09-25 15:00:03,000 - __main__ - INFO - failed
2026-09-25 15:00:03,000 - __main__ - INFO - 15
2026-09-25 15:00:03,000 - __main__ - INFO - 14
2026-09-25 15:00:03,000 - __main__ - INFO - 18
2026-09-25 15:00:03,036 - __main__ - INFO - failed
2026-09-25 15:00:03,036 - __main__ - INFO - 16
2026-09-25 15:00:03,036 - __main__ - INFO - failed
2026-09-25 15:00:03,036 - __main__ - INFO - 15
2026-09-25 15:00:03,049 - __main__ - INFO - failed
2026-09-25 15:00:03,049 - __main__ - INFO - 19
2026-09-25 15:00:03,049 - __main__ - INFO - failed
2026-09-25 15:00:03,062 - __main__ - INFO - failed
2026-09-25 15:00:03,073 - __main__ - INFO - 17
2026-09-25 15:00:03,073 - __main__ - INFO - 16
2026-09-25 15:00:03,074 - __main__ - INFO - failed
2026-09-25 15:00:03,074 - __main__ - INFO - 20
2026-09-25 15:00:03,110 - __main__ - INFO - failed
2026-09-25 15:00:03,110 - __main__ - INFO - 18
2026-09-25 15:00:03,110 - __main__ - INFO - failed
2026-09-25 15:00:03,111 - __main__ - INFO - failed
2026-09-25 15:00:03,122 - __main__ - INFO - 17
2026-09-25 15:00:03,123 - __main__ - INFO - failed
2026-09-25 15:00:03,123 - __main__ - INFO - 21
2026-09-25 15:00:03,123 - __main__ - INFO - 19
2026-09-25 15:00:03,147 - __main__ - INFO - failed
2026-09-25 15:00:03,159 - __main__ - INFO - failed
2026-09-25 15:00:03,159 - __main__ - INFO - 18
2026-09-25 15:00:03,160 - __main__ - INFO - failed
2026-09-25 15:00:03,160 - __main__ - INFO - 0
2026-09-25 15:00:03,160 - __main__ - INFO - 20
2026-09-25 15:00:03,196 - __main__ - INFO - failed
2026-09-25 15:00:03,196 - __main__ - INFO - 19
2026-09-25 15:00:03,196 - __main__ - INFO - failed
2026-09-25 15:00:03,197 - __main__ - INFO - failed
2026-09-25 15:00:03,197 - __main__ - INFO - 1
2026-09-25 15:00:03,197 - __main__ - INFO - 21
2026-09-25 15:00:03,209 - __main__ - INFO - failed
2026-09-25 15:00:03,210 - __main__ - INFO - 20
2026-09-25 15:00:03,234 - __main__ - INFO - failed
2026-09-25 15:00:03,234 - __main__ - INFO - 2
2026-09-25 15:00:03,246 - __main__ - INFO - failed
2026-09-25 15:00:03,246 - __main__ - INFO - failed
2026-09-25 15:00:03,258 - __main__ - INFO - 21
2026-09-25 15:00:03,258 - __main__ - INFO - failed
2026-09-25 15:00:03,259 - __main__ - INFO - 0
2026-09-25 15:00:03,259 - __main__ - INFO - 3
2026-09-25 15:00:03,294 - __main__ - INFO - failed
2026-09-25 15:00:03,295 - __main__ - INFO - failed
2026-09-25 15:00:03,295 - __main__ - INFO - failed
2026-09-25 15:00:03,295 - __main__ - INFO - 0
2026-09-25 15:00:03,295 - __main__ - INFO - 1
2026-09-25 15:00:03,295 - __main__ - INFO - 4
2026-09-25 15:00:03,331 - __main__ - INFO - failed
2026-09-25 15:00:03,332 - __main__ - INFO - failed
2026-09-25 15:00:03,332 - __main__ - INFO - 1
2026-09-25 15:00:03,332 - __main__ - INFO - failed
2026-09-25 15:00:03,332 - __main__ - INFO - 2
2026-09-25 15:00:03,332 - __main__ - INFO - 5
2026-09-25 15:00:03,356 - __main__ - INFO - failed
2026-09-25 15:00:03,357 - __main__ - INFO - failed
2026-09-25 15:00:03,357 - __main__ - INFO - 2
2026-09-25 15:00:03,357 - __main__ - INFO - 3
2026-09-25 15:00:03,369 - __main__ - INFO - failed
2026-09-25 15:00:03,381 - __main__ - INFO - failed
2026-09-25 15:00:03,393 - __main__ - INFO - 6
2026-09-25 15:00:03,393 - __main__ - INFO - failed
2026-09-25 15:00:03,394 - __main__ - INFO - 3
2026-09-25 15:00:03,394 - __main__ - INFO - 4
2026-09-25 15:00:03,429 - __main__ - INFO - failed
2026-09-25 15:00:03,430 - __main__ - INFO - failed
2026-09-25 15:00:03,430 - __main__ - INFO - failed
2026-09-25 15:00:03,430 - __main__ - INFO - 7
2026-09-25 15:00:03,430 - __main__ - INFO - 5
2026-09-25 15:00:03,430 - __main__ - INFO - 4
2026-09-25 15:00:03,466 - __main__ - INFO - failed
2026-09-25 15:00:03,466 - __main__ - INFO - failed
2026-09-25 15:00:03,467 - __main__ - INFO - failed
2026-09-25 15:00:03,467 - __main__ - INFO - 8
2026-09-25 15:00:03,467 - __main__ - INFO - 6
2026-09-25 15:00:03,467 - __main__ - INFO - 5
2026-09-25 15:00:03,503 - __main__ - INFO - failed
2026-09-25 15:00:03,503 - __main__ - INFO - failed
2026-09-25 15:00:03,504 - __main__ - INFO - failed
2026-09-25 15:00:03,504 - __main__ - INFO - 9
2026-09-25 15:00:03,504 - __main__ - INFO - 7
2026-09-25 15:00:03,504 - __main__ - INFO - 6
2026-09-25 15:00:03,540 - __main__ - INFO - failed
2026-09-25 15:00:03,540 - __main__ - INFO - 10
2026-09-25 15:00:03,540 - __main__ - INFO - failed
2026-09-25 15:00:03,540 - __main__ - INFO - 8
2026-09-25 15:00:03,552 - __main__ - INFO - failed
2026-09-25 15:00:03,553 - __main__ - INFO - 7
2026-09-25 15:00:03,553 - __main__ - INFO - failed
2026-09-25 15:00:03,577 - __main__ - INFO - 11
2026-09-25 15:00:03,577 - __main__ - INFO - failed
2026-09-25 15:00:03,577 - __main__ - INFO - 9
2026-09-25 15:00:03,589 - __main__ - INFO - failed
2026-09-25 15:00:03,590 - __main__ - INFO - 8
2026-09-25 15:00:03,590 - __main__ - INFO - failed
2026-09-25 15:00:03,613 - __main__ - INFO - 12
2026-09-25 15:00:03,614 - __main__ - INFO - failed
2026-09-25 15:00:03,614 - __main__ - INFO - 10
2026-09-25 15:00:03,626 - __main__ - INFO - failed
2026-09-25 15:00:03,626 - __main__ - INFO - 9
2026-09-25 15:00:03,627 - __main__ - INFO - failed
2026-09-25 15:00:03,627 - __main__ - INFO - 13
2026-09-25 15:00:03,663 - __main__ - INFO - failed
2026-09-25 15:00:03,663 - __main__ - INFO - 11
2026-09-25 15:00:03,664 - __main__ - INFO - failed
2026-09-25 15:00:03,664 - __main__ - INFO - failed
2026-09-25 15:00:03,676 - __main__ - INFO - 14
2026-09-25 15:00:03,676 - __main__ - INFO - failed
2026-09-25 15:00:03,676 - __main__ - INFO - 10
2026-09-25 15:00:03,677 - __main__ - INFO - 12
2026-09-25 15:00:03,712 - __main__ - INFO - failed
2026-09-25 15:00:03,713 - __main__ - INFO - failed
2026-09-25 15:00:03,713 - __main__ - INFO - failed
2026-09-25 15:00:03,713 - __main__ - INFO - 15
2026-09-25 15:00:03,713 - __main__ - INFO - 13
2026-09-25 15:00:03,714 - __main__ - INFO - 11
2026-09-25 15:00:03,749 - __main__ - INFO - failed
2026-09-25 15:00:03,750 - __main__ - INFO - failed
2026-09-25 15:00:03,750 - __main__ - INFO - failed
2026-09-25 15:00:03,750 - __main__ - INFO - 16
2026-09-25 15:00:03,750 - __main__ - INFO - 14
2026-09-25 15:00:03,750 - __main__ - INFO - 12
2026-09-25 15:00:03,786 - __main__ - INFO - failed
2026-09-25 15:00:03,787 - __main__ - INFO - failed
2026-09-25 15:00:03,787 - __main__ - INFO - failed
2026-09-25 15:00:03,787 - __main__ - INFO - 17
2026-09-25 15:00:03,787 - __main__ - INFO - 15
2026-09-25 15:00:03,787 - __main__ - INFO - 13
2026-09-25 15:00:03,823 - __main__ - INFO - failed
2026-09-25 15:00:03,823 - __main__ - INFO - 18
2026-09-25 15:00:03,824 - __main__ - INFO - failed
2026-09-25 15:00:03,824 - __main__ - INFO - failed
2026-09-25 15:00:03,836 - __main__ - INFO - 16
2026-09-25 15:00:03,836 - __main__ - INFO - failed
2026-09-25 15:00:03,836 - __main__ - INFO - 14
2026-09-25 15:00:03,837 - __main__ - INFO - 19
2026-09-25 15:00:03,872 - __main__ - INFO - failed
2026-09-25 15:00:03,873 - __main__ - INFO - failed
2026-09-25 15:00:03,873 - __main__ - INFO - failed
2026-09-25 15:00:03,873 - __main__ - INFO - 17
2026-09-25 15:00:03,873 - __main__ - INFO - 20
2026-09-25 15:00:03,873 - __main__ - INFO - 15
2026-09-25 15:00:03,909 - __main__ - INFO - failed
2026-09-25 15:00:03,910 - __main__ - INFO - failed
2026-09-25 15:00:03,910 - __main__ - INFO - failed
2026-09-25 15:00:03,910 - __main__ - INFO - 18
2026-09-25 15:00:03,910 - __main__ - INFO - 21
2026-09-25 15:00:03,910 - __main__ - INFO - 16
2026-09-25 15:00:03,946 - __main__ - INFO - failed
2026-09-25 15:00:03,946 - __main__ - INFO - failed
2026-09-25 15:00:03,947 - __main__ - INFO - failed
2026-09-25 15:00:03,947 - __main__ - INFO - 19
2026-09-25 15:00:03,947 - __main__ - INFO - 0
2026-09-25 15:00:03,947 - __main__ - INFO - 17
2026-09-25 15:00:03,983 - __main__ - INFO - failed
2026-09-25 15:00:03,983 - __main__ - INFO - failed
2026-09-25 15:00:03,984 - __main__ - INFO - failed
2026-09-25 15:00:03,984 - __main__ - INFO - 20
2026-09-25 15:00:03,984 - __main__ - INFO - 1
2026-09-25 15:00:03,984 - __main__ - INFO - 18
2026-09-25 15:00:04,020 - __main__ - INFO - failed
2026-09-25 15:00:04,020 - __main__ - INFO - failed
2026-09-25 15:00:04,020 - __main__ - INFO - failed
2026-09-25 15:00:04,021 - __main__ - INFO - 21
2026-09-25 15:00:04,021 - __main__ - INFO - 2
2026-09-25 15:00:04,021 - __main__ - INFO - 19
2026-09-25 15:00:04,045 - __main__ - INFO - failed
2026-09-25 15:00:04,045 - __main__ - INFO - failed
2026-09-25 15:00:04,046 - __main__ - INFO - 3
2026-09-25 15:00:04,046 - __main__ - INFO - 20
2026-09-25 15:00:04,069 - __main__ - INFO - failed
2026-09-25 15:00:04,070 - __main__ - INFO - 4
2026-09-25 15:00:04,070 - __main__ - INFO - failed
2026-09-25 15:00:04,070 - __main__ - INFO - 21
2026-09-25 15:00:04,094 - __main__ - INFO - failed
2026-09-25 15:00:04,094 - __main__ - INFO - 5
2026-09-25 15:00:04,094 - __main__ - INFO - failed
2026-09-25 15:00:04,094 - __main__ - INFO - 0
2026-09-25 15:00:04,118 - __main__ - INFO - failed
2026-09-25 15:00:04,118 - __main__ - INFO - failed
2026-09-25 15:00:04,119 - __main__ - INFO - 6
2026-09-25 15:00:04,119 - __main__ - INFO - 1
2026-09-25 15:00:04,142 - __main__ - INFO - failed
2026-09-25 15:00:04,143 - __main__ - INFO - failed
2026-09-25 15:00:04,143 - __main__ - INFO - 7
2026-09-25 15:00:04,143 - __main__ - INFO - 2
2026-09-25 15:00:04,167 - __main__ - INFO - failed
2026-09-25 15:00:04,167 - __main__ - INFO - 8
2026-09-25 15:00:04,167 - __main__ - INFO - failed
2026-09-25 15:00:04,168 - __main__ - INFO - 3
2026-09-25 15:00:04,191 - __main__ - INFO - failed
2026-09-25 15:00:04,191 - __main__ - INFO - 9
2026-09-25 15:00:04,192 - __main__ - INFO - failed
2026-09-25 15:00:04,192 - __main__ - INFO - 4
2026-09-25 15:00:04,204 - __main__ - INFO - failed
2026-09-25 15:00:04,216 - __main__ - INFO - 10
2026-09-25 15:00:04,216 - __main__ - INFO - failed
2026-09-25 15:00:04,216 - __main__ - INFO - 5
2026-09-25 15:00:04,228 - __main__ - INFO - failed
2026-09-25 15:00:04,229 - __main__ - INFO - 11
2026-09-25 15:00:04,253 - __main__ - INFO - failed
2026-09-25 15:00:04,253 - __main__ - INFO - 12
2026-09-25 15:00:04,265 - __main__ - INFO - failed
2026-09-25 15:00:04,265 - __main__ - INFO - 13
2026-09-25 15:00:04,278 - __main__ - INFO - failed
2026-09-25 15:00:04,278 - __main__ - INFO - 14
2026-09-25 15:00:04,291 - __main__ - INFO - failed
2026-09-25 15:00:04,291 - __main__ - INFO - 15
2026-09-25 15:00:04,303 - __main__ - INFO - failed
2026-09-25 15:00:04,303 - __main__ - INFO - 16
2026-09-25 15:00:04,315 - __main__ - INFO - failed
2026-09-25 15:00:04,315 - __main__ - INFO - 17
2026-09-25 15:00:04,328 - __main__ - INFO - failed
2026-09-25 15:00:04,328 - __main__ - INFO - 18
2026-09-25 15:00:04,340 - __main__ - INFO - failed
2026-09-25 15:00:04,340 - __main__ - INFO - 19
2026-09-25 15:00:04,352 - __main__ - INFO - failed
2026-09-25 15:00:04,352 - __main__ - INFO - 20
2026-09-25 15:00:04,365 - __main__ - INFO - failed
2026-09-25 15:00:04,365 - __main__ - INFO - 21
2026-09-25 15:00:04,377 - __main__ - INFO - failed
2026-09-25 15:00:04,377 - __main__ - INFO - 0
2026-09-25 15:00:04,389 - __main__ - INFO - failed
2026-09-25 15:00:04,389 - __main__ - INFO - 1
2026-09-25 15:00:04,401 - __main__ - INFO - failed
2026-09-25 15:00:04,401 - __main__ - INFO - 2
2026-09-25 15:00:04,413 - __main__ - INFO - failed
2026-09-25 15:00:04,413 - __main__ - INFO - 3
2026-09-25 15:00:04,426 - __main__ - INFO - failed
2026-09-25 15:00:04,426 - __main__ - INFO - 4
2026-09-25 15:00:04,438 - __main__ - INFO - failed
2026-09-25 15:00:04,438 - __main__ - INFO - 5
2026-09-25 15:00:04,450 - __main__ - INFO - failed
2026-09-25 15:00:04,450 - __main__ - INFO - 6
2026-09-25 15:00:04,462 - __main__ - INFO - failed
2026-09-25 15:00:04,462 - __main__ - INFO - 7
2026-09-25 15:00:04,474 - __main__ - INFO - failed
2026-09-25 15:00:04,474 - __main__ - INFO - 8
2026-09-25 15:00:04,487 - __main__ - INFO - failed
2026-09-25 15:00:04,487 - __main__ - INFO - 9
2026-09-25 15:00:04,499 - __main__ - INFO - failed
2026-09-25 15:00:04,499 - __main__ - INFO - 10
2026-09-25 15:00:04,511 - __main__ - INFO - failed
2026-09-25 15:00:04,511 - __main__ - INFO - 11
2026-09-25 15:00:04,523 - __main__ - INFO - failed
2026-09-25 15:00:04,523 - __main__ - INFO - 12
2026-09-25 15:00:04,535 - __main__ - INFO - failed
2026-09-25 15:00:04,535 - __main__ - INFO - 13
2026-09-25 15:00:04,548 - __main__ - INFO - failed
2026-09-25 15:00:04,548 - __main__ - INFO - 14
2026-09-25 15:00:04,560 - __main__ - INFO - failed
2026-09-25 15:00:04,560 - __main__ - INFO - 15
2026-09-25 15:00:04,572 - __main__ - INFO - failed
2026-09-25 15:00:04,572 - __main__ - INFO - 16
2026-09-25 15:00:04,584 - __main__ - INFO - failed
2026-09-25 15:00:04,584 - __main__ - INFO - 17
2026-09-25 15:00:04,596 - __main__ - INFO - failed
2026-09-25 15:00:04,597 - __main__ - INFO - 18
2026-09-25 15:00:04,609 - __main__ - INFO - failed
2026-09-25 15:00:04,609 - __main__ - INFO - 19
2026-09-25 15:00:04,621 - __main__ - INFO - failed
2026-09-25 15:00:04,621 - __main__ - INFO - 20
2026-09-25 15:00:04,633 - __main__ - INFO - failed
2026-09-25 15:00:04,633 - __main__ - INFO - 21
2026-09-25 15:00:04,645 - __main__ - INFO - failed
2026-09-25 15:00:04,645 - __main__ - INFO - 0
2026-09-25 15:00:04,657 - __main__ - INFO - failed
2026-09-25 15:00:04,658 - __main__ - INFO - 1
2026-09-25 15:00:04,670 - __main__ - INFO - failed
2026-09-25 15:00:04,670 - __main__ - INFO - 2
2026-09-25 15:00:04,682 - __main__ - INFO - failed
2026-09-25 15:00:04,682 - __main__ - INFO - 3
2026-09-25 15:00:04,694 - __main__ - INFO - failed
2026-09-25 15:00:04,694 - __main__ - INFO - 4
2026-09-25 15:00:04,706 - __main__ - INFO - failed
2026-09-25 15:00:04,706 - __main__ - INFO - 5
2026-09-25 15:00:04,719 - __main__ - INFO - failed
2026-09-25 15:00:04,719 - __main__ - INFO - 6
2026-09-25 15:00:04,731 - __main__ - INFO - failed
2026-09-25 15:00:04,731 - __main__ - INFO - 7
2026-09-25 15:00:04,743 - __main__ - INFO - failed
2026-09-25 15:00:04,743 - __main__ - INFO - 8
2026-09-25 15:00:04,755 - __main__ - INFO - failed
2026-09-25 15:00:04,755 - __main__ - INFO - 9
2026-09-25 15:00:04,767 - __main__ - INFO - failed
2026-09-25 15:00:04,767 - __main__ - INFO - 10
2026-09-25 15:00:04,780 - __main__ - INFO - failed
2026-09-25 15:00:04,780 - __main__ - INFO - 11
2026-09-25 15:00:04,792 - __main__ - INFO - failed
2026-09-25 15:00:04,792 - __main__ - INFO - 12
2026-09-25 15:00:04,804 - __main__ - INFO - failed
2026-09-25 15:00:04,804 - __main__ - INFO - 13
2026-09-25 15:00:04,817 - __main__ - INFO - failed
2026-09-25 15:00:04,817 - __main__ - INFO - 14
2026-09-25 15:00:04,829 - __main__ - INFO - failed
2026-09-25 15:00:04,829 - __main__ - INFO - 15
2026-09-25 15:00:04,841 - __main__ - INFO - failed
2026-09-25 15:00:04,841 - __main__ - INFO - 16
2026-09-25 15:00:04,853 - __main__ - INFO - failed
2026-09-25 15:00:04,853 - __main__ - INFO - 17
2026-09-25 15:00:04,865 - __main__ - INFO - failed
2026-09-25 15:00:04,865 - __main__ - INFO - 18
2026-09-25 15:00:04,878 - __main__ - INFO - failed
2026-09-25 15:00:04,878 - __main__ - INFO - 19
2026-09-25 15:00:04,890 - __main__ - INFO - failed
2026-09-25 15:00:04,890 - __main__ - INFO - 20
2026-09-25 15:00:04,902 - __main__ - INFO - failed
2026-09-25 15:00:04,902 - __main__ - INFO - 21
2026-09-25 15:00:04,914 - __main__ - INFO - failed
2026-09-25 15:00:04,914 - __main__ - INFO - 0
2026-09-25 15:00:04,926 - __main__ - INFO - failed
2026-09-25 15:00:04,926 - __main__ - INFO - 1
2026-09-25 15:00:04,938 - __main__ - INFO - failed
2026-09-25 15:00:04,939 - __main__ - INFO - 2
2026-09-25 15:00:04,951 - __main__ - INFO - failed
2026-09-25 15:00:04,951 - __main__ - INFO - 3
2026-09-25 15:00:04,963 - __main__ - INFO - failed
2026-09-25 15:00:04,963 - __main__ - INFO - 4
2026-09-25 15:00:04,975 - __main__ - INFO - failed
2026-09-25 15:00:04,975 - __main__ - INFO - 5
2026-09-25 15:00:04,987 - __main__ - INFO - failed
2026-09-25 15:00:04,987 - __main__ - INFO - 6
2026-09-25 15:00:04,999 - __main__ - INFO - failed
2026-09-25 15:00:05,000 - __main__ - INFO - 7
2026-09-25 15:00:05,012 - __main__ - INFO - failed
2026-09-25 15:00:05,012 - __main__ - INFO - 8
2026-09-25 15:00:05,024 - __main__ - INFO - failed
2026-09-25 15:00:05,024 - __main__ - INFO - 9
2026-09-25 15:00:05,036 - __main__ - INFO - failed
2026-09-25 15:00:05,036 - __main__ - INFO - 10
2026-09-25 15:00:05,048 - __main__ - INFO - failed
2026-09-25 15:00:05,048 - __main__ - INFO - 11
2026-09-25 15:00:05,060 - __main__ - INFO - failed
2026-09-25 15:00:05,060 - __main__ - INFO - 12
2026-09-25 15:00:05,073 - __main__ - INFO - failed
2026-09-25 15:00:05,073 - __main__ - INFO - 13
2026-09-25 15:00:05,085 - __main__ - INFO - failed
2026-09-25 15:00:05,085 - __main__ - INFO - 14
2026-09-25 15:00:05,097 - __main__ - INFO - failed
2026-09-25 15:00:05,097 - __main__ - INFO - 15
2026-09-25 15:00:05,109 - __main__ - INFO - failed
2026-09-25 15:00:05,109 - __main__ - INFO - 16
2026-09-25 15:00:05,121 - __main__ - INFO - failed
2026-09-25 15:00:05,121 - __main__ - INFO - 17
2026-09-25 15:00:05,134 - __main__ - INFO - failed
2026-09-25 15:00:05,134 - __main__ - INFO - 18
2026-09-25 15:00:05,146 - __main__ - INFO - failed
2026-09-25 15:00:05,146 - __main__ - INFO - 19
2026-09-25 15:00:05,158 - __main__ - INFO - failed
2026-09-25 15:00:05,158 - __main__ - INFO - 20
2026-09-25 15:00:05,170 - __main__ - INFO - failed
2026-09-25 15:00:05,170 - __main__ - INFO - 21
2026-09-25 15:00:05,182 - __main__ - INFO - failed
2026-09-25 15:00:05,183 - __main__ - INFO - 0
2026-09-25 15:00:05,195 - __main__ - INFO - failed
2026-09-25 15:00:05,195 - __main__ - INFO - 1
2026-09-25 15:00:05,207 - __main__ - INFO - failed
2026-09-25 15:00:05,207 - __main__ - INFO - 2
2026-09-25 15:00:05,219 - __main__ - INFO - failed
2026-09-25 15:00:05,219 - __main__ - INFO - 3
2026-09-25 15:00:05,231 - __main__ - INFO - failed
2026-09-25 15:00:05,231 - __main__ - INFO - 4
2026-09-25 15:00:05,243 - __main__ - INFO - failed
2026-09-25 15:00:05,243 - __main__ - INFO - 5
2026-09-25 15:00:05,256 - __main__ - INFO - failed
2026-09-25 15:00:05,256 - __main__ - INFO - 6
2026-09-25 15:00:05,268 - __main__ - INFO - failed
2026-09-25 15:00:05,268 - __main__ - INFO - 7
2026-09-25 15:00:05,280 - __main__ - INFO - failed
2026-09-25 15:00:05,280 - __main__ - INFO - 8
2026-09-25 15:00:05,292 - __main__ - INFO - failed
2026-09-25 15:00:05,292 - __main__ - INFO - 9
2026-09-25 15:00:05,305 - __main__ - INFO - failed
2026-09-25 15:00:05,305 - __main__ - INFO - 10
2026-09-25 15:00:05,317 - __main__ - INFO - failed
2026-09-25 15:00:05,317 - __main__ - INFO - 11
2026-09-25 15:00:05,329 - __main__ - INFO - failed
2026-09-25 15:00:05,329 - __main__ - INFO - 12
2026-09-25 15:00:05,341 - __main__ - INFO - failed
2026-09-25 15:00:05,341 - __main__ - INFO - 13
2026-09-25 15:00:05,366 - __main__ - INFO - failed
2026-09-25 15:00:05,366 - __main__ - INFO - 14
2026-09-25 15:00:05,366 - __main__ - INFO - failed
2026-09-25 15:00:05,377 - __main__ - INFO - 7
2026-09-25 15:00:05,378 - __main__ - INFO - failed
2026-09-25 15:00:05,378 - __main__ - INFO - 15
2026-09-25 15:00:05,402 - __main__ - INFO - failed
2026-09-25 15:00:05,403 - __main__ - INFO - failed
2026-09-25 15:00:05,403 - __main__ - INFO - 8
2026-09-25 15:00:05,403 - __main__ - INFO - 16
2026-09-25 15:00:05,427 - __main__ - INFO - failed
2026-09-25 15:00:05,427 - __main__ - INFO - failed
2026-09-25 15:00:05,427 - __main__ - INFO - 9
2026-09-25 15:00:05,428 - __main__ - INFO - 17
2026-09-25 15:00:05,451 - __main__ - INFO - failed
2026-09-25 15:00:05,452 - __main__ - INFO - failed
2026-09-25 15:00:05,452 - __main__ - INFO - 10
2026-09-25 15:00:05,452 - __main__ - INFO - 18
2026-09-25 15:00:05,476 - __main__ - INFO - failed
2026-09-25 15:00:05,476 - __main__ - INFO - 11
2026-09-25 15:00:05,477 - __main__ - INFO - failed
2026-09-25 15:00:05,488 - __main__ - INFO - 19
2026-09-25 15:00:05,489 - __main__ - INFO - failed
2026-09-25 15:00:05,489 - __main__ - INFO - 12
2026-09-25 15:00:05,513 - __main__ - INFO - failed
2026-09-25 15:00:05,513 - __main__ - INFO - 13
2026-09-25 15:00:05,526 - __main__ - INFO - failed
2026-09-25 15:00:05,526 - __main__ - INFO - 14
2026-09-25 15:00:05,538 - __main__ - INFO - failed
2026-09-25 15:00:05,538 - __main__ - INFO - 15
2026-09-25 15:00:05,551 - __main__ - INFO - failed
2026-09-25 15:00:05,551 - __main__ - INFO - 16
2026-09-25 15:00:05,563 - __main__ - INFO - failed
2026-09-25 15:00:05,563 - __main__ - INFO - 17
2026-09-25 15:00:05,576 - __main__ - INFO - failed
2026-09-25 15:00:05,576 - __main__ - INFO - 18
2026-09-25 15:00:05,588 - __main__ - INFO - failed
2026-09-25 15:00:05,588 - __main__ - INFO - 19
2026-09-25 15:00:05,600 - __main__ - INFO - failed
2026-09-25 15:00:05,600 - __main__ - INFO - 20
2026-09-25 15:00:05,612 - __main__ - INFO - failed
2026-09-25 15:00:05,613 - __main__ - INFO - 21
2026-09-25 15:00:05,626 - __main__ - INFO - failed
2026-09-25 15:00:05,626 - __main__ - INFO - 0
2026-09-25 15:00:05,638 - __main__ - INFO - failed
2026-09-25 15:00:05,638 - __main__ - INFO - 1
2026-09-25 15:00:05,650 - __main__ - INFO - failed
2026-09-25 15:00:05,650 - __main__ - INFO - 2
2026-09-25 15:00:05,662 - __main__ - INFO - failed
2026-09-25 15:00:05,662 - __main__ - INFO - 3
2026-09-25 15:00:05,675 - __main__ - INFO - failed
2026-09-25 15:00:05,675 - __main__ - INFO - 4
2026-09-25 15:00:05,687 - __main__ - INFO - failed
2026-09-25 15:00:05,687 - __main__ - INFO - 5
2026-09-25 15:00:05,699 - __main__ - INFO - failed
2026-09-25 15:00:05,699 - __main__ - INFO - 6
2026-09-25 15:00:05,711 - __main__ - INFO - failed
2026-09-25 15:00:05,711 - __main__ - INFO - 7
2026-09-25 15:00:05,724 - __main__ - INFO - failed
2026-09-25 15:00:05,724 - __main__ - INFO - 8
2026-09-25 15:00:05,736 - __main__ - INFO - failed
2026-09-25 15:00:05,736 - __main__ - INFO - 9
2026-09-25 15:00:05,748 - __main__ - INFO - failed
2026-09-25 15:00:05,748 - __main__ - INFO - 10
2026-09-25 15:00:05,760 - __main__ - INFO - failed
2026-09-25 15:00:05,760 - __main__ - INFO - 11
2026-09-25 15:00:05,773 - __main__ - INFO - failed
2026-09-25 15:00:05,773 - __main__ - INFO - 12
2026-09-25 15:00:05,785 - __main__ - INFO - failed
2026-09-25 15:00:05,785 - __main__ - INFO - 13
2026-09-25 15:00:05,797 - __main__ - INFO - failed
2026-09-25 15:00:05,797 - __main__ - INFO - 14
2026-09-25 15:00:05,809 - __main__ - INFO - failed
2026-09-25 15:00:05,809 - __main__ - INFO - 15
2026-09-25 15:00:05,822 - __main__ - INFO - failed
2026-09-25 15:00:05,822 - __main__ - INFO - 16
2026-09-25 15:00:05,834 - __main__ - INFO - failed
2026-09-25 15:00:05,834 - __main__ - INFO - 17
2026-09-25 15:00:05,846 - __main__ - INFO - failed
2026-09-25 15:00:05,846 - __main__ - INFO - 18
2026-09-25 15:00:05,858 - __main__ - INFO - failed
2026-09-25 15:00:05,858 - __main__ - INFO - 19
2026-09-25 15:00:05,871 - __main__ - INFO - failed
2026-09-25 15:00:05,871 - __main__ - INFO - 20
2026-09-25 15:00:05,883 - __main__ - INFO - failed
2026-09-25 15:00:05,883 - __main__ - INFO - 21
2026-09-25 15:00:05,895 - __main__ - INFO - failed
2026-09-25 15:00:05,895 - __main__ - INFO - 0
2026-09-25 15:00:05,907 - __main__ - INFO - failed
2026-09-25 15:00:05,907 - __main__ - INFO - 1
2026-09-25 15:00:05,919 - __main__ - INFO - failed
2026-09-25 15:00:05,919 - __main__ - INFO - 2
2026-09-25 15:00:05,931 - __main__ - INFO - failed
2026-09-25 15:00:05,932 - __main__ - INFO - 3
2026-09-25 15:00:05,944 - __main__ - INFO - failed
2026-09-25 15:00:05,944 - __main__ - INFO - 4
2026-09-25 15:00:05,956 - __main__ - INFO - failed
2026-09-25 15:00:05,956 - __main__ - INFO - 5
2026-09-25 15:00:05,968 - __main__ - INFO - failed
2026-09-25 15:00:05,968 - __main__ - INFO - 6
2026-09-25 15:00:05,980 - __main__ - INFO - failed
2026-09-25 15:00:05,980 - __main__ - INFO - 7
2026-09-25 15:00:05,993 - __main__ - INFO - failed
2026-09-25 15:00:05,993 - __main__ - INFO - 8
2026-09-25 15:00:06,005 - __main__ - INFO - failed
2026-09-25 15:00:06,005 - __main__ - INFO - 9
2026-09-25 15:00:06,017 - __main__ - INFO - failed
2026-09-25 15:00:06,017 - __main__ - INFO - 10
2026-09-25 15:00:06,029 - __main__ - INFO - failed
2026-09-25 15:00:06,029 - __main__ - INFO - 11
2026-09-25 15:00:06,041 - __main__ - INFO - failed
2026-09-25 15:00:06,042 - __main__ - INFO - 12
2026-09-25 15:00:06,054 - __main__ - INFO - failed
2026-09-25 15:00:06,054 - __main__ - INFO - 13
2026-09-25 15:00:06,066 - __main__ - INFO - failed
2026-09-25 15:00:06,066 - __main__ - INFO - 14
2026-09-25 15:00:06,078 - __main__ - INFO - failed
2026-09-25 15:00:06,078 - __main__ - INFO - 15
2026-09-25 15:00:06,090 - __main__ - INFO - failed
2026-09-25 15:00:06,090 - __main__ - INFO - 16
2026-09-25 15:00:06,103 - __main__ - INFO - failed
2026-09-25 15:00:06,103 - __main__ - INFO - 17
2026-09-25 15:00:06,115 - __main__ - INFO - failed
2026-09-25 15:00:06,115 - __main__ - INFO - 18
2026-09-25 15:00:06,127 - __main__ - INFO - failed
2026-09-25 15:00:06,127 - __main__ - INFO - 19
2026-09-25 15:00:06,139 - __main__ - INFO - failed
2026-09-25 15:00:06,139 - __main__ - INFO - 20
2026-09-25 15:00:06,152 - __main__ - INFO - failed
2026-09-25 15:00:06,152 - __main__ - INFO - 21
2026-09-25 15:00:06,164 - __main__ - INFO - failed
2026-09-25 15:00:06,164 - __main__ - INFO - 0
2026-09-25 15:00:06,176 - __main__ - INFO - failed
2026-09-25 15:00:06,176 - __main__ - INFO - 1
2026-09-25 15:00:06,188 - __main__ - INFO - failed
2026-09-25 15:00:06,188 - __main__ - INFO - 2
2026-09-25 15:00:06,200 - __main__ - INFO - failed
2026-09-25 15:00:06,200 - __main__ - INFO - 3
2026-09-25 15:00:06,212 - __main__ - INFO - failed
2026-09-25 15:00:06,213 - __main__ - INFO - 4
2026-09-25 15:00:06,225 - __main__ - INFO - failed
2026-09-25 15:00:06,225 - __main__ - INFO - 5
2026-09-25 15:00:06,237 - __main__ - INFO - failed
2026-09-25 15:00:06,237 - __main__ - INFO - 6
2026-09-25 15:00:06,249 - __main__ - INFO - failed
2026-09-25 15:00:06,249 - __main__ - INFO - 7
2026-09-25 15:00:06,261 - __main__ - INFO - failed
2026-09-25 15:00:06,261 - __main__ - INFO - 8
2026-09-25 15:00:06,274 - __main__ - INFO - failed
2026-09-25 15:00:06,274 - __main__ - INFO - 9
2026-09-25 15:00:06,286 - __main__ - INFO - failed
2026-09-25 15:00:06,286 - __main__ - INFO - 10
2026-09-25 15:00:06,298 - __main__ - INFO - failed
2026-09-25 15:00:06,298 - __main__ - INFO - 11
2026-09-25 15:00:06,310 - __main__ - INFO - failed
2026-09-25 15:00:06,311 - __main__ - INFO - 12
2026-09-25 15:00:06,323 - __main__ - INFO - failed
2026-09-25 15:00:06,323 - __main__ - INFO - 13
2026-09-25 15:00:06,335 - __main__ - INFO - failed
2026-09-25 15:00:06,335 - __main__ - INFO - 14
2026-09-25 15:00:06,347 - __main__ - INFO - failed
2026-09-25 15:00:06,348 - __main__ - INFO - 15
2026-09-25 15:00:06,360 - __main__ - INFO - failed
2026-09-25 15:00:06,360 - __main__ - INFO - 16
2026-09-25 15:00:06,372 - __main__ - INFO - failed
2026-09-25 15:00:06,372 - __main__ - INFO - 17
2026-09-25 15:00:06,384 - __main__ - INFO - failed
2026-09-25 15:00:06,384 - __main__ - INFO - 18
2026-09-25 15:00:06,397 - __main__ - INFO - failed
2026-09-25 15:00:06,397 - __main__ - INFO - 19
2026-09-25 15:00:06,409 - __main__ - INFO - failed
2026-09-25 15:00:06,409 - __main__ - INFO - 20
2026-09-25 15:00:06,421 - __main__ - INFO - failed
2026-09-25 15:00:06,421 - __main__ - INFO - 21
2026-09-25 15:00:06,433 - __main__ - INFO - failed
2026-09-25 15:00:06,433 - __main__ - INFO - 0
2026-09-25 15:00:06,445 - __main__ - INFO - failed
2026-09-25 15:00:06,445 - __main__ - INFO - 1
2026-09-25 15:00:06,458 - __main__ - INFO - failed
2026-09-25 15:00:06,458 - __main__ - INFO - 2
2026-09-25 15:00:06,470 - __main__ - INFO - failed
2026-09-25 15:00:06,470 - __main__ - INFO - 3
2026-09-25 15:00:06,482 - __main__ - INFO - failed
2026-09-25 15:00:06,482 - __main__ - INFO - 4
2026-09-25 15:00:06,494 - __main__ - INFO - failed
2026-09-25 15:00:06,494 - __main__ - INFO - 5
2026-09-25 15:00:06,507 - __main__ - INFO - failed
2026-09-25 15:00:06,507 - __main__ - INFO - 6
2026-09-25 15:00:06,519 - __main__ - INFO - failed
2026-09-25 15:00:06,519 - __main__ - INFO - 7
2026-09-25 15:00:06,531 - __main__ - INFO - failed
2026-09-25 15:00:06,531 - __main__ - INFO - 8
2026-09-25 15:00:06,543 - __main__ - INFO - failed
2026-09-25 15:00:06,543 - __main__ - INFO - 9
2026-09-25 15:00:06,555 - __main__ - INFO - failed
2026-09-25 15:00:06,556 - __main__ - INFO - 10
2026-09-25 15:00:06,568 - __main__ - INFO - failed
2026-09-25 15:00:06,568 - __main__ - INFO - 11
2026-09-25 15:00:06,582 - __main__ - INFO - failed
2026-09-25 15:00:06,582 - __main__ - INFO - 12
2026-09-25 15:00:06,595 - __main__ - INFO - failed
2026-09-25 15:00:06,595 - __main__ - INFO - 13
2026-09-25 15:00:06,609 - __main__ - INFO - failed
2026-09-25 15:00:06,609 - __main__ - INFO - 14
2026-09-25 15:00:06,621 - __main__ - INFO - failed
2026-09-25 15:00:06,621 - __main__ - INFO - 15
2026-09-25 15:00:06,645 - __main__ - INFO - failed
2026-09-25 15:00:06,645 - __main__ - INFO - 21
2026-09-25 15:00:06,646 - __main__ - INFO - failed
2026-09-25 15:00:06,646 - __main__ - INFO - 16
2026-09-25 15:00:06,671 - __main__ - INFO - failed
2026-09-25 15:00:06,671 - __main__ - INFO - failed
2026-09-25 15:00:06,671 - __main__ - INFO - 17
2026-09-25 15:00:06,671 - __main__ - INFO - 0
2026-09-25 15:00:06,695 - __main__ - INFO - failed
2026-09-25 15:00:06,695 - __main__ - INFO - failed
2026-09-25 15:00:06,696 - __main__ - INFO - 18
2026-09-25 15:00:06,696 - __main__ - INFO - 1
2026-09-25 15:00:06,720 - __main__ - INFO - failed
2026-09-25 15:00:06,720 - __main__ - INFO - failed
2026-09-25 15:00:06,720 - __main__ - INFO - 19
2026-09-25 15:00:06,720 - __main__ - INFO - 2
2026-09-25 15:00:06,744 - __main__ - INFO - failed
2026-09-25 15:00:06,745 - __main__ - INFO - failed
2026-09-25 15:00:06,745 - __main__ - INFO - 20
2026-09-25 15:00:06,745 - __main__ - INFO - 3
2026-09-25 15:00:06,769 - __main__ - INFO - failed
2026-09-25 15:00:06,769 - __main__ - INFO - 21
2026-09-25 15:00:06,770 - __main__ - INFO - failed
2026-09-25 15:00:06,781 - __main__ - INFO - 4
2026-09-25 15:00:06,781 - __main__ - INFO - failed
2026-09-25 15:00:06,782 - __main__ - INFO - 0
2026-09-25 15:00:06,805 - __main__ - INFO - failed
2026-09-25 15:00:06,806 - __main__ - INFO - failed
2026-09-25 15:00:06,806 - __main__ - INFO - 5
2026-09-25 15:00:06,806 - __main__ - INFO - 1
2026-09-25 15:00:06,830 - __main__ - INFO - failed
2026-09-25 15:00:06,830 - __main__ - INFO - failed
2026-09-25 15:00:06,830 - __main__ - INFO - 6
2026-09-25 15:00:06,830 - __main__ - INFO - 2
2026-09-25 15:00:06,854 - __main__ - INFO - failed
2026-09-25 15:00:06,855 - __main__ - INFO - failed
2026-09-25 15:00:06,855 - __main__ - INFO - 7
2026-09-25 15:00:06,855 - __main__ - INFO - 3
2026-09-25 15:00:06,879 - __main__ - INFO - failed
2026-09-25 15:00:06,879 - __main__ - INFO - failed
2026-09-25 15:00:06,879 - __main__ - INFO - 8
2026-09-25 15:00:06,879 - __main__ - INFO - 4
2026-09-25 15:00:06,903 - __main__ - INFO - failed
2026-09-25 15:00:06,903 - __main__ - INFO - 9
2026-09-25 15:00:06,904 - __main__ - INFO - failed
2026-09-25 15:00:06,904 - __main__ - INFO - 5
2026-09-25 15:00:06,928 - __main__ - INFO - failed
2026-09-25 15:00:06,928 - __main__ - INFO - 10
2026-09-25 15:00:06,928 - __main__ - INFO - failed
2026-09-25 15:00:06,928 - __main__ - INFO - 6
2026-09-25 15:00:06,952 - __main__ - INFO - failed
2026-09-25 15:00:06,952 - __main__ - INFO - failed
2026-09-25 15:00:06,953 - __main__ - INFO - 11
2026-09-25 15:00:06,953 - __main__ - INFO - 7
2026-09-25 15:00:06,976 - __main__ - INFO - failed
2026-09-25 15:00:06,977 - __main__ - INFO - failed
2026-09-25 15:00:06,977 - __main__ - INFO - 12
2026-09-25 15:00:06,977 - __main__ - INFO - 8
2026-09-25 15:00:07,001 - __main__ - INFO - failed
2026-09-25 15:00:07,001 - __main__ - INFO - 13
2026-09-25 15:00:07,001 - __main__ - INFO - failed
2026-09-25 15:00:07,002 - __main__ - INFO - 9
2026-09-25 15:00:07,025 - __main__ - INFO - failed
2026-09-25 15:00:07,026 - __main__ - INFO - failed
2026-09-25 15:00:07,026 - __main__ - INFO - 14
2026-09-25 15:00:07,026 - __main__ - INFO - 10
2026-09-25 15:00:07,050 - __main__ - INFO - failed
2026-09-25 15:00:07,050 - __main__ - INFO - 15
2026-09-25 15:00:07,050 - __main__ - INFO - failed
2026-09-25 15:00:07,050 - __main__ - INFO - 11
2026-09-25 15:00:07,074 - __main__ - INFO - failed
2026-09-25 15:00:07,075 - __main__ - INFO - failed
2026-09-25 15:00:07,075 - __main__ - INFO - 16
2026-09-25 15:00:07,075 - __main__ - INFO - 12
2026-09-25 15:00:07,099 - __main__ - INFO - failed
2026-09-25 15:00:07,099 - __main__ - INFO - 17
2026-09-25 15:00:07,099 - __main__ - INFO - failed
2026-09-25 15:00:07,099 - __main__ - INFO - 13
2026-09-25 15:00:07,123 - __main__ - INFO - failed
2026-09-25 15:00:07,123 - __main__ - INFO - 18
2026-09-25 15:00:07,124 - __main__ - INFO - failed
2026-09-25 15:00:07,124 - __main__ - INFO - 14
2026-09-25 15:00:07,148 - __main__ - INFO - failed
2026-09-25 15:00:07,148 - __main__ - INFO - 19
2026-09-25 15:00:07,148 - __main__ - INFO - failed
2026-09-25 15:00:07,148 - __main__ - INFO - 15
2026-09-25 15:00:07,172 - __main__ - INFO - failed
2026-09-25 15:00:07,172 - __main__ - INFO - 20
2026-09-25 15:00:07,172 - __main__ - INFO - failed
2026-09-25 15:00:07,173 - __main__ - INFO - 16
2026-09-25 15:00:07,196 - __main__ - INFO - failed
2026-09-25 15:00:07,197 - __main__ - INFO - failed
2026-09-25 15:00:07,197 - __main__ - INFO - 21
2026-09-25 15:00:07,197 - __main__ - INFO - 17
2026-09-25 15:00:07,221 - __main__ - INFO - failed
2026-09-25 15:00:07,221 - __main__ - INFO - failed
2026-09-25 15:00:07,221 - __main__ - INFO - 18
2026-09-25 15:00:07,221 - __main__ - INFO - 0
2026-09-25 15:00:07,245 - __main__ - INFO - failed
2026-09-25 15:00:07,246 - __main__ - INFO - failed
2026-09-25 15:00:07,246 - __main__ - INFO - 19
2026-09-25 15:00:07,246 - __main__ - INFO - 1
2026-09-25 15:00:07,270 - __main__ - INFO - failed
2026-09-25 15:00:07,270 - __main__ - INFO - 20
2026-09-25 15:00:07,270 - __main__ - INFO - failed
2026-09-25 15:00:07,282 - __main__ - INFO - 2
2026-09-25 15:00:07,283 - __main__ - INFO - failed
2026-09-25 15:00:07,295 - __main__ - INFO - failed
2026-09-25 15:00:07,295 - __main__ - INFO - 21
2026-09-25 15:00:07,295 - __main__ - INFO - 3
2026-09-25 15:00:07,319 - __main__ - INFO - failed
2026-09-25 15:00:07,319 - __main__ - INFO - failed
2026-09-25 15:00:07,319 - __main__ - INFO - 4
2026-09-25 15:00:07,319 - __main__ - INFO - 0
2026-09-25 15:00:07,343 - __main__ - INFO - failed
2026-09-25 15:00:07,344 - __main__ - INFO - failed
2026-09-25 15:00:07,344 - __main__ - INFO - 5
2026-09-25 15:00:07,344 - __main__ - INFO - 1
2026-09-25 15:00:07,368 - __main__ - INFO - failed
2026-09-25 15:00:07,368 - __main__ - INFO - failed
2026-09-25 15:00:07,368 - __main__ - INFO - 2
2026-09-25 15:00:07,369 - __main__ - INFO - 6
2026-09-25 15:00:07,392 - __main__ - INFO - failed
2026-09-25 15:00:07,393 - __main__ - INFO - failed
2026-09-25 15:00:07,393 - __main__ - INFO - 7
2026-09-25 15:00:07,393 - __main__ - INFO - 3
2026-09-25 15:00:07,417 - __main__ - INFO - failed
2026-09-25 15:00:07,418 - __main__ - INFO - failed
2026-09-25 15:00:07,418 - __main__ - INFO - 8
2026-09-25 15:00:07,418 - __main__ - INFO - 4
2026-09-25 15:00:07,442 - __main__ - INFO - failed
2026-09-25 15:00:07,442 - __main__ - INFO - failed
2026-09-25 15:00:07,442 - __main__ - INFO - 5
2026-09-25 15:00:07,442 - __main__ - INFO - 9
2026-09-25 15:00:07,466 - __main__ - INFO - failed
2026-09-25 15:00:07,467 - __main__ - INFO - failed
2026-09-25 15:00:07,467 - __main__ - INFO - 10
2026-09-25 15:00:07,467 - __main__ - INFO - 6
2026-09-25 15:00:07,491 - __main__ - INFO - failed
2026-09-25 15:00:07,491 - __main__ - INFO - failed
2026-09-25 15:00:07,492 - __main__ - INFO - 7
2026-09-25 15:00:07,492 - __main__ - INFO - 11
2026-09-25 15:00:07,516 - __main__ - INFO - failed
2026-09-25 15:00:07,516 - __main__ - INFO - failed
2026-09-25 15:00:07,516 - __main__ - INFO - 8
2026-09-25 15:00:07,516 - __main__ - INFO - 12
2026-09-25 15:00:07,540 - __main__ - INFO - failed
2026-09-25 15:00:07,541 - __main__ - INFO - failed
2026-09-25 15:00:07,541 - __main__ - INFO - 13
2026-09-25 15:00:07,541 - __main__ - INFO - 9
2026-09-25 15:00:07,565 - __main__ - INFO - failed
2026-09-25 15:00:07,566 - __main__ - INFO - failed
2026-09-25 15:00:07,566 - __main__ - INFO - 10
2026-09-25 15:00:07,566 - __main__ - INFO - 14
2026-09-25 15:00:07,590 - __main__ - INFO - failed
2026-09-25 15:00:07,590 - __main__ - INFO - failed
2026-09-25 15:00:07,590 - __main__ - INFO - 15
2026-09-25 15:00:07,590 - __main__ - INFO - 11
2026-09-25 15:00:07,614 - __main__ - INFO - failed
2026-09-25 15:00:07,615 - __main__ - INFO - failed
2026-09-25 15:00:07,615 - __main__ - INFO - 16
2026-09-25 15:00:07,615 - __main__ - INFO - 12
2026-09-25 15:00:07,639 - __main__ - INFO - failed
2026-09-25 15:00:07,639 - __main__ - INFO - failed
2026-09-25 15:00:07,640 - __main__ - INFO - 13
2026-09-25 15:00:07,640 - __main__ - INFO - 17
2026-09-25 15:00:07,664 - __main__ - INFO - failed
2026-09-25 15:00:07,664 - __main__ - INFO - failed
2026-09-25 15:00:07,664 - __main__ - INFO - 18
2026-09-25 15:00:07,664 - __main__ - INFO - 14
2026-09-25 15:00:07,688 - __main__ - INFO - failed
2026-09-25 15:00:07,689 - __main__ - INFO - failed
2026-09-25 15:00:07,689 - __main__ - INFO - 19
2026-09-25 15:00:07,689 - __main__ - INFO - 15
2026-09-25 15:00:07,713 - __main__ - INFO - failed
2026-09-25 15:00:07,713 - __main__ - INFO - failed
2026-09-25 15:00:07,714 - __main__ - INFO - 16
2026-09-25 15:00:07,714 - __main__ - INFO - 20
2026-09-25 15:00:07,738 - __main__ - INFO - failed
2026-09-25 15:00:07,738 - __main__ - INFO - failed
2026-09-25 15:00:07,738 - __main__ - INFO - 21
2026-09-25 15:00:07,738 - __main__ - INFO - 17
2026-09-25 15:00:07,763 - __main__ - INFO - failed
2026-09-25 15:00:07,763 - __main__ - INFO - failed
2026-09-25 15:00:07,763 - __main__ - INFO - 18
2026-09-25 15:00:07,763 - __main__ - INFO - 0
2026-09-25 15:00:07,787 - __main__ - INFO - failed
2026-09-25 15:00:07,787 - __main__ - INFO - failed
2026-09-25 15:00:07,787 - __main__ - INFO - 19
2026-09-25 15:00:07,787 - __main__ - INFO - 1
2026-09-25 15:00:07,800 - __main__ - INFO - failed
2026-09-25 15:00:07,800 - __main__ - INFO - 20
2026-09-25 15:00:07,824 - __main__ - INFO - failed
2026-09-25 15:00:07,824 - __main__ - INFO - failed
2026-09-25 15:00:07,824 - __main__ - INFO - 2
2026-09-25 15:00:07,824 - __main__ - INFO - 21
2026-09-25 15:00:07,849 - __main__ - INFO - failed
2026-09-25 15:00:07,849 - __main__ - INFO - 0
2026-09-25 15:00:07,861 - __main__ - INFO - failed
2026-09-25 15:00:07,861 - __main__ - INFO - 1
2026-09-25 15:00:07,873 - __main__ - INFO - failed
2026-09-25 15:00:07,873 - __main__ - INFO - 2
2026-09-25 15:00:07,886 - __main__ - INFO - failed
2026-09-25 15:00:07,886 - __main__ - INFO - 3
2026-09-25 15:00:07,898 - __main__ - INFO - failed
2026-09-25 15:00:07,898 - __main__ - INFO - 4
2026-09-25 15:00:07,911 - __main__ - INFO - failed
2026-09-25 15:00:07,911 - __main__ - INFO - 5
2026-09-25 15:00:07,924 - __main__ - INFO - failed
2026-09-25 15:00:07,924 - __main__ - INFO - 6
2026-09-25 15:00:07,936 - __main__ - INFO - failed
2026-09-25 15:00:07,936 - __main__ - INFO - 7
2026-09-25 15:00:07,948 - __main__ - INFO - failed
2026-09-25 15:00:07,948 - __main__ - INFO - 8
2026-09-25 15:00:07,960 - __main__ - INFO - failed
2026-09-25 15:00:07,960 - __main__ - INFO - 9
2026-09-25 15:00:07,973 - __main__ - INFO - failed
2026-09-25 15:00:07,973 - __main__ - INFO - 10
2026-09-25 15:00:07,985 - __main__ - INFO - failed
2026-09-25 15:00:07,985 - __main__ - INFO - 11
2026-09-25 15:00:07,998 - __main__ - INFO - failed
2026-09-25 15:00:07,998 - __main__ - INFO - 12
2026-09-25 15:00:08,010 - __main__ - INFO - failed
2026-09-25 15:00:08,010 - __main__ - INFO - 13
2026-09-25 15:00:08,022 - __main__ - INFO - failed
2026-09-25 15:00:08,022 - __main__ - INFO - 14
2026-09-25 15:00:08,034 - __main__ - INFO - failed
2026-09-25 15:00:08,034 - __main__ - INFO - 15
2026-09-25 15:00:08,047 - __main__ - INFO - failed
2026-09-25 15:00:08,047 - __main__ - INFO - 16
2026-09-25 15:00:08,059 - __main__ - INFO - failed
2026-09-25 15:00:08,059 - __main__ - INFO - 17
2026-09-25 15:00:08,071 - __main__ - INFO - failed
2026-09-25 15:00:08,071 - __main__ - INFO - 18
2026-09-25 15:00:08,083 - __main__ - INFO - failed
2026-09-25 15:00:08,083 - __main__ - INFO - 19
2026-09-25 15:00:08,096 - __main__ - INFO - failed
2026-09-25 15:00:08,096 - __main__ - INFO - 20
2026-09-25 15:00:08,109 - __main__ - INFO - failed
2026-09-25 15:00:08,109 - __main__ - INFO - 21
2026-09-25 15:00:08,121 - __main__ - INFO - failed
2026-09-25 15:00:08,121 - __main__ - INFO - 0
2026-09-25 15:00:08,133 - __main__ - INFO - failed
2026-09-25 15:00:08,133 - __main__ - INFO - 1
2026-09-25 15:00:08,145 - __main__ - INFO - failed
2026-09-25 15:00:08,145 - __main__ - INFO - 2
2026-09-25 15:00:08,157 - __main__ - INFO - failed
2026-09-25 15:00:08,157 - __main__ - INFO - 3
2026-09-25 15:00:08,170 - __main__ - INFO - failed
2026-09-25 15:00:08,170 - __main__ - INFO - 4
2026-09-25 15:00:08,182 - __main__ - INFO - failed
2026-09-25 15:00:08,182 - __main__ - INFO - 5
2026-09-25 15:00:08,195 - __main__ - INFO - failed
2026-09-25 15:00:08,195 - __main__ - INFO - 6
2026-09-25 15:00:08,207 - __main__ - INFO - failed
2026-09-25 15:00:08,207 - __main__ - INFO - 7
2026-09-25 15:00:08,219 - __main__ - INFO - failed
2026-09-25 15:00:08,219 - __main__ - INFO - 8
2026-09-25 15:00:08,231 - __main__ - INFO - failed
2026-09-25 15:00:08,231 - __main__ - INFO - 9
2026-09-25 15:00:08,244 - __main__ - INFO - failed
2026-09-25 15:00:08,244 - __main__ - INFO - 10
2026-09-25 15:00:08,256 - __main__ - INFO - failed
2026-09-25 15:00:08,256 - __main__ - INFO - 11
2026-09-25 15:00:08,268 - __main__ - INFO - failed
2026-09-25 15:00:08,268 - __main__ - INFO - 12
2026-09-25 15:00:08,280 - __main__ - INFO - failed
2026-09-25 15:00:08,280 - __main__ - INFO - 13
2026-09-25 15:00:08,293 - __main__ - INFO - failed
2026-09-25 15:00:08,293 - __main__ - INFO - 14
2026-09-25 15:00:08,305 - __main__ - INFO - failed
2026-09-25 15:00:08,305 - __main__ - INFO - 15
2026-09-25 15:00:08,317 - __main__ - INFO - failed
2026-09-25 15:00:08,317 - __main__ - INFO - 16
2026-09-25 15:00:08,330 - __main__ - INFO - failed
2026-09-25 15:00:08,330 - __main__ - INFO - 17
2026-09-25 15:00:08,342 - __main__ - INFO - failed
2026-09-25 15:00:08,342 - __main__ - INFO - 18
2026-09-25 15:00:08,354 - __main__ - INFO - failed
2026-09-25 15:00:08,354 - __main__ - INFO - 19
2026-09-25 15:00:08,366 - __main__ - INFO - failed
2026-09-25 15:00:08,367 - __main__ - INFO - 20
2026-09-25 15:00:08,379 - __main__ - INFO - failed
2026-09-25 15:00:08,379 - __main__ - INFO - 21
2026-09-25 15:00:08,391 - __main__ - INFO - failed
2026-09-25 15:00:08,391 - __main__ - INFO - 0
2026-09-25 15:00:08,403 - __main__ - INFO - failed
2026-09-25 15:00:08,403 - __main__ - INFO - 1
2026-09-25 15:00:08,415 - __main__ - INFO - failed
2026-09-25 15:00:08,415 - __main__ - INFO - 2
2026-09-25 15:00:08,428 - __main__ - INFO - failed
2026-09-25 15:00:08,428 - __main__ - INFO - 3
2026-09-25 15:00:08,440 - __main__ - INFO - failed
2026-09-25 15:00:08,440 - __main__ - INFO - 4
2026-09-25 15:00:08,452 - __main__ - INFO - failed
2026-09-25 15:00:08,452 - __main__ - INFO - 5
2026-09-25 15:00:08,464 - __main__ - INFO - failed
2026-09-25 15:00:08,464 - __main__ - INFO - 6
2026-09-25 15:00:08,476 - __main__ - INFO - failed
2026-09-25 15:00:08,476 - __main__ - INFO - 7
2026-09-25 15:00:08,489 - __main__ - INFO - failed
2026-09-25 15:00:08,489 - __main__ - INFO - 8
2026-09-25 15:00:08,501 - __main__ - INFO - failed
2026-09-25 15:00:08,501 - __main__ - INFO - 9
2026-09-25 15:00:08,513 - __main__ - INFO - failed
2026-09-25 15:00:08,513 - __main__ - INFO - 10
2026-09-25 15:00:08,525 - __main__ - INFO - failed
2026-09-25 15:00:08,525 - __main__ - INFO - 11
2026-09-25 15:00:08,537 - __main__ - INFO - failed
2026-09-25 15:00:08,537 - __main__ - INFO - 12
2026-09-25 15:00:08,550 - __main__ - INFO - failed
2026-09-25 15:00:08,550 - __main__ - INFO - 13
2026-09-25 15:00:08,562 - __main__ - INFO - failed
2026-09-25 15:00:08,562 - __main__ - INFO - 14
2026-09-25 15:00:08,574 - __main__ - INFO - failed
2026-09-25 15:00:08,574 - __main__ - INFO - 15
2026-09-25 15:00:08,586 - __main__ - INFO - failed
2026-09-25 15:00:08,586 - __main__ - INFO - 16
2026-09-25 15:00:08,599 - __main__ - INFO - failed
2026-09-25 15:00:08,599 - __main__ - INFO - 17
2026-09-25 15:00:08,611 - __main__ - INFO - failed
2026-09-25 15:00:08,611 - __main__ - INFO - 18
2026-09-25 15:00:08,623 - __main__ - INFO - failed
2026-09-25 15:00:08,623 - __main__ - INFO - 19
2026-09-25 15:00:08,635 - __main__ - INFO - failed
2026-09-25 15:00:08,635 - __main__ - INFO - 20
2026-09-25 15:00:08,648 - __main__ - INFO - failed
2026-09-25 15:00:08,648 - __main__ - INFO - 21
2026-09-25 15:00:08,660 - __main__ - INFO - failed
2026-09-25 15:00:08,660 - __main__ - INFO - 0
2026-09-25 15:00:08,672 - __main__ - INFO - failed
2026-09-25 15:00:08,672 - __main__ - INFO - 1
2026-09-25 15:00:08,684 - __main__ - INFO - failed
2026-09-25 15:00:08,684 - __main__ - INFO - 2
2026-09-25 15:00:08,696 - __main__ - INFO - failed
2026-09-25 15:00:08,696 - __main__ - INFO - 3
2026-09-25 15:00:08,709 - __main__ - INFO - failed
2026-09-25 15:00:08,709 - __main__ - INFO - 4
2026-09-25 15:00:08,721 - __main__ - INFO - failed
2026-09-25 15:00:08,721 - __main__ - INFO - 5
2026-09-25 15:00:08,733 - __main__ - INFO - failed
2026-09-25 15:00:08,733 - __main__ - INFO - 6
2026-09-25 15:00:08,746 - __main__ - INFO - failed
2026-09-25 15:00:08,746 - __main__ - INFO - 7
2026-09-25 15:00:08,758 - __main__ - INFO - failed
2026-09-25 15:00:08,758 - __main__ - INFO - 8
2026-09-25 15:00:08,770 - __main__ - INFO - failed
2026-09-25 15:00:08,770 - __main__ - INFO - 9
2026-09-25 15:00:08,782 - __main__ - INFO - failed
2026-09-25 15:00:08,782 - __main__ - INFO - 10
2026-09-25 15:00:08,794 - __main__ - INFO - failed
2026-09-25 15:00:08,795 - __main__ - INFO - 11
2026-09-25 15:00:08,807 - __main__ - INFO - failed
2026-09-25 15:00:08,807 - __main__ - INFO - 12
2026-09-25 15:00:08,819 - __main__ - INFO - failed
2026-09-25 15:00:08,819 - __main__ - INFO - 13
2026-09-25 15:00:08,831 - __main__ - INFO - failed
2026-09-25 15:00:08,831 - __main__ - INFO - 14
2026-09-25 15:00:08,843 - __main__ - INFO - failed
2026-09-25 15:00:08,843 - __main__ - INFO - 15
2026-09-25 15:00:08,856 - __main__ - INFO - failed
2026-09-25 15:00:08,856 - __main__ - INFO - 16
2026-09-25 15:00:08,868 - __main__ - INFO - failed
2026-09-25 15:00:08,868 - __main__ - INFO - 17
2026-09-25 15:00:08,880 - __main__ - INFO - failed
2026-09-25 15:00:08,880 - __main__ - INFO - 18
2026-09-25 15:00:08,892 - __main__ - INFO - failed
2026-09-25 15:00:08,893 - __main__ - INFO - 19
2026-09-25 15:00:08,905 - __main__ - INFO - failed
2026-09-25 15:00:08,905 - __main__ - INFO - 20
2026-09-25 15:00:08,917 - __main__ - INFO - failed
2026-09-25 15:00:08,917 - __main__ - INFO - 21
2026-09-25 15:00:08,929 - __main__ - INFO - failed
2026-09-25 15:00:08,929 - __main__ - INFO - 0
2026-09-25 15:00:08,941 - __main__ - INFO - failed
2026-09-25 15:00:08,941 - __main__ - INFO - 1
2026-09-25 15:00:08,954 - __main__ - INFO - failed
2026-09-25 15:00:08,954 - __main__ - INFO - 2
2026-09-25 15:00:08,966 - __main__ - INFO - failed
2026-09-25 15:00:08,966 - __main__ - INFO - 3
2026-09-25 15:00:08,978 - __main__ - INFO - failed
2026-09-25 15:00:08,978 - __main__ - INFO - 4
2026-09-25 15:00:09,002 - __main__ - INFO - failed
2026-09-25 15:00:09,002 - __main__ - INFO - 5
2026-09-25 15:00:09,002 - __main__ - INFO - failed
2026-09-25 15:00:09,003 - __main__ - INFO - 4
2026-09-25 15:00:09,026 - __main__ - INFO - failed
2026-09-25 15:00:09,027 - __main__ - INFO - failed
2026-09-25 15:00:09,027 - __main__ - INFO - 6
2026-09-25 15:00:09,027 - __main__ - INFO - 5
2026-09-25 15:00:09,051 - __main__ - INFO - failed
2026-09-25 15:00:09,052 - __main__ - INFO - failed
2026-09-25 15:00:09,052 - __main__ - INFO - 7
2026-09-25 15:00:09,052 - __main__ - INFO - 6
2026-09-25 15:00:09,076 - __main__ - INFO - failed
2026-09-25 15:00:09,076 - __main__ - INFO - 8
2026-09-25 15:00:09,077 - __main__ - INFO - failed
2026-09-25 15:00:09,077 - __main__ - INFO - 7
2026-09-25 15:00:09,101 - __main__ - INFO - failed
2026-09-25 15:00:09,101 - __main__ - INFO - failed
2026-09-25 15:00:09,101 - __main__ - INFO - 9
2026-09-25 15:00:09,101 - __main__ - INFO - 8
2026-09-25 15:00:09,125 - __main__ - INFO - failed
2026-09-25 15:00:09,126 - __main__ - INFO - failed
2026-09-25 15:00:09,126 - __main__ - INFO - 10
2026-09-25 15:00:09,126 - __main__ - INFO - 9
2026-09-25 15:00:09,150 - __main__ - INFO - failed
2026-09-25 15:00:09,150 - __main__ - INFO - failed
2026-09-25 15:00:09,150 - __main__ - INFO - 11
2026-09-25 15:00:09,150 - __main__ - INFO - 10
2026-09-25 15:00:09,174 - __main__ - INFO - failed
2026-09-25 15:00:09,175 - __main__ - INFO - failed
2026-09-25 15:00:09,175 - __main__ - INFO - 12
2026-09-25 15:00:09,175 - __main__ - INFO - 11
2026-09-25 15:00:09,199 - __main__ - INFO - failed
2026-09-25 15:00:09,199 - __main__ - INFO - failed
2026-09-25 15:00:09,199 - __main__ - INFO - 13
2026-09-25 15:00:09,199 - __main__ - INFO - 12
2026-09-25 15:00:09,223 - __main__ - INFO - failed
2026-09-25 15:00:09,224 - __main__ - INFO - 14
2026-09-25 15:00:09,224 - __main__ - INFO - failed
2026-09-25 15:00:09,224 - __main__ - INFO - 13
2026-09-25 15:00:09,248 - __main__ - INFO - failed
2026-09-25 15:00:09,248 - __main__ - INFO - failed
2026-09-25 15:00:09,249 - __main__ - INFO - 15
2026-09-25 15:00:09,249 - __main__ - INFO - 14
2026-09-25 15:00:09,272 - __main__ - INFO - failed
2026-09-25 15:00:09,273 - __main__ - INFO - 16
2026-09-25 15:00:09,273 - __main__ - INFO - failed
2026-09-25 15:00:09,273 - __main__ - INFO - 15
2026-09-25 15:00:09,297 - __main__ - INFO - failed
2026-09-25 15:00:09,297 - __main__ - INFO - 17
2026-09-25 15:00:09,297 - __main__ - INFO - failed
2026-09-25 15:00:09,298 - __main__ - INFO - 16
2026-09-25 15:00:09,321 - __main__ - INFO - failed
2026-09-25 15:00:09,322 - __main__ - INFO - failed
2026-09-25 15:00:09,322 - __main__ - INFO - 18
2026-09-25 15:00:09,322 - __main__ - INFO - 17
2026-09-25 15:00:09,346 - __main__ - INFO - failed
2026-09-25 15:00:09,346 - __main__ - INFO - failed
2026-09-25 15:00:09,346 - __main__ - INFO - 19
2026-09-25 15:00:09,347 - __main__ - INFO - 18
2026-09-25 15:00:09,371 - __main__ - INFO - failed
2026-09-25 15:00:09,371 - __main__ - INFO - failed
2026-09-25 15:00:09,371 - __main__ - INFO - 20
2026-09-25 15:00:09,371 - __main__ - INFO - 19
2026-09-25 15:00:09,395 - __main__ - INFO - failed
2026-09-25 15:00:09,396 - __main__ - INFO - failed
2026-09-25 15:00:09,396 - __main__ - INFO - 21
2026-09-25 15:00:09,396 - __main__ - INFO - 20
2026-09-25 15:00:09,420 - __main__ - INFO - failed
2026-09-25 15:00:09,420 - __main__ - INFO - failed
2026-09-25 15:00:09,420 - __main__ - INFO - 21
2026-09-25 15:00:09,420 - __main__ - INFO - 0
2026-09-25 15:00:09,445 - __main__ - INFO - failed
2026-09-25 15:00:09,445 - __main__ - INFO - 1
2026-09-25 15:00:09,445 - __main__ - INFO - failed
2026-09-25 15:00:09,445 - __main__ - INFO - 0
2026-09-25 15:00:09,457 - __main__ - INFO - failed
2026-09-25 15:00:09,469 - __main__ - INFO - 2
2026-09-25 15:00:09,470 - __main__ - INFO - failed
2026-09-25 15:00:09,470 - __main__ - INFO - 1
2026-09-25 15:00:09,495 - __main__ - INFO - failed
2026-09-25 15:00:09,495 - __main__ - INFO - 3
2026-09-25 15:00:09,495 - __main__ - INFO - failed
2026-09-25 15:00:09,495 - __main__ - INFO - 2
2026-09-25 15:00:09,521 - __main__ - INFO - failed
2026-09-25 15:00:09,521 - __main__ - INFO - 4
2026-09-25 15:00:09,522 - __main__ - INFO - failed
2026-09-25 15:00:09,522 - __main__ - INFO - 3
2026-09-25 15:00:09,547 - __main__ - INFO - failed
2026-09-25 15:00:09,547 - __main__ - INFO - failed
2026-09-25 15:00:09,547 - __main__ - INFO - 5
2026-09-25 15:00:09,547 - __main__ - INFO - 4
2026-09-25 15:00:09,576 - __main__ - INFO - failed
2026-09-25 15:00:09,576 - __main__ - INFO - failed
2026-09-25 15:00:09,576 - __main__ - INFO - 6
2026-09-25 15:00:09,577 - __main__ - INFO - 5
2026-09-25 15:00:09,607 - __main__ - INFO - failed
2026-09-25 15:00:09,607 - __main__ - INFO - 7
2026-09-25 15:00:09,608 - __main__ - INFO - failed
2026-09-25 15:00:09,608 - __main__ - INFO - 6
2026-09-25 15:00:09,635 - __main__ - INFO - failed
2026-09-25 15:00:09,636 - __main__ - INFO - failed
2026-09-25 15:00:09,636 - __main__ - INFO - 8
2026-09-25 15:00:09,636 - __main__ - INFO - 7
2026-09-25 15:00:09,662 - __main__ - INFO - failed
2026-09-25 15:00:09,662 - __main__ - INFO - failed
2026-09-25 15:00:09,662 - __main__ - INFO - 9
2026-09-25 15:00:09,663 - __main__ - INFO - 8
2026-09-25 15:00:09,687 - __main__ - INFO - failed
2026-09-25 15:00:09,687 - __main__ - INFO - 10
2026-09-25 15:00:09,687 - __main__ - INFO - failed
2026-09-25 15:00:09,688 - __main__ - INFO - 9
2026-09-25 15:00:09,711 - __main__ - INFO - failed
2026-09-25 15:00:09,711 - __main__ - INFO - 11
2026-09-25 15:00:09,712 - __main__ - INFO - failed
2026-09-25 15:00:09,712 - __main__ - INFO - 10
2026-09-25 15:00:09,736 - __main__ - INFO - failed
2026-09-25 15:00:09,736 - __main__ - INFO - failed
2026-09-25 15:00:09,736 - __main__ - INFO - 12
2026-09-25 15:00:09,736 - __main__ - INFO - 11
2026-09-25 15:00:09,760 - __main__ - INFO - failed
2026-09-25 15:00:09,760 - __main__ - INFO - 13
2026-09-25 15:00:09,761 - __main__ - INFO - failed
2026-09-25 15:00:09,761 - __main__ - INFO - 12
2026-09-25 15:00:09,785 - __main__ - INFO - failed
2026-09-25 15:00:09,785 - __main__ - INFO - failed
2026-09-25 15:00:09,785 - __main__ - INFO - 14
2026-09-25 15:00:09,785 - __main__ - INFO - 13
2026-09-25 15:00:09,809 - __main__ - INFO - failed
2026-09-25 15:00:09,810 - __main__ - INFO - failed
2026-09-25 15:00:09,810 - __main__ - INFO - 15
2026-09-25 15:00:09,810 - __main__ - INFO - 14
2026-09-25 15:00:09,834 - __main__ - INFO - failed
2026-09-25 15:00:09,834 - __main__ - INFO - failed
2026-09-25 15:00:09,835 - __main__ - INFO - 16
2026-09-25 15:00:09,835 - __main__ - INFO - 15
2026-09-25 15:00:09,859 - __main__ - INFO - failed
2026-09-25 15:00:09,859 - __main__ - INFO - failed
2026-09-25 15:00:09,859 - __main__ - INFO - 17
2026-09-25 15:00:09,859 - __main__ - INFO - 16
2026-09-25 15:00:09,883 - __main__ - INFO - failed
2026-09-25 15:00:09,884 - __main__ - INFO - failed
2026-09-25 15:00:09,884 - __main__ - INFO - 18
2026-09-25 15:00:09,884 - __main__ - INFO - 17
2026-09-25 15:00:09,908 - __main__ - INFO - failed
2026-09-25 15:00:09,908 - __main__ - INFO - failed
2026-09-25 15:00:09,908 - __main__ - INFO - 19
2026-09-25 15:00:09,908 - __main__ - INFO - 18
2026-09-25 15:00:09,932 - __main__ - INFO - failed
2026-09-25 15:00:09,932 - __main__ - INFO - 20
2026-09-25 15:00:09,933 - __main__ - INFO - failed
2026-09-25 15:00:09,933 - __main__ - INFO - 19
2026-09-25 15:00:09,957 - __main__ - INFO - failed
2026-09-25 15:00:09,957 - __main__ - INFO - failed
2026-09-25 15:00:09,958 - __main__ - INFO - 21
2026-09-25 15:00:09,958 - __main__ - INFO - 20
2026-09-25 15:00:09,982 - __main__ - INFO - failed
2026-09-25 15:00:09,982 - __main__ - INFO - failed
2026-09-25 15:00:09,982 - __main__ - INFO - 21
2026-09-25 15:00:09,982 - __main__ - INFO - 0
2026-09-25 15:00:10,006 - __main__ - INFO - failed
2026-09-25 15:00:10,007 - __main__ - INFO - failed
2026-09-25 15:00:10,007 - __main__ - INFO - 0
2026-09-25 15:00:10,007 - __main__ - INFO - 1
2026-09-25 15:00:10,031 - __main__ - INFO - failed
2026-09-25 15:00:10,032 - __main__ - INFO - failed
2026-09-25 15:00:10,032 - __main__ - INFO - 1
2026-09-25 15:00:10,032 - __main__ - INFO - 2
2026-09-25 15:00:10,056 - __main__ - INFO - failed
2026-09-25 15:00:10,056 - __main__ - INFO - failed
2026-09-25 15:00:10,056 - __main__ - INFO - 3
2026-09-25 15:00:10,056 - __main__ - INFO - 2
2026-09-25 15:00:10,080 - __main__ - INFO - failed
2026-09-25 15:00:10,081 - __main__ - INFO - failed
2026-09-25 15:00:10,081 - __main__ - INFO - 3
2026-09-25 15:00:10,081 - __main__ - INFO - 4
2026-09-25 15:00:10,105 - __main__ - INFO - failed
2026-09-25 15:00:10,106 - __main__ - INFO - failed
2026-09-25 15:00:10,106 - __main__ - INFO - 5
2026-09-25 15:00:10,106 - __main__ - INFO - 4
2026-09-25 15:00:10,130 - __main__ - INFO - failed
2026-09-25 15:00:10,131 - __main__ - INFO - failed
2026-09-25 15:00:10,131 - __main__ - INFO - 5
2026-09-25 15:00:10,131 - __main__ - INFO - 6
2026-09-25 15:00:10,155 - __main__ - INFO - failed
2026-09-25 15:00:10,156 - __main__ - INFO - failed
2026-09-25 15:00:10,156 - __main__ - INFO - 7
2026-09-25 15:00:10,156 - __main__ - INFO - 6
2026-09-25 15:00:10,180 - __main__ - INFO - failed
2026-09-25 15:00:10,180 - __main__ - INFO - failed
2026-09-25 15:00:10,180 - __main__ - INFO - 7
2026-09-25 15:00:10,181 - __main__ - INFO - 8
2026-09-25 15:00:10,205 - __main__ - INFO - failed
2026-09-25 15:00:10,205 - __main__ - INFO - failed
2026-09-25 15:00:10,205 - __main__ - INFO - 8
2026-09-25 15:00:10,205 - __main__ - INFO - 9
2026-09-25 15:00:10,230 - __main__ - INFO - failed
2026-09-25 15:00:10,230 - __main__ - INFO - failed
2026-09-25 15:00:10,230 - __main__ - INFO - 9
2026-09-25 15:00:10,230 - __main__ - INFO - 10
2026-09-25 15:00:10,254 - __main__ - INFO - failed
2026-09-25 15:00:10,255 - __main__ - INFO - failed
2026-09-25 15:00:10,255 - __main__ - INFO - 11
2026-09-25 15:00:10,255 - __main__ - INFO - 10
2026-09-25 15:00:10,279 - __main__ - INFO - failed
2026-09-25 15:00:10,280 - __main__ - INFO - failed
2026-09-25 15:00:10,280 - __main__ - INFO - 11
2026-09-25 15:00:10,280 - __main__ - INFO - 12
2026-09-25 15:00:10,304 - __main__ - INFO - failed
2026-09-25 15:00:10,304 - __main__ - INFO - failed
2026-09-25 15:00:10,305 - __main__ - INFO - 13
2026-09-25 15:00:10,305 - __main__ - INFO - 12
2026-09-25 15:00:10,329 - __main__ - INFO - failed
2026-09-25 15:00:10,329 - __main__ - INFO - failed
2026-09-25 15:00:10,329 - __main__ - INFO - 13
2026-09-25 15:00:10,329 - __main__ - INFO - 14
2026-09-25 15:00:10,354 - __main__ - INFO - failed
2026-09-25 15:00:10,354 - __main__ - INFO - failed
2026-09-25 15:00:10,354 - __main__ - INFO - 15
2026-09-25 15:00:10,354 - __main__ - INFO - 14
2026-09-25 15:00:10,378 - __main__ - INFO - failed
2026-09-25 15:00:10,379 - __main__ - INFO - failed
2026-09-25 15:00:10,379 - __main__ - INFO - 16
2026-09-25 15:00:10,379 - __main__ - INFO - 15
2026-09-25 15:00:10,403 - __main__ - INFO - failed
2026-09-25 15:00:10,404 - __main__ - INFO - failed
2026-09-25 15:00:10,404 - __main__ - INFO - 17
2026-09-25 15:00:10,404 - __main__ - INFO - 16
2026-09-25 15:00:10,428 - __main__ - INFO - failed
2026-09-25 15:00:10,428 - __main__ - INFO - failed
2026-09-25 15:00:10,429 - __main__ - INFO - 17
2026-09-25 15:00:10,429 - __main__ - INFO - 18
2026-09-25 15:00:10,453 - __main__ - INFO - failed
2026-09-25 15:00:10,453 - __main__ - INFO - 18
2026-09-25 15:00:10,453 - __main__ - INFO - failed
2026-09-25 15:00:10,453 - __main__ - INFO - 19
2026-09-25 15:00:10,477 - __main__ - INFO - failed
2026-09-25 15:00:10,477 - __main__ - INFO - 19
2026-09-25 15:00:10,478 - __main__ - INFO - failed
2026-09-25 15:00:10,478 - __main__ - INFO - 20
2026-09-25 15:00:10,502 - __main__ - INFO - failed
2026-09-25 15:00:10,502 - __main__ - INFO - 20
2026-09-25 15:00:10,502 - __main__ - INFO - failed
2026-09-25 15:00:10,502 - __main__ - INFO - 21
2026-09-25 15:00:10,526 - __main__ - INFO - failed
2026-09-25 15:00:10,526 - __main__ - INFO - 21
2026-09-25 15:00:10,526 - __main__ - INFO - failed
2026-09-25 15:00:10,527 - __main__ - INFO - 0
2026-09-25 15:00:10,550 - __main__ - INFO - failed
2026-09-25 15:00:10,550 - __main__ - INFO - 0
2026-09-25 15:00:10,551 - __main__ - INFO - failed
2026-09-25 15:00:10,551 - __main__ - INFO - 1
2026-09-25 15:00:10,575 - __main__ - INFO - failed
2026-09-25 15:00:10,575 - __main__ - INFO - failed
2026-09-25 15:00:10,575 - __main__ - INFO - 1
2026-09-25 15:00:10,575 - __main__ - INFO - 2
2026-09-25 15:00:10,599 - __main__ - INFO - failed
2026-09-25 15:00:10,600 - __main__ - INFO - failed
2026-09-25 15:00:10,600 - __main__ - INFO - 2
2026-09-25 15:00:10,600 - __main__ - INFO - 3
2026-09-25 15:00:10,624 - __main__ - INFO - failed
2026-09-25 15:00:10,624 - __main__ - INFO - failed
2026-09-25 15:00:10,624 - __main__ - INFO - 3
2026-09-25 15:00:10,624 - __main__ - INFO - 4
2026-09-25 15:00:10,648 - __main__ - INFO - failed
2026-09-25 15:00:10,648 - __main__ - INFO - 4
2026-09-25 15:00:10,649 - __main__ - INFO - failed
2026-09-25 15:00:10,660 - __main__ - INFO - 5
2026-09-25 15:00:10,661 - __main__ - INFO - failed
2026-09-25 15:00:10,673 - __main__ - INFO - 5
2026-09-25 15:00:10,673 - __main__ - INFO - failed
2026-09-25 15:00:10,673 - __main__ - INFO - 6
2026-09-25 15:00:10,697 - __main__ - INFO - failed
2026-09-25 15:00:10,697 - __main__ - INFO - 6
2026-09-25 15:00:10,698 - __main__ - INFO - failed
2026-09-25 15:00:10,698 - __main__ - INFO - 7
2026-09-25 15:00:10,721 - __main__ - INFO - failed
2026-09-25 15:00:10,722 - __main__ - INFO - failed
2026-09-25 15:00:10,722 - __main__ - INFO - 7
2026-09-25 15:00:10,722 - __main__ - INFO - 8
2026-09-25 15:00:10,746 - __main__ - INFO - failed
2026-09-25 15:00:10,746 - __main__ - INFO - 8
2026-09-25 15:00:10,746 - __main__ - INFO - failed
2026-09-25 15:00:10,747 - __main__ - INFO - 9
2026-09-25 15:00:10,770 - __main__ - INFO - failed
2026-09-25 15:00:10,771 - __main__ - INFO - failed
2026-09-25 15:00:10,771 - __main__ - INFO - 9
2026-09-25 15:00:10,771 - __main__ - INFO - 10
2026-09-25 15:00:10,795 - __main__ - INFO - failed
2026-09-25 15:00:10,796 - __main__ - INFO - 11
2026-09-25 15:00:10,809 - __main__ - INFO - failed
2026-09-25 15:00:10,809 - __main__ - INFO - 12
2026-09-25 15:00:10,821 - __main__ - INFO - failed
2026-09-25 15:00:10,821 - __main__ - INFO - 13
2026-09-25 15:00:10,833 - __main__ - INFO - failed
2026-09-25 15:00:10,833 - __main__ - INFO - 14
2026-09-25 15:00:10,846 - __main__ - INFO - failed
2026-09-25 15:00:10,846 - __main__ - INFO - 15
2026-09-25 15:00:10,858 - __main__ - INFO - failed
2026-09-25 15:00:10,858 - __main__ - INFO - 16
2026-09-25 15:00:10,871 - __main__ - INFO - failed
2026-09-25 15:00:10,871 - __main__ - INFO - 17
2026-09-25 15:00:10,883 - __main__ - INFO - failed
2026-09-25 15:00:10,883 - __main__ - INFO - 18
2026-09-25 15:00:10,895 - __main__ - INFO - failed
2026-09-25 15:00:10,895 - __main__ - INFO - 19
2026-09-25 15:00:10,907 - __main__ - INFO - failed
2026-09-25 15:00:10,908 - __main__ - INFO - 20
2026-09-25 15:00:10,920 - __main__ - INFO - failed
2026-09-25 15:00:10,920 - __main__ - INFO - 21
2026-09-25 15:00:10,932 - __main__ - INFO - failed
2026-09-25 15:00:10,932 - __main__ - INFO - 0
2026-09-25 15:00:10,947 - __main__ - INFO - failed
2026-09-25 15:00:10,947 - __main__ - INFO - 1
2026-09-25 15:00:10,960 - __main__ - INFO - failed
2026-09-25 15:00:10,960 - __main__ - INFO - 2
2026-09-25 15:00:10,972 - __main__ - INFO - failed
2026-09-25 15:00:10,972 - __main__ - INFO - 3
2026-09-25 15:00:10,984 - __main__ - INFO - failed
2026-09-25 15:00:10,984 - __main__ - INFO - 4
2026-09-25 15:00:10,996 - __main__ - INFO - failed
2026-09-25 15:00:10,996 - __main__ - INFO - 5
2026-09-25 15:00:11,009 - __main__ - INFO - failed
2026-09-25 15:00:11,009 - __main__ - INFO - 6
2026-09-25 15:00:11,021 - __main__ - INFO - failed
2026-09-25 15:00:11,021 - __main__ - INFO - 7
2026-09-25 15:00:11,033 - __main__ - INFO - failed
2026-09-25 15:00:11,033 - __main__ - INFO - 8
2026-09-25 15:00:11,045 - __main__ - INFO - failed
2026-09-25 15:00:11,045 - __main__ - INFO - 9
2026-09-25 15:00:11,058 - __main__ - INFO - failed
2026-09-25 15:00:11,058 - __main__ - INFO - 10
2026-09-25 15:00:11,070 - __main__ - INFO - failed
2026-09-25 15:00:11,070 - __main__ - INFO - 11
2026-09-25 15:00:11,082 - __main__ - INFO - failed
2026-09-25 15:00:11,082 - __main__ - INFO - 12
2026-09-25 15:00:11,094 - __main__ - INFO - failed
2026-09-25 15:00:11,094 - __main__ - INFO - 13
2026-09-25 15:00:11,107 - __main__ - INFO - failed
2026-09-25 15:00:11,107 - __main__ - INFO - 14
2026-09-25 15:00:11,119 - __main__ - INFO - failed
2026-09-25 15:00:11,119 - __main__ - INFO - 15
2026-09-25 15:00:11,131 - __main__ - INFO - failed
2026-09-25 15:00:11,131 - __main__ - INFO - 16
2026-09-25 15:00:11,143 - __main__ - INFO - failed
2026-09-25 15:00:11,143 - __main__ - INFO - 17
2026-09-25 15:00:11,155 - __main__ - INFO - failed
2026-09-25 15:00:11,156 - __main__ - INFO - 18
2026-09-25 15:00:11,168 - __main__ - INFO - failed
2026-09-25 15:00:11,168 - __main__ - INFO - 19
2026-09-25 15:00:11,180 - __main__ - INFO - failed
2026-09-25 15:00:11,180 - __main__ - INFO - 20
2026-09-25 15:00:11,192 - __main__ - INFO - failed
2026-09-25 15:00:11,192 - __main__ - INFO - 21
2026-09-25 15:00:11,204 - __main__ - INFO - failed
2026-09-25 15:00:11,204 - __main__ - INFO - 0
2026-09-25 15:00:11,217 - __main__ - INFO - failed
2026-09-25 15:00:11,217 - __main__ - INFO - 1
2026-09-25 15:00:11,229 - __main__ - INFO - failed
2026-09-25 15:00:11,229 - __main__ - INFO - 2
2026-09-25 15:00:11,241 - __main__ - INFO - failed
2026-09-25 15:00:11,241 - __main__ - INFO - 3
2026-09-25 15:00:11,253 - __main__ - INFO - failed
2026-09-25 15:00:11,253 - __main__ - INFO - 4
2026-09-25 15:00:11,265 - __main__ - INFO - failed
2026-09-25 15:00:11,265 - __main__ - INFO - 5
2026-09-25 15:00:11,278 - __main__ - INFO - failed
2026-09-25 15:00:11,278 - __main__ - INFO - 6
2026-09-25 15:00:11,290 - __main__ - INFO - failed
2026-09-25 15:00:11,290 - __main__ - INFO - 7
2026-09-25 15:00:11,302 - __main__ - INFO - failed
2026-09-25 15:00:11,302 - __main__ - INFO - 8
2026-09-25 15:00:11,314 - __main__ - INFO - failed
2026-09-25 15:00:11,314 - __main__ - INFO - 9
2026-09-25 15:00:11,327 - __main__ - INFO - failed
2026-09-25 15:00:11,327 - __main__ - INFO - 10
2026-09-25 15:00:11,339 - __main__ - INFO - failed
2026-09-25 15:00:11,339 - __main__ - INFO - 11
2026-09-25 15:00:11,351 - __main__ - INFO - failed
2026-09-25 15:00:11,351 - __main__ - INFO - 12
2026-09-25 15:00:11,364 - __main__ - INFO - failed
2026-09-25 15:00:11,364 - __main__ - INFO - 13
2026-09-25 15:00:11,376 - __main__ - INFO - failed
2026-09-25 15:00:11,376 - __main__ - INFO - 14
2026-09-25 15:00:11,388 - __main__ - INFO - failed
2026-09-25 15:00:11,388 - __main__ - INFO - 15
2026-09-25 15:00:11,400 - __main__ - INFO - failed
2026-09-25 15:00:11,400 - __main__ - INFO - 16
2026-09-25 15:00:11,413 - __main__ - INFO - failed
2026-09-25 15:00:11,413 - __main__ - INFO - 17
2026-09-25 15:00:11,425 - __main__ - INFO - failed
2026-09-25 15:00:11,425 - __main__ - INFO - 18
2026-09-25 15:00:11,437 - __main__ - INFO - failed
2026-09-25 15:00:11,437 - __main__ - INFO - 19
2026-09-25 15:00:11,449 - __main__ - INFO - failed
2026-09-25 15:00:11,449 - __main__ - INFO - 20
2026-09-25 15:00:11,462 - __main__ - INFO - failed
2026-09-25 15:00:11,462 - __main__ - INFO - 21
2026-09-25 15:00:11,474 - __main__ - INFO - failed
2026-09-25 15:00:11,474 - __main__ - INFO - 0
2026-09-25 15:00:11,486 - __main__ - INFO - failed
2026-09-25 15:00:11,486 - __main__ - INFO - 1
2026-09-25 15:00:11,498 - __main__ - INFO - failed
2026-09-25 15:00:11,498 - __main__ - INFO - 2
2026-09-25 15:00:11,511 - __main__ - INFO - failed
2026-09-25 15:00:11,511 - __main__ - INFO - 3
2026-09-25 15:00:11,523 - __main__ - INFO - failed
2026-09-25 15:00:11,523 - __main__ - INFO - 4
2026-09-25 15:00:11,535 - __main__ - INFO - failed
2026-09-25 15:00:11,535 - __main__ - INFO - 5
2026-09-25 15:00:11,547 - __main__ - INFO - failed
2026-09-25 15:00:11,547 - __main__ - INFO - 6
2026-09-25 15:00:11,560 - __main__ - INFO - failed
2026-09-25 15:00:11,560 - __main__ - INFO - 7
2026-09-25 15:00:11,572 - __main__ - INFO - failed
2026-09-25 15:00:11,572 - __main__ - INFO - 8
2026-09-25 15:00:11,584 - __main__ - INFO - failed
2026-09-25 15:00:11,584 - __main__ - INFO - 9
2026-09-25 15:00:11,596 - __main__ - INFO - failed
2026-09-25 15:00:11,596 - __main__ - INFO - 10
2026-09-25 15:00:11,609 - __main__ - INFO - failed
2026-09-25 15:00:11,609 - __main__ - INFO - 11
2026-09-25 15:00:11,621 - __main__ - INFO - failed
2026-09-25 15:00:11,621 - __main__ - INFO - 12
2026-09-25 15:00:11,633 - __main__ - INFO - failed
2026-09-25 15:00:11,633 - __main__ - INFO - 13
2026-09-25 15:00:11,645 - __main__ - INFO - failed
2026-09-25 15:00:11,645 - __main__ - INFO - 14
2026-09-25 15:00:11,657 - __main__ - INFO - failed
2026-09-25 15:00:11,658 - __main__ - INFO - 15
2026-09-25 15:00:11,670 - __main__ - INFO - failed
2026-09-25 15:00:11,670 - __main__ - INFO - 16
2026-09-25 15:00:11,682 - __main__ - INFO - failed
2026-09-25 15:00:11,682 - __main__ - INFO - 17
2026-09-25 15:00:11,694 - __main__ - INFO - failed
2026-09-25 15:00:11,694 - __main__ - INFO - 18
2026-09-25 15:00:11,706 - __main__ - INFO - failed
2026-09-25 15:00:11,707 - __main__ - INFO - 19
2026-09-25 15:00:11,719 - __main__ - INFO - failed
2026-09-25 15:00:11,719 - __main__ - INFO - 20
2026-09-25 15:00:11,731 - __main__ - INFO - failed
2026-09-25 15:00:11,731 - __main__ - INFO - 21
2026-09-25 15:00:11,932 - __main__ - INFO - failed
2026-09-25 15:00:11,932 - __main__ - INFO - 11
2026-09-25 15:00:11,945 - __main__ - INFO - failed
2026-09-25 15:00:11,945 - __main__ - INFO - 12
2026-09-25 15:00:11,957 - __main__ - INFO - failed
2026-09-25 15:00:11,958 - __main__ - INFO - 13
2026-09-25 15:00:11,970 - __main__ - INFO - failed
2026-09-25 15:00:11,970 - __main__ - INFO - 14
2026-09-25 15:00:11,982 - __main__ - INFO - failed
2026-09-25 15:00:11,982 - __main__ - INFO - 15
2026-09-25 15:00:11,994 - __main__ - INFO - failed
2026-09-25 15:00:11,994 - __main__ - INFO - 16
2026-09-25 15:00:12,006 - __main__ - INFO - failed
2026-09-25 15:00:12,007 - __main__ - INFO - 17
2026-09-25 15:00:12,019 - __main__ - INFO - failed
2026-09-25 15:00:12,019 - __main__ - INFO - 18
2026-09-25 15:00:12,031 - __main__ - INFO - failed
2026-09-25 15:00:12,031 - __main__ - INFO - 19
2026-09-25 15:00:12,043 - __main__ - INFO - failed
2026-09-25 15:00:12,043 - __main__ - INFO - 20
2026-09-25 15:00:12,055 - __main__ - INFO - failed
2026-09-25 15:00:12,056 - __main__ - INFO - 21
2026-09-25 15:00:12,069 - __main__ - INFO - failed
2026-09-25 15:00:12,069 - __main__ - INFO - 0
2026-09-25 15:00:12,081 - __main__ - INFO - failed
2026-09-25 15:00:12,081 - __main__ - INFO - 1
2026-09-25 15:00:12,093 - __main__ - INFO - failed
2026-09-25 15:00:12,093 - __main__ - INFO - 2
2026-09-25 15:00:12,105 - __main__ - INFO - failed
2026-09-25 15:00:12,105 - __main__ - INFO - 3
2026-09-25 15:00:12,117 - __main__ - INFO - failed
2026-09-25 15:00:12,117 - __main__ - INFO - 4
2026-09-25 15:00:12,130 - __main__ - INFO - failed
2026-09-25 15:00:12,130 - __main__ - INFO - 5
2026-09-25 15:00:12,142 - __main__ - INFO - failed
2026-09-25 15:00:12,142 - __main__ - INFO - 6
2026-09-25 15:00:12,154 - __main__ - INFO - failed
2026-09-25 15:00:12,154 - __main__ - INFO - 7
2026-09-25 15:00:12,166 - __main__ - INFO - failed
2026-09-25 15:00:12,166 - __main__ - INFO - 8
2026-09-25 15:00:12,179 - __main__ - INFO - failed
2026-09-25 15:00:12,179 - __main__ - INFO - 9
2026-09-25 15:00:12,191 - __main__ - INFO - failed
2026-09-25 15:00:12,191 - __main__ - INFO - 10
2026-09-25 15:00:12,203 - __main__ - INFO - failed
2026-09-25 15:00:12,203 - __main__ - INFO - 11
2026-09-25 15:00:12,215 - __main__ - INFO - failed
2026-09-25 15:00:12,215 - __main__ - INFO - 12
2026-09-25 15:00:12,227 - __main__ - INFO - failed
2026-09-25 15:00:12,227 - __main__ - INFO - 13
2026-09-25 15:00:12,240 - __main__ - INFO - failed
2026-09-25 15:00:12,240 - __main__ - INFO - 14
2026-09-25 15:00:12,252 - __main__ - INFO - failed
2026-09-25 15:00:12,252 - __main__ - INFO - 15
2026-09-25 15:00:12,264 - __main__ - INFO - failed
2026-09-25 15:00:12,264 - __main__ - INFO - 16
2026-09-25 15:00:12,277 - __main__ - INFO - failed
2026-09-25 15:00:12,277 - __main__ - INFO - 17
2026-09-25 15:00:12,289 - __main__ - INFO - failed
2026-09-25 15:00:12,289 - __main__ - INFO - 18
2026-09-25 15:00:12,301 - __main__ - INFO - failed
2026-09-25 15:00:12,301 - __main__ - INFO - 19
2026-09-25 15:00:12,313 - __main__ - INFO - failed
2026-09-25 15:00:12,313 - __main__ - INFO - 20
2026-09-25 15:00:12,326 - __main__ - INFO - failed
2026-09-25 15:00:12,326 - __main__ - INFO - 21
2026-09-25 15:00:12,338 - __main__ - INFO - failed
2026-09-25 15:00:12,338 - __main__ - INFO - 0
2026-09-25 15:00:12,350 - __main__ - INFO - failed
2026-09-25 15:00:12,350 - __main__ - INFO - 1
2026-09-25 15:00:12,363 - __main__ - INFO - failed
2026-09-25 15:00:12,363 - __main__ - INFO - 2
2026-09-25 15:00:12,375 - __main__ - INFO - failed
2026-09-25 15:00:12,375 - __main__ - INFO - 3
2026-09-25 15:00:12,387 - __main__ - INFO - failed
2026-09-25 15:00:12,387 - __main__ - INFO - 4
2026-09-25 15:00:12,399 - __main__ - INFO - failed
2026-09-25 15:00:12,399 - __main__ - INFO - 5
2026-09-25 15:00:12,413 - __main__ - INFO - failed
2026-09-25 15:00:12,413 - __main__ - INFO - 6
2026-09-25 15:00:12,426 - __main__ - INFO - failed
2026-09-25 15:00:12,426 - __main__ - INFO - 7
2026-09-25 15:00:12,439 - __main__ - INFO - failed
2026-09-25 15:00:12,439 - __main__ - INFO - 8
2026-09-25 15:00:12,453 - __main__ - INFO - failed
2026-09-25 15:00:12,453 - __main__ - INFO - 9
2026-09-25 15:00:12,466 - __main__ - INFO - failed
2026-09-25 15:00:12,466 - __main__ - INFO - 10
2026-09-25 15:00:12,481 - __main__ - INFO - failed
2026-09-25 15:00:12,481 - __main__ - INFO - 11
2026-09-25 15:00:12,496 - __main__ - INFO - failed
2026-09-25 15:00:12,496 - __main__ - INFO - 12
2026-09-25 15:00:12,510 - __main__ - INFO - failed
2026-09-25 15:00:12,510 - __main__ - INFO - 13
2026-09-25 15:00:12,524 - __main__ - INFO - failed
2026-09-25 15:00:12,524 - __main__ - INFO - 14
2026-09-25 15:00:12,538 - __main__ - INFO - failed
2026-09-25 15:00:12,538 - __main__ - INFO - 15
2026-09-25 15:00:12,552 - __main__ - INFO - failed
2026-09-25 15:00:12,552 - __main__ - INFO - 16
2026-09-25 15:00:12,566 - __main__ - INFO - failed
2026-09-25 15:00:12,566 - __main__ - INFO - 17
2026-09-25 15:00:12,580 - __main__ - INFO - failed
2026-09-25 15:00:12,580 - __main__ - INFO - 18
2026-09-25 15:00:12,594 - __main__ - INFO - failed
2026-09-25 15:00:12,594 - __main__ - INFO - 19
2026-09-25 15:00:12,607 - __main__ - INFO - failed
2026-09-25 15:00:12,607 - __main__ - INFO - 20
2026-09-25 15:00:12,620 - __main__ - INFO - failed
2026-09-25 15:00:12,620 - __main__ - INFO - 21
2026-09-25 15:00:12,634 - __main__ - INFO - failed
2026-09-25 15:00:12,634 - __main__ - INFO - 0
2026-09-25 15:00:12,647 - __main__ - INFO - failed
2026-09-25 15:00:12,647 - __main__ - INFO - 1
2026-09-25 15:00:12,661 - __main__ - INFO - failed
2026-09-25 15:00:12,661 - __main__ - INFO - 2
2026-09-25 15:00:12,674 - __main__ - INFO - failed
2026-09-25 15:00:12,674 - __main__ - INFO - 3
2026-09-25 15:00:12,688 - __main__ - INFO - failed
2026-09-25 15:00:12,688 - __main__ - INFO - 4
2026-09-25 15:00:12,701 - __main__ - INFO - failed
2026-09-25 15:00:12,701 - __main__ - INFO - 5
2026-09-25 15:00:12,715 - __main__ - INFO - failed
2026-09-25 15:00:12,715 - __main__ - INFO - 6
2026-09-25 15:00:12,728 - __main__ - INFO - failed
2026-09-25 15:00:12,728 - __main__ - INFO - 7
2026-09-25 15:00:12,741 - __main__ - INFO - failed
2026-09-25 15:00:12,741 - __main__ - INFO - 8
2026-09-25 15:00:12,754 - __main__ - INFO - failed
2026-09-25 15:00:12,754 - __main__ - INFO - 9
2026-09-25 15:00:12,767 - __main__ - INFO - failed
2026-09-25 15:00:12,767 - __main__ - INFO - 10
2026-09-25 15:00:12,780 - __main__ - INFO - failed
2026-09-25 15:00:12,780 - __main__ - INFO - 11
2026-09-25 15:00:12,794 - __main__ - INFO - failed
2026-09-25 15:00:12,794 - __main__ - INFO - 12
2026-09-25 15:00:12,807 - __main__ - INFO - failed
2026-09-25 15:00:12,807 - __main__ - INFO - 13
2026-09-25 15:00:12,820 - __main__ - INFO - failed
2026-09-25 15:00:12,820 - __main__ - INFO - 14
2026-09-25 15:00:12,833 - __main__ - INFO - failed
2026-09-25 15:00:12,833 - __main__ - INFO - 15
2026-09-25 15:00:12,846 - __main__ - INFO - failed
2026-09-25 15:00:12,847 - __main__ - INFO - 16
2026-09-25 15:00:12,859 - __main__ - INFO - failed
2026-09-25 15:00:12,859 - __main__ - INFO - 17
2026-09-25 15:00:12,873 - __main__ - INFO - failed
2026-09-25 15:00:12,873 - __main__ - INFO - 18
2026-09-25 15:00:12,886 - __main__ - INFO - failed
2026-09-25 15:00:12,886 - __main__ - INFO - 19
2026-09-25 15:00:12,900 - __main__ - INFO - failed
2026-09-25 15:00:12,900 - __main__ - INFO - 20
2026-09-25 15:00:12,914 - __main__ - INFO - failed
2026-09-25 15:00:12,914 - __main__ - INFO - 21
2026-09-25 15:00:12,928 - __main__ - INFO - failed
2026-09-25 15:00:12,928 - __main__ - INFO - 0
2026-09-25 15:00:12,942 - __main__ - INFO - failed
2026-09-25 15:00:12,942 - __main__ - INFO - 1
2026-09-25 15:00:12,955 - __main__ - INFO - failed
2026-09-25 15:00:12,955 - __main__ - INFO - 2
2026-09-25 15:00:12,969 - __main__ - INFO - failed
2026-09-25 15:00:12,969 - __main__ - INFO - 3
2026-09-25 15:00:12,982 - __main__ - INFO - failed
2026-09-25 15:00:12,982 - __main__ - INFO - 4
2026-09-25 15:00:12,995 - __main__ - INFO - failed
2026-09-25 15:00:12,995 - __main__ - INFO - 5
2026-09-25 15:00:13,008 - __main__ - INFO - failed
2026-09-25 15:00:13,008 - __main__ - INFO - 6
2026-09-25 15:00:13,022 - __main__ - INFO - failed
2026-09-25 15:00:13,022 - __main__ - INFO - 7
2026-09-25 15:00:13,036 - __main__ - INFO - failed
2026-09-25 15:00:13,036 - __main__ - INFO - 8
2026-09-25 15:00:13,049 - __main__ - INFO - failed
2026-09-25 15:00:13,049 - __main__ - INFO - 9
2026-09-25 15:00:13,061 - __main__ - INFO - failed
2026-09-25 15:00:13,061 - __main__ - INFO - 10
2026-09-25 15:00:13,073 - __main__ - INFO - failed
2026-09-25 15:00:13,073 - __main__ - INFO - 11
2026-09-25 15:00:13,085 - __main__ - INFO - failed
2026-09-25 15:00:13,085 - __main__ - INFO - 12
2026-09-25 15:00:13,098 - __main__ - INFO - failed
2026-09-25 15:00:13,098 - __main__ - INFO - 13
2026-09-25 15:00:13,110 - __main__ - INFO - failed
2026-09-25 15:00:13,110 - __main__ - INFO - 14
2026-09-25 15:00:13,122 - __main__ - INFO - failed
2026-09-25 15:00:13,122 - __main__ - INFO - 15
2026-09-25 15:00:13,135 - __main__ - INFO - failed
2026-09-25 15:00:13,135 - __main__ - INFO - 16
2026-09-25 15:00:13,147 - __main__ - INFO - failed
2026-09-25 15:00:13,147 - __main__ - INFO - 17
2026-09-25 15:00:13,159 - __main__ - INFO - failed
2026-09-25 15:00:13,159 - __main__ - INFO - 18
2026-09-25 15:00:13,171 - __main__ - INFO - failed
2026-09-25 15:00:13,171 - __main__ - INFO - 19
2026-09-25 15:00:13,184 - __main__ - INFO - failed
2026-09-25 15:00:13,184 - __main__ - INFO - 20
2026-09-25 15:00:13,196 - __main__ - INFO - failed
2026-09-25 15:00:13,196 - __main__ - INFO - 21
2026-09-25 15:00:13,208 - __main__ - INFO - failed
2026-09-25 15:00:13,208 - __main__ - INFO - 0
2026-09-25 15:00:13,220 - __main__ - INFO - failed
2026-09-25 15:00:13,220 - __main__ - INFO - 1
2026-09-25 15:00:13,232 - __main__ - INFO - failed
2026-09-25 15:00:13,232 - __main__ - INFO - 2
2026-09-25 15:00:13,245 - __main__ - INFO - failed
2026-09-25 15:00:13,245 - __main__ - INFO - 3
2026-09-25 15:00:13,257 - __main__ - INFO - failed
2026-09-25 15:00:13,257 - __main__ - INFO - 4
2026-09-25 15:00:13,269 - __main__ - INFO - failed
2026-09-25 15:00:13,269 - __main__ - INFO - 5
2026-09-25 15:00:13,281 - __main__ - INFO - failed
2026-09-25 15:00:13,281 - __main__ - INFO - 6
2026-09-25 15:00:13,294 - __main__ - INFO - failed
2026-09-25 15:00:13,294 - __main__ - INFO - 7
2026-09-25 15:00:13,306 - __main__ - INFO - failed
2026-09-25 15:00:13,306 - __main__ - INFO - 8
2026-09-25 15:00:13,318 - __main__ - INFO - failed
2026-09-25 15:00:13,318 - __main__ - INFO - 9
2026-09-25 15:00:13,330 - __main__ - INFO - failed
2026-09-25 15:00:13,330 - __main__ - INFO - 10
2026-09-25 15:00:13,343 - __main__ - INFO - failed
2026-09-25 15:00:13,343 - __main__ - INFO - 11
2026-09-25 15:00:13,355 - __main__ - INFO - failed
2026-09-25 15:00:13,355 - __main__ - INFO - 12
2026-09-25 15:00:13,367 - __main__ - INFO - failed
2026-09-25 15:00:13,367 - __main__ - INFO - 13
2026-09-25 15:00:14,476 - __main__ - INFO - failed
2026-09-25 15:00:14,476 - __main__ - INFO - 15
2026-09-25 15:00:14,488 - __main__ - INFO - failed
2026-09-25 15:00:14,489 - __main__ - INFO - 16
2026-09-25 15:00:14,501 - __main__ - INFO - failed
2026-09-25 15:00:14,501 - __main__ - INFO - 17
2026-09-25 15:00:14,513 - __main__ - INFO - failed
2026-09-25 15:00:14,513 - __main__ - INFO - 18
2026-09-25 15:00:14,525 - __main__ - INFO - failed
2026-09-25 15:00:14,525 - __main__ - INFO - 19
2026-09-25 15:00:14,538 - __main__ - INFO - failed
2026-09-25 15:00:14,538 - __main__ - INFO - 20
2026-09-25 15:00:14,550 - __main__ - INFO - failed
2026-09-25 15:00:14,550 - __main__ - INFO - 21
2026-09-25 15:00:14,563 - __main__ - INFO - failed
2026-09-25 15:00:14,563 - __main__ - INFO - 0
2026-09-25 15:00:14,575 - __main__ - INFO - failed
2026-09-25 15:00:14,575 - __main__ - INFO - 1
2026-09-25 15:00:14,587 - __main__ - INFO - failed
2026-09-25 15:00:14,587 - __main__ - INFO - 2
2026-09-25 15:00:14,600 - __main__ - INFO - failed
2026-09-25 15:00:14,600 - __main__ - INFO - 3
2026-09-25 15:00:14,612 - __main__ - INFO - failed
2026-09-25 15:00:14,612 - __main__ - INFO - 4
2026-09-25 15:00:14,624 - __main__ - INFO - failed
2026-09-25 15:00:14,624 - __main__ - INFO - 5
2026-09-25 15:00:14,636 - __main__ - INFO - failed
2026-09-25 15:00:14,636 - __main__ - INFO - 6
2026-09-25 15:00:14,648 - __main__ - INFO - failed
2026-09-25 15:00:14,649 - __main__ - INFO - 7
2026-09-25 15:00:14,661 - __main__ - INFO - failed
2026-09-25 15:00:14,661 - __main__ - INFO - 8
2026-09-25 15:00:14,673 - __main__ - INFO - failed
2026-09-25 15:00:14,673 - __main__ - INFO - 9
2026-09-25 15:00:14,685 - __main__ - INFO - failed
2026-09-25 15:00:14,685 - __main__ - INFO - 10
2026-09-25 15:00:14,697 - __main__ - INFO - failed
2026-09-25 15:00:14,697 - __main__ - INFO - 11
2026-09-25 15:00:14,710 - __main__ - INFO - failed
2026-09-25 15:00:14,710 - __main__ - INFO - 12
2026-09-25 15:00:14,722 - __main__ - INFO - failed
2026-09-25 15:00:14,722 - __main__ - INFO - 13
2026-09-25 15:00:14,734 - __main__ - INFO - failed
2026-09-25 15:00:14,734 - __main__ - INFO - 14
2026-09-25 15:00:14,746 - __main__ - INFO - failed
2026-09-25 15:00:14,746 - __main__ - INFO - 15
2026-09-25 15:00:14,759 - __main__ - INFO - failed
2026-09-25 15:00:14,759 - __main__ - INFO - 16
2026-09-25 15:00:14,771 - __main__ - INFO - failed
2026-09-25 15:00:14,771 - __main__ - INFO - 17
2026-09-25 15:00:14,783 - __main__ - INFO - failed
2026-09-25 15:00:14,783 - __main__ - INFO - 18
2026-09-25 15:00:14,795 - __main__ - INFO - failed
2026-09-25 15:00:14,795 - __main__ - INFO - 19
2026-09-25 15:00:14,808 - __main__ - INFO - failed
2026-09-25 15:00:14,808 - __main__ - INFO - 20
2026-09-25 15:00:14,820 - __main__ - INFO - failed
2026-09-25 15:00:14,820 - __main__ - INFO - 21
2026-09-25 15:00:14,832 - __main__ - INFO - failed
2026-09-25 15:00:14,832 - __main__ - INFO - 0
2026-09-25 15:00:14,845 - __main__ - INFO - failed
2026-09-25 15:00:14,845 - __main__ - INFO - 1
2026-09-25 15:00:14,857 - __main__ - INFO - failed
2026-09-25 15:00:14,857 - __main__ - INFO - 2
2026-09-25 15:00:14,869 - __main__ - INFO - failed
2026-09-25 15:00:14,869 - __main__ - INFO - 3
2026-09-25 15:00:14,881 - __main__ - INFO - failed
2026-09-25 15:00:14,881 - __main__ - INFO - 4
2026-09-25 15:00:14,894 - __main__ - INFO - failed
2026-09-25 15:00:14,894 - __main__ - INFO - 5
2026-09-25 15:00:14,906 - __main__ - INFO - failed
2026-09-25 15:00:14,906 - __main__ - INFO - 6
2026-09-25 15:00:14,918 - __main__ - INFO - failed
2026-09-25 15:00:14,918 - __main__ - INFO - 7
2026-09-25 15:00:14,930 - __main__ - INFO - failed
2026-09-25 15:00:14,930 - __main__ - INFO - 8
2026-09-25 15:00:14,942 - __main__ - INFO - failed
2026-09-25 15:00:14,943 - __main__ - INFO - 9
2026-09-25 15:00:14,955 - __main__ - INFO - failed
2026-09-25 15:00:14,955 - __main__ - INFO - 10
2026-09-25 15:00:14,967 - __main__ - INFO - failed
2026-09-25 15:00:14,967 - __main__ - INFO - 11
2026-09-25 15:00:14,979 - __main__ - INFO - failed
2026-09-25 15:00:14,979 - __main__ - INFO - 12
2026-09-25 15:00:14,991 - __main__ - INFO - failed
2026-09-25 15:00:14,991 - __main__ - INFO - 13
2026-09-25 15:00:15,004 - __main__ - INFO - failed
2026-09-25 15:00:15,004 - __main__ - INFO - 14
2026-09-25 15:00:15,016 - __main__ - INFO - failed
2026-09-25 15:00:15,016 - __main__ - INFO - 15
2026-09-25 15:00:15,028 - __main__ - INFO - failed
2026-09-25 15:00:15,028 - __main__ - INFO - 16
2026-09-25 15:00:15,040 - __main__ - INFO - failed
2026-09-25 15:00:15,041 - __main__ - INFO - 17
2026-09-25 15:00:15,053 - __main__ - INFO - failed
2026-09-25 15:00:15,053 - __main__ - INFO - 18
2026-09-25 15:00:15,065 - __main__ - INFO - failed
2026-09-25 15:00:15,065 - __main__ - INFO - 19
2026-09-25 15:00:15,077 - __main__ - INFO - failed
2026-09-25 15:00:15,077 - __main__ - INFO - 20
2026-09-25 15:00:15,089 - __main__ - INFO - failed
2026-09-25 15:00:15,089 - __main__ - INFO - 21
2026-09-26 14:06:28,930 - __main__ - INFO - running pc
2026-09-26 14:06:28,930 - __main__ - INFO - running pc
2026-09-26 14:06:28,931 - __main__ - INFO - running pc
2026-09-26 14:23:29,722 - __main__ - INFO - running Us mob
2026-09-26 14:23:29,723 - __main__ - INFO - running Us mob
2026-09-26 14:23:29,724 - __main__ - INFO - running Us mob
2026-09-27 15:00:04,219 - __main__ - INFO - running pc
2026-09-27 15:00:04,219 - __main__ - INFO - running pc
2026-09-27 15:00:04,219 - __main__ - INFO - running pc
2026-09-27 15:00:04,272 - __main__ - INFO - failed
2026-09-27 15:00:04,273 - __main__ - INFO - 0
2026-09-27 15:00:04,293 - __main__ - INFO - failed
2026-09-27 15:00:04,293 - __main__ - INFO - 1
2026-09-27 15:00:04,311 - __main__ - INFO - failed
2026-09-27 15:00:04,312 - __main__ - INFO - 2
2026-09-27 15:00:05,438 - __main__ - INFO - failed
2026-09-27 15:00:05,456 - __main__ - INFO - 1
2026-09-27 15:00:05,478 - __main__ - INFO - failed
2026-09-27 15:00:05,478 - __main__ - INFO - 2
2026-09-27 15:00:05,497 - __main__ - INFO - failed
2026-09-27 15:00:05,497 - __main__ - INFO - 3
2026-09-27 15:00:07,659 - __main__ - INFO - failed
2026-09-27 15:00:07,659 - __main__ - INFO - 6
2026-09-27 15:00:07,713 - __main__ - INFO - failed
2026-09-27 15:00:07,713 - __main__ - INFO - 7
2026-09-27 15:00:08,806 - __main__ - INFO - failed
2026-09-27 15:00:08,806 - __main__ - INFO - 9
2026-09-27 15:00:08,858 - __main__ - INFO - failed
2026-09-27 15:00:08,860 - __main__ - INFO - 7
2026-09-27 15:00:08,879 - __main__ - INFO - failed
2026-09-27 15:00:08,880 - __main__ - INFO - 8
2026-09-27 15:00:09,998 - __main__ - INFO - failed
2026-09-27 15:00:09,998 - __main__ - INFO - failed
2026-09-27 15:00:09,998 - __main__ - INFO - 11
2026-09-27 15:00:09,998 - __main__ - INFO - 10
2026-09-27 15:00:10,036 - __main__ - INFO - failed
2026-09-27 15:00:10,036 - __main__ - INFO - 12
2026-09-27 15:00:12,240 - __main__ - INFO - failed
2026-09-27 15:00:12,241 - __main__ - INFO - 15
2026-09-27 15:00:12,293 - __main__ - INFO - failed
2026-09-27 15:00:12,294 - __main__ - INFO - 13
2026-09-27 15:00:12,295 - __main__ - INFO - failed
2026-09-27 15:00:12,312 - __main__ - INFO - failed
2026-09-27 15:00:12,312 - __main__ - INFO - 16
2026-09-27 15:00:12,313 - __main__ - INFO - failed
2026-09-27 15:00:12,314 - __main__ - INFO - 7
2026-09-27 15:00:12,314 - __main__ - INFO - 14
2026-09-27 15:00:12,367 - __main__ - INFO - failed
2026-09-27 15:00:12,368 - __main__ - INFO - failed
2026-09-27 15:00:12,369 - __main__ - INFO - failed
2026-09-27 15:00:12,369 - __main__ - INFO - 17
2026-09-27 15:00:12,369 - __main__ - INFO - 8
2026-09-27 15:00:12,370 - __main__ - INFO - 15
2026-09-27 15:00:12,424 - __main__ - INFO - failed
2026-09-27 15:00:12,425 - __main__ - INFO - failed
2026-09-27 15:00:12,425 - __main__ - INFO - 9
2026-09-27 15:00:12,426 - __main__ - INFO - 16
2026-09-27 15:00:13,580 - __main__ - INFO - failed
2026-09-27 15:00:13,580 - __main__ - INFO - 11
2026-09-27 15:00:13,601 - __main__ - INFO - failed
2026-09-27 15:00:13,601 - __main__ - INFO - 12
2026-09-27 15:00:13,620 - __main__ - INFO - failed
2026-09-27 15:00:13,620 - __main__ - INFO - 13
2026-09-27 15:00:13,639 - __main__ - INFO - failed
2026-09-27 15:00:13,639 - __main__ - INFO - 14
2026-09-27 15:00:14,678 - __main__ - INFO - failed
2026-09-27 15:00:14,679 - __main__ - INFO - 19
2026-09-27 15:00:14,697 - __main__ - INFO - failed
2026-09-27 15:00:14,697 - __main__ - INFO - 20
2026-09-27 15:00:14,715 - __main__ - INFO - failed
2026-09-27 15:00:14,715 - __main__ - INFO - 21
2026-09-27 15:00:14,733 - __main__ - INFO - failed
2026-09-27 15:00:14,751 - __main__ - INFO - 22
2026-09-27 15:00:15,890 - __main__ - INFO - failed
2026-09-27 15:00:15,890 - __main__ - INFO - 24
2026-09-27 15:00:15,944 - __main__ - INFO - failed
2026-09-27 15:00:15,944 - __main__ - INFO - failed
2026-09-27 15:00:15,945 - __main__ - INFO - failed
2026-09-27 15:00:15,945 - __main__ - INFO - 25
2026-09-27 15:00:15,945 - __main__ - INFO - 21
2026-09-27 15:00:15,945 - __main__ - INFO - 17
2026-09-27 15:00:16,000 - __main__ - INFO - failed
2026-09-27 15:00:16,000 - __main__ - INFO - 22
2026-09-27 15:00:16,001 - __main__ - INFO - failed
2026-09-27 15:00:16,019 - __main__ - INFO - 18
2026-09-27 15:00:16,020 - __main__ - INFO - failed
2026-09-27 15:00:16,039 - __main__ - INFO - 23
2026-09-27 15:00:17,160 - __main__ - INFO - failed
2026-09-27 15:00:17,160 - __main__ - INFO - failed
2026-09-27 15:00:17,160 - __main__ - INFO - 25
2026-09-27 15:00:17,160 - __main__ - INFO - 27
2026-09-27 15:00:17,198 - __main__ - INFO - failed
2026-09-27 15:00:17,198 - __main__ - INFO - 26
2026-09-27 15:00:17,219 - __main__ - INFO - failed
2026-09-27 15:00:17,219 - __main__ - INFO - 27
2026-09-27 15:00:17,238 - __main__ - INFO - failed
2026-09-27 15:00:17,238 - __main__ - INFO - 28
2026-09-27 15:00:17,257 - __main__ - INFO - failed
2026-09-27 15:00:17,257 - __main__ - INFO - 29
2026-09-27 15:00:17,277 - __main__ - INFO - failed
2026-09-27 15:00:17,277 - __main__ - INFO - 30
2026-09-27 15:00:17,296 - __main__ - INFO - failed
2026-09-27 15:00:17,297 - __main__ - INFO - 31
2026-09-27 15:00:17,315 - __main__ - INFO - failed
2026-09-27 15:00:17,315 - __main__ - INFO - 32
2026-09-27 15:00:18,278 - __main__ - INFO - failed
2026-09-27 15:00:18,278 - __main__ - INFO - 21
2026-09-27 15:00:18,316 - __main__ - INFO - failed
2026-09-27 15:00:18,317 - __main__ - INFO - 29
2026-09-27 15:00:18,337 - __main__ - INFO - failed
2026-09-27 15:00:18,337 - __main__ - INFO - 30
2026-09-27 15:00:18,429 - __main__ - INFO - failed
2026-09-27 15:00:18,429 - __main__ - INFO - 34
2026-09-27 15:00:19,390 - __main__ - INFO - failed
2026-09-27 15:00:19,390 - __main__ - INFO - 23
2026-09-27 15:00:19,525 - __main__ - INFO - failed
2026-09-27 15:00:19,525 - __main__ - INFO - 1
2026-09-27 15:00:19,543 - __main__ - INFO - failed
2026-09-27 15:00:19,543 - __main__ - INFO - 2
2026-09-27 15:00:19,561 - __main__ - INFO - failed
2026-09-27 15:00:19,562 - __main__ - INFO - 3
2026-09-27 15:00:19,579 - __main__ - INFO - failed
2026-09-27 15:00:19,580 - __main__ - INFO - 4
2026-09-27 15:00:20,514 - __main__ - INFO - failed
2026-09-27 15:00:20,514 - __main__ - INFO - 25
2026-09-27 15:00:20,550 - __main__ - INFO - failed
2026-09-27 15:00:20,550 - __main__ - INFO - 33
2026-09-27 15:00:20,700 - __main__ - INFO - failed
2026-09-27 15:00:20,700 - __main__ - INFO - 6
2026-09-27 15:00:20,718 - __main__ - INFO - failed
2026-09-27 15:00:20,718 - __main__ - INFO - 7
2026-09-27 15:00:20,736 - __main__ - INFO - failed
2026-09-27 15:00:20,736 - __main__ - INFO - 8
2026-09-27 15:00:21,667 - __main__ - INFO - failed
2026-09-27 15:00:21,667 - __main__ - INFO - 27
2026-09-27 15:00:21,686 - __main__ - INFO - failed
2026-09-27 15:00:21,686 - __main__ - INFO - 28
2026-09-27 15:00:21,705 - __main__ - INFO - failed
2026-09-27 15:00:21,705 - __main__ - INFO - 29
2026-09-27 15:00:21,723 - __main__ - INFO - failed
2026-09-27 15:00:21,724 - __main__ - INFO - 30
2026-09-27 15:00:21,742 - __main__ - INFO - failed
2026-09-27 15:00:21,742 - __main__ - INFO - 31
2026-09-27 15:00:21,760 - __main__ - INFO - failed
2026-09-27 15:00:21,761 - __main__ - INFO - 32
2026-09-27 15:00:23,841 - __main__ - INFO - failed
2026-09-27 15:00:23,841 - __main__ - INFO - 2
2026-09-27 15:00:23,859 - __main__ - INFO - failed
2026-09-27 15:00:23,859 - __main__ - INFO - 3
2026-09-27 15:00:23,877 - __main__ - INFO - failed
2026-09-27 15:00:23,877 - __main__ - INFO - 4
2026-09-27 15:00:23,895 - __main__ - INFO - failed
2026-09-27 15:00:23,895 - __main__ - INFO - 5
2026-09-27 15:00:24,986 - __main__ - INFO - failed
2026-09-27 15:00:24,987 - __main__ - INFO - 7
2026-09-27 15:00:25,119 - __main__ - INFO - failed
2026-09-27 15:00:25,119 - __main__ - INFO - 1
2026-09-27 15:00:25,137 - __main__ - INFO - failed
2026-09-27 15:00:25,138 - __main__ - INFO - 2
2026-09-27 15:00:25,181 - __main__ - INFO - failed
2026-09-27 15:00:25,181 - __main__ - INFO - 13
2026-09-27 15:00:25,201 - __main__ - INFO - failed
2026-09-27 15:00:25,202 - __main__ - INFO - 14
2026-09-27 15:00:26,158 - __main__ - INFO - failed
2026-09-27 15:00:26,158 - __main__ - INFO - 9
2026-09-27 15:00:26,177 - __main__ - INFO - failed
2026-09-27 15:00:26,177 - __main__ - INFO - 10
2026-09-27 15:00:26,195 - __main__ - INFO - failed
2026-09-27 15:00:26,196 - __main__ - INFO - 11
2026-09-27 15:00:26,259 - __main__ - INFO - failed
2026-09-27 15:00:26,259 - __main__ - INFO - 4
2026-09-27 15:00:26,277 - __main__ - INFO - failed
2026-09-27 15:00:26,277 - __main__ - INFO - 5
2026-09-27 15:00:26,296 - __main__ - INFO - failed
2026-09-27 15:00:26,296 - __main__ - INFO - 6
2026-09-27 15:00:26,315 - __main__ - INFO - failed
2026-09-27 15:00:26,315 - __main__ - INFO - 7
2026-09-27 15:00:26,352 - __main__ - INFO - failed
2026-09-27 15:00:26,352 - __main__ - INFO - 16
2026-09-27 15:00:26,371 - __main__ - INFO - failed
2026-09-27 15:00:26,371 - __main__ - INFO - 17
2026-09-27 15:00:26,390 - __main__ - INFO - failed
2026-09-27 15:00:26,390 - __main__ - INFO - 18
2026-09-27 15:00:26,411 - __main__ - INFO - failed
2026-09-27 15:00:26,411 - __main__ - INFO - 19
2026-09-27 15:00:26,429 - __main__ - INFO - failed
2026-09-27 15:00:26,430 - __main__ - INFO - 20
2026-09-27 15:00:26,448 - __main__ - INFO - failed
2026-09-27 15:00:26,448 - __main__ - INFO - 21
2026-09-27 15:00:26,466 - __main__ - INFO - failed
2026-09-27 15:00:26,466 - __main__ - INFO - 22
2026-09-27 15:00:26,485 - __main__ - INFO - failed
2026-09-27 15:00:26,486 - __main__ - INFO - 23
2026-09-27 15:00:26,504 - __main__ - INFO - failed
2026-09-27 15:00:26,504 - __main__ - INFO - 24
2026-09-27 15:00:26,523 - __main__ - INFO - failed
2026-09-27 15:00:26,523 - __main__ - INFO - 25
2026-09-27 15:00:27,316 - __main__ - INFO - failed
2026-09-27 15:00:27,316 - __main__ - INFO - 13
2026-09-27 15:00:27,334 - __main__ - INFO - failed
2026-09-27 15:00:27,335 - __main__ - INFO - 14
2026-09-27 15:00:27,505 - __main__ - INFO - failed
2026-09-27 15:00:27,505 - __main__ - INFO - 9
2026-09-27 15:00:27,524 - __main__ - INFO - failed
2026-09-27 15:00:27,524 - __main__ - INFO - 10
2026-09-27 15:00:28,639 - __main__ - INFO - failed
2026-09-27 15:00:28,640 - __main__ - INFO - 12
2026-09-27 15:00:28,658 - __main__ - INFO - failed
2026-09-27 15:00:28,658 - __main__ - INFO - 13
2026-09-27 15:00:28,676 - __main__ - INFO - failed
2026-09-27 15:00:28,676 - __main__ - INFO - 14
2026-09-27 15:00:28,695 - __main__ - INFO - failed
2026-09-27 15:00:28,695 - __main__ - INFO - 15
2026-09-27 15:00:29,833 - __main__ - INFO - failed
2026-09-27 15:00:29,833 - __main__ - INFO - 17
2026-09-27 15:00:29,869 - __main__ - INFO - failed
2026-09-27 15:00:29,869 - __main__ - INFO - 18
2026-09-27 15:00:29,888 - __main__ - INFO - failed
2026-09-27 15:00:29,888 - __main__ - INFO - 19
2026-09-27 15:00:29,907 - __main__ - INFO - failed
2026-09-27 15:00:29,907 - __main__ - INFO - 20
2026-09-27 15:00:29,926 - __main__ - INFO - failed
2026-09-27 15:00:29,926 - __main__ - INFO - 21
2026-09-27 15:00:29,945 - __main__ - INFO - failed
2026-09-27 15:00:29,945 - __main__ - INFO - 22
2026-09-27 15:00:30,598 - __main__ - INFO - failed
2026-09-27 15:00:30,598 - __main__ - INFO - 18
2026-09-27 15:00:32,175 - __main__ - INFO - failed
2026-09-27 15:00:32,175 - __main__ - INFO - 25
2026-09-27 15:00:32,194 - __main__ - INFO - failed
2026-09-27 15:00:32,194 - __main__ - INFO - 26
2026-09-27 15:00:32,212 - __main__ - INFO - failed
2026-09-27 15:00:32,212 - __main__ - INFO - 27
2026-09-27 15:00:32,856 - __main__ - INFO - failed
2026-09-27 15:00:32,856 - __main__ - INFO - 21
2026-09-27 15:00:32,874 - __main__ - INFO - failed
2026-09-27 15:00:32,874 - __main__ - INFO - 22
2026-09-27 15:00:32,892 - __main__ - INFO - failed
2026-09-27 15:00:32,892 - __main__ - INFO - 23
2026-09-27 15:00:33,981 - __main__ - INFO - failed
2026-09-27 15:00:33,981 - __main__ - INFO - 25
2026-09-27 15:00:33,999 - __main__ - INFO - failed
2026-09-27 15:00:33,999 - __main__ - INFO - 26
2026-09-27 15:00:34,373 - __main__ - INFO - failed
2026-09-27 15:00:34,374 - __main__ - INFO - 33
2026-09-27 15:00:34,410 - __main__ - INFO - failed
2026-09-27 15:00:34,411 - __main__ - INFO - 30
2026-09-27 15:00:34,429 - __main__ - INFO - failed
2026-09-27 15:00:34,430 - __main__ - INFO - 31
2026-09-27 15:00:35,111 - __main__ - INFO - failed
2026-09-27 15:00:35,111 - __main__ - INFO - 28
2026-09-27 15:00:35,129 - __main__ - INFO - failed
2026-09-27 15:00:35,129 - __main__ - INFO - 29
2026-09-27 15:00:35,147 - __main__ - INFO - failed
2026-09-27 15:00:35,147 - __main__ - INFO - 30
2026-09-27 15:00:35,535 - __main__ - INFO - failed
2026-09-27 15:00:35,535 - __main__ - INFO - 33
2026-09-27 15:00:36,243 - __main__ - INFO - failed
2026-09-27 15:00:36,243 - __main__ - INFO - 32
2026-09-27 15:00:36,261 - __main__ - INFO - failed
2026-09-27 15:00:36,261 - __main__ - INFO - 33
2026-09-27 15:00:36,279 - __main__ - INFO - failed
2026-09-27 15:00:36,279 - __main__ - INFO - 34
2026-09-27 15:00:36,298 - __main__ - INFO - failed
2026-09-27 15:00:36,298 - __main__ - INFO - 0
2026-09-27 15:00:37,408 - __main__ - INFO - failed
2026-09-27 15:00:37,408 - __main__ - INFO - 2
2026-09-27 15:00:37,426 - __main__ - INFO - failed
2026-09-27 15:00:37,426 - __main__ - INFO - 3
2026-09-27 15:00:37,445 - __main__ - INFO - failed
2026-09-27 15:00:37,445 - __main__ - INFO - 4
2026-09-27 15:00:37,750 - __main__ - INFO - failed
2026-09-27 15:00:37,750 - __main__ - INFO - 2
2026-09-27 15:00:38,873 - __main__ - INFO - failed
2026-09-27 15:00:38,873 - __main__ - INFO - 4
2026-09-27 15:00:38,891 - __main__ - INFO - failed
2026-09-27 15:00:38,891 - __main__ - INFO - 5
2026-09-27 15:00:38,967 - __main__ - INFO - failed
2026-09-27 15:00:38,967 - __main__ - INFO - 2
2026-09-27 15:00:39,663 - __main__ - INFO - failed
2026-09-27 15:00:39,663 - __main__ - INFO - 7
2026-09-27 15:00:39,681 - __main__ - INFO - failed
2026-09-27 15:00:39,682 - __main__ - INFO - 8
2026-09-27 15:00:40,006 - __main__ - INFO - failed
2026-09-27 15:00:40,006 - __main__ - INFO - 7
2026-09-27 15:00:40,024 - __main__ - INFO - failed
2026-09-27 15:00:40,025 - __main__ - INFO - 8
2026-09-27 15:00:40,043 - __main__ - INFO - failed
2026-09-27 15:00:40,043 - __main__ - INFO - 9
2026-09-27 15:00:40,771 - __main__ - INFO - failed
2026-09-27 15:00:40,771 - __main__ - INFO - 10
2026-09-27 15:00:41,152 - __main__ - INFO - failed
2026-09-27 15:00:41,152 - __main__ - INFO - 11
2026-09-27 15:00:41,197 - __main__ - INFO - failed
2026-09-27 15:00:41,197 - __main__ - INFO - 5
2026-09-27 15:00:41,215 - __main__ - INFO - failed
2026-09-27 15:00:41,215 - __main__ - INFO - 6
2026-09-27 15:00:41,234 - __main__ - INFO - failed
2026-09-27 15:00:41,234 - __main__ - INFO - 7
2026-09-27 15:00:41,252 - __main__ - INFO - failed
2026-09-27 15:00:41,252 - __main__ - INFO - 8
2026-09-27 15:00:43,390 - __main__ - INFO - failed
2026-09-27 15:00:43,391 - __main__ - INFO - 14
2026-09-27 15:00:43,471 - __main__ - INFO - failed
2026-09-27 15:00:43,471 - __main__ - INFO - 11
2026-09-27 15:00:43,491 - __main__ - INFO - failed
2026-09-27 15:00:43,491 - __main__ - INFO - 12
2026-09-27 15:00:43,509 - __main__ - INFO - failed
2026-09-27 15:00:43,510 - __main__ - INFO - 13
2026-09-27 15:00:43,528 - __main__ - INFO - failed
2026-09-27 15:00:43,528 - __main__ - INFO - 14
2026-09-27 15:00:43,546 - __main__ - INFO - failed
2026-09-27 15:00:43,546 - __main__ - INFO - 15
2026-09-27 15:00:43,564 - __main__ - INFO - failed
2026-09-27 15:00:43,564 - __main__ - INFO - 16
2026-09-27 15:00:43,582 - __main__ - INFO - failed
2026-09-27 15:00:43,583 - __main__ - INFO - 17
2026-09-27 15:00:43,601 - __main__ - INFO - failed
2026-09-27 15:00:43,601 - __main__ - INFO - 18
2026-09-27 15:00:44,069 - __main__ - INFO - failed
2026-09-27 15:00:44,069 - __main__ - INFO - 14
2026-09-27 15:00:44,509 - __main__ - INFO - failed
2026-09-27 15:00:44,509 - __main__ - INFO - 16
2026-09-27 15:00:44,528 - __main__ - INFO - failed
2026-09-27 15:00:44,528 - __main__ - INFO - 17
2026-09-27 15:00:44,698 - __main__ - INFO - failed
2026-09-27 15:00:44,698 - __main__ - INFO - 20
2026-09-27 15:00:45,649 - __main__ - INFO - failed
2026-09-27 15:00:45,649 - __main__ - INFO - 19
2026-09-27 15:00:45,818 - __main__ - INFO - failed
2026-09-27 15:00:45,818 - __main__ - INFO - 22
2026-09-27 15:00:45,836 - __main__ - INFO - failed
2026-09-27 15:00:45,837 - __main__ - INFO - 23
2026-09-27 15:00:46,274 - __main__ - INFO - failed
2026-09-27 15:00:46,275 - __main__ - INFO - 17
2026-09-27 15:00:46,293 - __main__ - INFO - failed
2026-09-27 15:00:46,293 - __main__ - INFO - 18
2026-09-27 15:00:46,311 - __main__ - INFO - failed
2026-09-27 15:00:46,311 - __main__ - INFO - 19
2026-09-27 15:00:46,329 - __main__ - INFO - failed
2026-09-27 15:00:46,329 - __main__ - INFO - 20
2026-09-27 15:00:46,774 - __main__ - INFO - failed
2026-09-27 15:00:46,774 - __main__ - INFO - 21
2026-09-27 15:00:47,080 - __main__ - INFO - failed
2026-09-27 15:00:47,081 - __main__ - INFO - 25
2026-09-27 15:00:48,248 - __main__ - INFO - failed
2026-09-27 15:00:48,248 - __main__ - INFO - 27
2026-09-27 15:00:48,501 - __main__ - INFO - failed
2026-09-27 15:00:48,502 - __main__ - INFO - 23
2026-09-27 15:00:48,520 - __main__ - INFO - failed
2026-09-27 15:00:48,520 - __main__ - INFO - 24
2026-09-27 15:00:49,004 - __main__ - INFO - failed
2026-09-27 15:00:49,004 - __main__ - INFO - 24
2026-09-27 15:00:49,022 - __main__ - INFO - failed
2026-09-27 15:00:49,022 - __main__ - INFO - 25
2026-09-27 15:00:49,040 - __main__ - INFO - failed
2026-09-27 15:00:49,040 - __main__ - INFO - 26
2026-09-27 15:00:49,356 - __main__ - INFO - failed
2026-09-27 15:00:49,356 - __main__ - INFO - 29
2026-09-27 15:00:49,374 - __main__ - INFO - failed
2026-09-27 15:00:49,375 - __main__ - INFO - 30
2026-09-27 15:00:50,170 - __main__ - INFO - failed
2026-09-27 15:00:50,170 - __main__ - INFO - 28
2026-09-27 15:00:50,189 - __main__ - INFO - failed
2026-09-27 15:00:50,189 - __main__ - INFO - 29
2026-09-27 15:00:50,207 - __main__ - INFO - failed
2026-09-27 15:00:50,207 - __main__ - INFO - 30
2026-09-27 15:00:50,226 - __main__ - INFO - failed
2026-09-27 15:00:50,226 - __main__ - INFO - 31
2026-09-27 15:00:50,576 - __main__ - INFO - failed
2026-09-27 15:00:50,576 - __main__ - INFO - 32
2026-09-27 15:00:50,594 - __main__ - INFO - failed
2026-09-27 15:00:50,594 - __main__ - INFO - 33
2026-09-27 15:00:50,613 - __main__ - INFO - failed
2026-09-27 15:00:50,613 - __main__ - INFO - 34
2026-09-27 15:00:50,782 - __main__ - INFO - failed
2026-09-27 15:00:50,782 - __main__ - INFO - 27
2026-09-27 15:00:50,800 - __main__ - INFO - failed
2026-09-27 15:00:50,801 - __main__ - INFO - 28
2026-09-27 15:00:51,342 - __main__ - INFO - failed
2026-09-27 15:00:51,342 - __main__ - INFO - 33
2026-09-27 15:00:51,360 - __main__ - INFO - failed
2026-09-27 15:00:51,360 - __main__ - INFO - 34
2026-09-27 15:00:51,379 - __main__ - INFO - failed
2026-09-27 15:00:51,380 - __main__ - INFO - 0
2026-09-27 15:00:51,737 - __main__ - INFO - failed
2026-09-27 15:00:51,737 - __main__ - INFO - 1
2026-09-27 15:00:51,755 - __main__ - INFO - failed
2026-09-27 15:00:51,755 - __main__ - INFO - 2
2026-09-27 15:00:51,908 - __main__ - INFO - failed
2026-09-27 15:00:51,908 - __main__ - INFO - 30
2026-09-27 15:00:51,927 - __main__ - INFO - failed
2026-09-27 15:00:51,927 - __main__ - INFO - 31
2026-09-27 15:00:51,945 - __main__ - INFO - failed
2026-09-27 15:00:51,945 - __main__ - INFO - 32
2026-09-27 15:00:51,964 - __main__ - INFO - failed
2026-09-27 15:00:51,964 - __main__ - INFO - 33
2026-09-27 15:00:52,503 - __main__ - INFO - failed
2026-09-27 15:00:52,503 - __main__ - INFO - 2
2026-09-27 15:00:52,521 - __main__ - INFO - failed
2026-09-27 15:00:52,521 - __main__ - INFO - 3
2026-09-27 15:00:53,096 - __main__ - INFO - failed
2026-09-27 15:00:53,096 - __main__ - INFO - 0
2026-09-27 15:00:54,008 - __main__ - INFO - failed
2026-09-27 15:00:54,008 - __main__ - INFO - 5
2026-09-27 15:00:54,694 - __main__ - INFO - failed
2026-09-27 15:00:54,695 - __main__ - INFO - 6
2026-09-27 15:00:54,713 - __main__ - INFO - failed
2026-09-27 15:00:54,713 - __main__ - INFO - 7
2026-09-27 15:00:54,731 - __main__ - INFO - failed
2026-09-27 15:00:54,731 - __main__ - INFO - 8
2026-09-27 15:00:54,749 - __main__ - INFO - failed
2026-09-27 15:00:54,749 - __main__ - INFO - 9
2026-09-27 15:00:54,767 - __main__ - INFO - failed
2026-09-27 15:00:54,768 - __main__ - INFO - 10
2026-09-27 15:00:55,120 - __main__ - INFO - failed
2026-09-27 15:00:55,120 - __main__ - INFO - 7
2026-09-27 15:00:55,863 - __main__ - INFO - failed
2026-09-27 15:00:55,863 - __main__ - INFO - 12
2026-09-27 15:00:55,881 - __main__ - INFO - failed
2026-09-27 15:00:55,881 - __main__ - INFO - 13
2026-09-27 15:00:57,313 - __main__ - INFO - failed
2026-09-27 15:00:57,313 - __main__ - INFO - 10
2026-09-27 15:00:57,331 - __main__ - INFO - failed
2026-09-27 15:00:57,331 - __main__ - INFO - 11
2026-09-27 15:00:57,350 - __main__ - INFO - failed
2026-09-27 15:00:57,350 - __main__ - INFO - 12
2026-09-27 15:00:57,368 - __main__ - INFO - failed
2026-09-27 15:00:57,368 - __main__ - INFO - 13
2026-09-27 15:00:57,386 - __main__ - INFO - failed
2026-09-27 15:00:57,386 - __main__ - INFO - 14
2026-09-27 15:00:57,404 - __main__ - INFO - failed
2026-09-27 15:00:57,404 - __main__ - INFO - 15
2026-09-27 15:00:57,423 - __main__ - INFO - failed
2026-09-27 15:00:57,423 - __main__ - INFO - 16
2026-09-27 15:00:57,459 - __main__ - INFO - failed
2026-09-27 15:00:57,459 - __main__ - INFO - 17
2026-09-27 15:00:57,478 - __main__ - INFO - failed
2026-09-27 15:00:57,478 - __main__ - INFO - 18
2026-09-27 15:00:57,498 - __main__ - INFO - failed
2026-09-27 15:00:57,498 - __main__ - INFO - 19
2026-09-27 15:00:57,516 - __main__ - INFO - failed
2026-09-27 15:00:57,517 - __main__ - INFO - 20
2026-09-27 15:00:57,535 - __main__ - INFO - failed
2026-09-27 15:00:57,535 - __main__ - INFO - 21
2026-09-27 15:00:58,100 - __main__ - INFO - failed
2026-09-27 15:00:58,100 - __main__ - INFO - 16
2026-09-27 15:00:58,118 - __main__ - INFO - failed
2026-09-27 15:00:58,119 - __main__ - INFO - 17
2026-09-27 15:00:58,137 - __main__ - INFO - failed
2026-09-27 15:00:58,137 - __main__ - INFO - 18
2026-09-27 15:00:58,155 - __main__ - INFO - failed
2026-09-27 15:00:58,155 - __main__ - INFO - 19
2026-09-27 15:00:58,173 - __main__ - INFO - failed
2026-09-27 15:00:58,174 - __main__ - INFO - 20
2026-09-27 15:00:59,284 - __main__ - INFO - failed
2026-09-27 15:00:59,284 - __main__ - INFO - 22
2026-09-27 15:00:59,302 - __main__ - INFO - failed
2026-09-27 15:00:59,302 - __main__ - INFO - 23
2026-09-27 15:00:59,684 - __main__ - INFO - failed
2026-09-27 15:00:59,684 - __main__ - INFO - 7
2026-09-27 15:01:00,535 - __main__ - INFO - failed
2026-09-27 15:01:00,535 - __main__ - INFO - 25
2026-09-27 15:01:00,786 - __main__ - INFO - failed
2026-09-27 15:01:00,786 - __main__ - INFO - 9
2026-09-27 15:01:00,804 - __main__ - INFO - failed
2026-09-27 15:01:00,805 - __main__ - INFO - 10
2026-09-27 15:01:01,638 - __main__ - INFO - failed
2026-09-27 15:01:01,638 - __main__ - INFO - 27
2026-09-27 15:01:01,657 - __main__ - INFO - failed
2026-09-27 15:01:01,657 - __main__ - INFO - 28
2026-09-27 15:01:01,915 - __main__ - INFO - failed
2026-09-27 15:01:01,916 - __main__ - INFO - 12
2026-09-27 15:01:01,952 - __main__ - INFO - failed
2026-09-27 15:01:01,952 - __main__ - INFO - 13
2026-09-27 15:01:01,952 - __main__ - INFO - failed
2026-09-27 15:01:01,970 - __main__ - INFO - 26
2026-09-27 15:01:01,971 - __main__ - INFO - failed
2026-09-27 15:01:01,971 - __main__ - INFO - 14
2026-09-27 15:01:02,007 - __main__ - INFO - failed
2026-09-27 15:01:02,008 - __main__ - INFO - 27
2026-09-27 15:01:02,027 - __main__ - INFO - failed
2026-09-27 15:01:02,027 - __main__ - INFO - 28
2026-09-27 15:01:02,782 - __main__ - INFO - failed
2026-09-27 15:01:02,782 - __main__ - INFO - 30
2026-09-27 15:01:03,119 - __main__ - INFO - failed
2026-09-27 15:01:03,119 - __main__ - INFO - 16
2026-09-27 15:01:03,137 - __main__ - INFO - failed
2026-09-27 15:01:03,137 - __main__ - INFO - 17
2026-09-27 15:01:03,174 - __main__ - INFO - failed
2026-09-27 15:01:03,174 - __main__ - INFO - 30
2026-09-27 15:01:03,193 - __main__ - INFO - failed
2026-09-27 15:01:03,193 - __main__ - INFO - 31
2026-09-27 15:01:03,213 - __main__ - INFO - failed
2026-09-27 15:01:03,213 - __main__ - INFO - 32
2026-09-27 15:01:03,232 - __main__ - INFO - failed
2026-09-27 15:01:03,232 - __main__ - INFO - 33
2026-09-27 15:01:03,250 - __main__ - INFO - failed
2026-09-27 15:01:03,250 - __main__ - INFO - 34
2026-09-27 15:01:03,270 - __main__ - INFO - failed
2026-09-27 15:01:03,271 - __main__ - INFO - 0
2026-09-27 15:01:03,289 - __main__ - INFO - failed
2026-09-27 15:01:03,289 - __main__ - INFO - 1
2026-09-27 15:01:05,038 - __main__ - INFO - failed
2026-09-27 15:01:05,038 - __main__ - INFO - 33
2026-09-27 15:01:05,056 - __main__ - INFO - failed
2026-09-27 15:01:05,056 - __main__ - INFO - 34
2026-09-27 15:01:05,076 - __main__ - INFO - failed
2026-09-27 15:01:05,076 - __main__ - INFO - 0
2026-09-27 15:01:05,094 - __main__ - INFO - failed
2026-09-27 15:01:05,094 - __main__ - INFO - 1
2026-09-27 15:01:05,399 - __main__ - INFO - failed
2026-09-27 15:01:05,399 - __main__ - INFO - 20
2026-09-27 15:01:05,546 - __main__ - INFO - failed
2026-09-27 15:01:05,546 - __main__ - INFO - 4
2026-09-27 15:01:06,179 - __main__ - INFO - failed
2026-09-27 15:01:06,179 - __main__ - INFO - 3
2026-09-27 15:01:06,532 - __main__ - INFO - failed
2026-09-27 15:01:06,533 - __main__ - INFO - 22
2026-09-27 15:01:06,551 - __main__ - INFO - failed
2026-09-27 15:01:06,551 - __main__ - INFO - 23
2026-09-27 15:01:06,569 - __main__ - INFO - failed
2026-09-27 15:01:06,569 - __main__ - INFO - 24
2026-09-27 15:01:06,587 - __main__ - INFO - failed
2026-09-27 15:01:06,588 - __main__ - INFO - 25
2026-09-27 15:01:06,636 - __main__ - INFO - failed
2026-09-27 15:01:06,636 - __main__ - INFO - 6
2026-09-27 15:01:06,654 - __main__ - INFO - failed
2026-09-27 15:01:06,654 - __main__ - INFO - 7
2026-09-27 15:01:06,673 - __main__ - INFO - failed
2026-09-27 15:01:06,673 - __main__ - INFO - 8
2026-09-27 15:01:06,692 - __main__ - INFO - failed
2026-09-27 15:01:06,692 - __main__ - INFO - 9
2026-09-27 15:01:06,711 - __main__ - INFO - failed
2026-09-27 15:01:06,711 - __main__ - INFO - 10
2026-09-27 15:01:06,729 - __main__ - INFO - failed
2026-09-27 15:01:06,730 - __main__ - INFO - 11
2026-09-27 15:01:06,748 - __main__ - INFO - failed
2026-09-27 15:01:06,748 - __main__ - INFO - 12
2026-09-27 15:01:07,270 - __main__ - INFO - failed
2026-09-27 15:01:07,271 - __main__ - INFO - 5
2026-09-27 15:01:07,874 - __main__ - INFO - failed
2026-09-27 15:01:07,874 - __main__ - INFO - 14
2026-09-27 15:01:07,892 - __main__ - INFO - failed
2026-09-27 15:01:07,893 - __main__ - INFO - 15
2026-09-27 15:01:07,911 - __main__ - INFO - failed
2026-09-27 15:01:07,911 - __main__ - INFO - 16
2026-09-27 15:01:08,841 - __main__ - INFO - failed
2026-09-27 15:01:08,841 - __main__ - INFO - 28
2026-09-27 15:01:08,859 - __main__ - INFO - failed
2026-09-27 15:01:08,859 - __main__ - INFO - 29
2026-09-27 15:01:08,877 - __main__ - INFO - failed
2026-09-27 15:01:08,877 - __main__ - INFO - 30
2026-09-27 15:01:09,071 - __main__ - INFO - failed
2026-09-27 15:01:09,071 - __main__ - INFO - 18
2026-09-27 15:01:09,090 - __main__ - INFO - failed
2026-09-27 15:01:09,090 - __main__ - INFO - 19
2026-09-27 15:01:10,589 - __main__ - INFO - failed
2026-09-27 15:01:10,589 - __main__ - INFO - 9
2026-09-27 15:01:10,607 - __main__ - INFO - failed
2026-09-27 15:01:10,607 - __main__ - INFO - 10
2026-09-27 15:01:10,626 - __main__ - INFO - failed
2026-09-27 15:01:10,626 - __main__ - INFO - 11
2026-09-27 15:01:10,644 - __main__ - INFO - failed
2026-09-27 15:01:10,644 - __main__ - INFO - 12
2026-09-27 15:01:10,662 - __main__ - INFO - failed
2026-09-27 15:01:10,662 - __main__ - INFO - 13
2026-09-27 15:01:11,303 - __main__ - INFO - failed
2026-09-27 15:01:11,304 - __main__ - INFO - 22
2026-09-27 15:01:12,936 - __main__ - INFO - failed
2026-09-27 15:01:12,936 - __main__ - INFO - 16
2026-09-27 15:01:14,099 - __main__ - INFO - failed
2026-09-27 15:01:14,099 - __main__ - INFO - 18
2026-09-27 15:01:14,117 - __main__ - INFO - failed
2026-09-27 15:01:14,118 - __main__ - INFO - 19
2026-09-27 15:01:14,821 - __main__ - INFO - failed
2026-09-27 15:01:14,821 - __main__ - INFO - 1
2026-09-27 15:01:14,839 - __main__ - INFO - failed
2026-09-27 15:01:14,840 - __main__ - INFO - 2
2026-09-27 15:01:14,859 - __main__ - INFO - failed
2026-09-27 15:01:14,859 - __main__ - INFO - 3
2026-09-27 15:01:15,231 - __main__ - INFO - failed
2026-09-27 15:01:15,232 - __main__ - INFO - 21
2026-09-27 15:01:16,366 - __main__ - INFO - failed
2026-09-27 15:01:16,366 - __main__ - INFO - 23
2026-09-27 15:01:17,496 - __main__ - INFO - failed
2026-09-27 15:01:17,496 - __main__ - INFO - 25
2026-09-27 15:01:18,208 - __main__ - INFO - failed
2026-09-27 15:01:18,208 - __main__ - INFO - 7
2026-09-27 15:01:18,226 - __main__ - INFO - failed
2026-09-27 15:01:18,226 - __main__ - INFO - 8
2026-09-27 15:01:18,244 - __main__ - INFO - failed
2026-09-27 15:01:18,245 - __main__ - INFO - 9
2026-09-27 15:01:18,632 - __main__ - INFO - failed
2026-09-27 15:01:18,632 - __main__ - INFO - 27
2026-09-27 15:01:18,650 - __main__ - INFO - failed
2026-09-27 15:01:18,651 - __main__ - INFO - 28
2026-09-27 15:01:19,193 - __main__ - INFO - failed
2026-09-27 15:01:19,193 - __main__ - INFO - 30
2026-09-27 15:01:19,212 - __main__ - INFO - failed
2026-09-27 15:01:19,212 - __main__ - INFO - 31
2026-09-27 15:01:19,349 - __main__ - INFO - failed
2026-09-27 15:01:19,349 - __main__ - INFO - 11
2026-09-27 15:01:19,367 - __main__ - INFO - failed
2026-09-27 15:01:19,367 - __main__ - INFO - 12
2026-09-27 15:01:19,385 - __main__ - INFO - failed
2026-09-27 15:01:19,385 - __main__ - INFO - 13
2026-09-27 15:01:20,478 - __main__ - INFO - failed
2026-09-27 15:01:20,478 - __main__ - INFO - 15
2026-09-27 15:01:20,497 - __main__ - INFO - failed
2026-09-27 15:01:20,497 - __main__ - INFO - 16
2026-09-27 15:01:21,406 - __main__ - INFO - failed
2026-09-27 15:01:21,406 - __main__ - INFO - 34
2026-09-27 15:01:21,633 - __main__ - INFO - failed
2026-09-27 15:01:21,634 - __main__ - INFO - 18
2026-09-27 15:01:21,652 - __main__ - INFO - failed
2026-09-27 15:01:21,652 - __main__ - INFO - 19
2026-09-27 15:01:21,670 - __main__ - INFO - failed
2026-09-27 15:01:21,670 - __main__ - INFO - 20
2026-09-27 15:01:22,168 - __main__ - INFO - failed
2026-09-27 15:01:22,169 - __main__ - INFO - 32
2026-09-27 15:01:22,187 - __main__ - INFO - failed
2026-09-27 15:01:22,187 - __main__ - INFO - 33
2026-09-27 15:01:22,205 - __main__ - INFO - failed
2026-09-27 15:01:22,205 - __main__ - INFO - 34
2026-09-27 15:01:22,224 - __main__ - INFO - failed
2026-09-27 15:01:22,224 - __main__ - INFO - 0
2026-09-27 15:01:22,242 - __main__ - INFO - failed
2026-09-27 15:01:22,242 - __main__ - INFO - 1
2026-09-27 15:01:22,260 - __main__ - INFO - failed
2026-09-27 15:01:22,260 - __main__ - INFO - 2
2026-09-27 15:01:23,398 - __main__ - INFO - failed
2026-09-27 15:01:23,398 - __main__ - INFO - 4
2026-09-27 15:01:23,416 - __main__ - INFO - failed
2026-09-27 15:01:23,416 - __main__ - INFO - 5
2026-09-27 15:01:26,858 - __main__ - INFO - failed
2026-09-27 15:01:26,858 - __main__ - INFO - 9
2026-09-27 15:01:27,256 - __main__ - INFO - failed
2026-09-27 15:01:27,256 - __main__ - INFO - 26
2026-09-27 15:01:27,978 - __main__ - INFO - failed
2026-09-27 15:01:27,978 - __main__ - INFO - 11
2026-09-27 15:01:27,997 - __main__ - INFO - failed
2026-09-27 15:01:27,998 - __main__ - INFO - 12
2026-09-27 15:01:28,346 - __main__ - INFO - failed
2026-09-27 15:01:28,346 - __main__ - INFO - 28
2026-09-27 15:01:29,095 - __main__ - INFO - failed
2026-09-27 15:01:29,095 - __main__ - INFO - 14
2026-09-27 15:01:29,113 - __main__ - INFO - failed
2026-09-27 15:01:29,114 - __main__ - INFO - 15
2026-09-27 15:01:29,131 - __main__ - INFO - failed
2026-09-27 15:01:29,132 - __main__ - INFO - 16
2026-09-27 15:01:29,479 - __main__ - INFO - failed
2026-09-27 15:01:29,479 - __main__ - INFO - 30
2026-09-27 15:01:29,497 - __main__ - INFO - failed
2026-09-27 15:01:29,497 - __main__ - INFO - 31
2026-09-27 15:01:29,515 - __main__ - INFO - failed
2026-09-27 15:01:29,515 - __main__ - INFO - 32
2026-09-27 15:01:30,617 - __main__ - INFO - failed
2026-09-27 15:01:30,617 - __main__ - INFO - 34
2026-09-27 15:01:30,636 - __main__ - INFO - failed
2026-09-27 15:01:30,636 - __main__ - INFO - 0
2026-09-27 15:01:30,654 - __main__ - INFO - failed
2026-09-27 15:01:30,655 - __main__ - INFO - 1
2026-09-27 15:01:31,347 - __main__ - INFO - failed
2026-09-27 15:01:31,347 - __main__ - INFO - 19
2026-09-27 15:01:31,366 - __main__ - INFO - failed
2026-09-27 15:01:31,366 - __main__ - INFO - 20
2026-09-27 15:01:31,384 - __main__ - INFO - failed
2026-09-27 15:01:31,384 - __main__ - INFO - 21
2026-09-27 15:01:31,402 - __main__ - INFO - failed
2026-09-27 15:01:31,402 - __main__ - INFO - 22
2026-09-27 15:01:31,420 - __main__ - INFO - failed
2026-09-27 15:01:31,421 - __main__ - INFO - 23
2026-09-27 15:01:32,533 - __main__ - INFO - failed
2026-09-27 15:01:32,533 - __main__ - INFO - 25
2026-09-27 15:01:32,815 - __main__ - INFO - failed
2026-09-27 15:01:32,815 - __main__ - INFO - 4
2026-09-27 15:01:32,833 - __main__ - INFO - failed
2026-09-27 15:01:32,834 - __main__ - INFO - 5
2026-09-27 15:01:32,851 - __main__ - INFO - failed
2026-09-27 15:01:32,852 - __main__ - INFO - 6
2026-09-27 15:01:32,870 - __main__ - INFO - failed
2026-09-27 15:01:32,870 - __main__ - INFO - 7
2026-09-27 15:01:32,888 - __main__ - INFO - failed
2026-09-27 15:01:32,888 - __main__ - INFO - 8
2026-09-27 15:01:33,652 - __main__ - INFO - failed
2026-09-27 15:01:33,652 - __main__ - INFO - 27
2026-09-27 15:01:34,037 - __main__ - INFO - failed
2026-09-27 15:01:34,037 - __main__ - INFO - 10
2026-09-27 15:01:34,055 - __main__ - INFO - failed
2026-09-27 15:01:34,056 - __main__ - INFO - 11
2026-09-27 15:01:34,074 - __main__ - INFO - failed
2026-09-27 15:01:34,074 - __main__ - INFO - 12
2026-09-27 15:01:34,092 - __main__ - INFO - failed
2026-09-27 15:01:34,092 - __main__ - INFO - 13
2026-09-27 15:01:34,110 - __main__ - INFO - failed
2026-09-27 15:01:34,110 - __main__ - INFO - 14
2026-09-27 15:01:34,748 - __main__ - INFO - failed
2026-09-27 15:01:34,749 - __main__ - INFO - 29
2026-09-27 15:01:35,491 - __main__ - INFO - failed
2026-09-27 15:01:35,492 - __main__ - INFO - 16
2026-09-27 15:01:36,314 - __main__ - INFO - failed
2026-09-27 15:01:36,314 - __main__ - INFO - 31
2026-09-27 15:01:36,332 - __main__ - INFO - failed
2026-09-27 15:01:36,332 - __main__ - INFO - 32
2026-09-27 15:01:36,350 - __main__ - INFO - failed
2026-09-27 15:01:36,350 - __main__ - INFO - 33
2026-09-27 15:01:36,368 - __main__ - INFO - failed
2026-09-27 15:01:36,368 - __main__ - INFO - 34
2026-09-27 15:01:36,387 - __main__ - INFO - failed
2026-09-27 15:01:36,387 - __main__ - INFO - 0
2026-09-27 15:01:36,405 - __main__ - INFO - failed
2026-09-27 15:01:36,405 - __main__ - INFO - 1
2026-09-27 15:01:36,423 - __main__ - INFO - failed
2026-09-27 15:01:36,423 - __main__ - INFO - 2
2026-09-27 15:01:36,441 - __main__ - INFO - failed
2026-09-27 15:01:36,441 - __main__ - INFO - 3
2026-09-27 15:01:36,459 - __main__ - INFO - failed
2026-09-27 15:01:36,459 - __main__ - INFO - 4
2026-09-27 15:01:38,656 - __main__ - INFO - failed
2026-09-27 15:01:38,656 - __main__ - INFO - 7
2026-09-27 15:01:38,815 - __main__ - INFO - failed
2026-09-27 15:01:38,815 - __main__ - INFO - 20
2026-09-27 15:01:38,833 - __main__ - INFO - failed
2026-09-27 15:01:38,833 - __main__ - INFO - 21
2026-09-27 15:01:39,966 - __main__ - INFO - failed
2026-09-27 15:01:39,967 - __main__ - INFO - 23
2026-09-27 15:01:39,985 - __main__ - INFO - failed
2026-09-27 15:01:39,985 - __main__ - INFO - 24
2026-09-27 15:01:40,884 - __main__ - INFO - failed
2026-09-27 15:01:40,884 - __main__ - INFO - 10
2026-09-27 15:01:40,902 - __main__ - INFO - failed
2026-09-27 15:01:40,903 - __main__ - INFO - 11
2026-09-27 15:01:41,074 - __main__ - INFO - failed
2026-09-27 15:01:41,074 - __main__ - INFO - 26
2026-09-27 15:01:42,000 - __main__ - INFO - failed
2026-09-27 15:01:42,000 - __main__ - INFO - 13
2026-09-27 15:01:42,018 - __main__ - INFO - failed
2026-09-27 15:01:42,018 - __main__ - INFO - 14
2026-09-27 15:01:42,036 - __main__ - INFO - failed
2026-09-27 15:01:42,036 - __main__ - INFO - 15
2026-09-27 15:01:42,054 - __main__ - INFO - failed
2026-09-27 15:01:42,055 - __main__ - INFO - 16
2026-09-27 15:01:42,073 - __main__ - INFO - failed
2026-09-27 15:01:42,073 - __main__ - INFO - 17
2026-09-27 15:01:43,458 - __main__ - INFO - failed
2026-09-27 15:01:43,458 - __main__ - INFO - 29
2026-09-27 15:01:44,311 - __main__ - INFO - failed
2026-09-27 15:01:44,311 - __main__ - INFO - 20
2026-09-27 15:01:44,703 - __main__ - INFO - failed
2026-09-27 15:01:44,703 - __main__ - INFO - 31
2026-09-27 15:01:44,722 - __main__ - INFO - failed
2026-09-27 15:01:44,722 - __main__ - INFO - 32
2026-09-27 15:01:44,740 - __main__ - INFO - failed
2026-09-27 15:01:44,740 - __main__ - INFO - 33
2026-09-27 15:01:44,758 - __main__ - INFO - failed
2026-09-27 15:01:44,759 - __main__ - INFO - 34
2026-09-27 15:01:44,777 - __main__ - INFO - failed
2026-09-27 15:01:44,778 - __main__ - INFO - 0
2026-09-27 15:01:44,795 - __main__ - INFO - failed
2026-09-27 15:01:44,796 - __main__ - INFO - 1
2026-09-27 15:01:45,408 - __main__ - INFO - failed
2026-09-27 15:01:45,408 - __main__ - INFO - 22
2026-09-27 15:01:45,426 - __main__ - INFO - failed
2026-09-27 15:01:45,426 - __main__ - INFO - 23
2026-09-27 15:01:45,444 - __main__ - INFO - failed
2026-09-27 15:01:45,444 - __main__ - INFO - 24
2026-09-27 15:01:45,996 - __main__ - INFO - failed
2026-09-27 15:01:45,996 - __main__ - INFO - 3
2026-09-27 15:01:46,559 - __main__ - INFO - failed
2026-09-27 15:01:46,559 - __main__ - INFO - 26
2026-09-27 15:01:46,577 - __main__ - INFO - failed
2026-09-27 15:01:46,577 - __main__ - INFO - 27
2026-09-27 15:01:46,595 - __main__ - INFO - failed
2026-09-27 15:01:46,595 - __main__ - INFO - 28
2026-09-27 15:01:47,195 - __main__ - INFO - failed
2026-09-27 15:01:47,196 - __main__ - INFO - 5
2026-09-27 15:01:47,687 - __main__ - INFO - failed
2026-09-27 15:01:47,687 - __main__ - INFO - 30
2026-09-27 15:01:48,336 - __main__ - INFO - failed
2026-09-27 15:01:48,336 - __main__ - INFO - 7
2026-09-27 15:01:48,354 - __main__ - INFO - failed
2026-09-27 15:01:48,354 - __main__ - INFO - 8
2026-09-27 15:01:48,372 - __main__ - INFO - failed
2026-09-27 15:01:48,373 - __main__ - INFO - 9
2026-09-27 15:01:48,391 - __main__ - INFO - failed
2026-09-27 15:01:48,391 - __main__ - INFO - 10
2026-09-27 15:01:48,409 - __main__ - INFO - failed
2026-09-27 15:01:48,409 - __main__ - INFO - 11
2026-09-27 15:01:48,801 - __main__ - INFO - failed
2026-09-27 15:01:48,801 - __main__ - INFO - 32
2026-09-27 15:01:49,913 - __main__ - INFO - failed
2026-09-27 15:01:49,914 - __main__ - INFO - 34
2026-09-27 15:01:49,933 - __main__ - INFO - failed
2026-09-27 15:01:49,933 - __main__ - INFO - 0
2026-09-27 15:01:50,802 - __main__ - INFO - failed
2026-09-27 15:01:50,803 - __main__ - INFO - 14
2026-09-27 15:01:51,119 - __main__ - INFO - failed
2026-09-27 15:01:51,119 - __main__ - INFO - 2
2026-09-27 15:01:53,069 - __main__ - INFO - failed
2026-09-27 15:01:53,070 - __main__ - INFO - 17
2026-09-27 15:01:53,088 - __main__ - INFO - failed
2026-09-27 15:01:53,088 - __main__ - INFO - 18
2026-09-27 15:01:53,318 - __main__ - INFO - failed
2026-09-27 15:01:53,318 - __main__ - INFO - 5
2026-09-27 15:01:53,336 - __main__ - INFO - failed
2026-09-27 15:01:53,336 - __main__ - INFO - 6
2026-09-27 15:01:53,354 - __main__ - INFO - failed
2026-09-27 15:01:53,354 - __main__ - INFO - 7
2026-09-27 15:01:54,416 - __main__ - INFO - failed
2026-09-27 15:01:54,416 - __main__ - INFO - 20
2026-09-27 15:01:54,434 - __main__ - INFO - failed
2026-09-27 15:01:54,434 - __main__ - INFO - 21
2026-09-27 15:01:54,452 - __main__ - INFO - failed
2026-09-27 15:01:54,452 - __main__ - INFO - 22
2026-09-27 15:01:54,470 - __main__ - INFO - failed
2026-09-27 15:01:54,471 - __main__ - INFO - 23
2026-09-27 15:01:54,489 - __main__ - INFO - failed
2026-09-27 15:01:54,507 - __main__ - INFO - 24
2026-09-27 15:01:56,830 - __main__ - INFO - failed
2026-09-27 15:01:56,830 - __main__ - INFO - 27
2026-09-27 15:01:56,849 - __main__ - INFO - failed
2026-09-27 15:01:56,850 - __main__ - INFO - 28
2026-09-27 15:01:57,869 - __main__ - INFO - failed
2026-09-27 15:01:57,869 - __main__ - INFO - 12
2026-09-27 15:01:57,887 - __main__ - INFO - failed
2026-09-27 15:01:57,887 - __main__ - INFO - 13
2026-09-27 15:01:58,236 - __main__ - INFO - failed
2026-09-27 15:01:58,236 - __main__ - INFO - 30
2026-09-27 15:01:59,031 - __main__ - INFO - failed
2026-09-27 15:01:59,031 - __main__ - INFO - 15
2026-09-27 15:02:00,224 - __main__ - INFO - failed
2026-09-27 15:02:00,224 - __main__ - INFO - 17
2026-09-27 15:02:00,520 - __main__ - INFO - failed
2026-09-27 15:02:00,520 - __main__ - INFO - 33
2026-09-27 15:02:00,538 - __main__ - INFO - failed
2026-09-27 15:02:00,538 - __main__ - INFO - 34
2026-09-27 15:02:00,557 - __main__ - INFO - failed
2026-09-27 15:02:00,557 - __main__ - INFO - 0
2026-09-27 15:02:00,575 - __main__ - INFO - failed
2026-09-27 15:02:00,575 - __main__ - INFO - 1
2026-09-27 15:02:00,593 - __main__ - INFO - failed
2026-09-27 15:02:00,593 - __main__ - INFO - 2
2026-09-27 15:02:00,611 - __main__ - INFO - failed
2026-09-27 15:02:00,611 - __main__ - INFO - 3
2026-09-27 15:02:00,629 - __main__ - INFO - failed
2026-09-27 15:02:00,629 - __main__ - INFO - 4
2026-09-27 15:02:00,646 - __main__ - INFO - failed
2026-09-27 15:02:00,647 - __main__ - INFO - 5
2026-09-27 15:02:00,664 - __main__ - INFO - failed
2026-09-27 15:02:00,664 - __main__ - INFO - 6
2026-09-27 15:02:00,682 - __main__ - INFO - failed
2026-09-27 15:02:00,683 - __main__ - INFO - 7
2026-09-27 15:02:00,701 - __main__ - INFO - failed
2026-09-27 15:02:00,701 - __main__ - INFO - 8
2026-09-27 15:02:00,719 - __main__ - INFO - failed
2026-09-27 15:02:00,719 - __main__ - INFO - 9
2026-09-27 15:02:00,737 - __main__ - INFO - failed
2026-09-27 15:02:00,737 - __main__ - INFO - 10
2026-09-27 15:02:00,755 - __main__ - INFO - failed
2026-09-27 15:02:00,755 - __main__ - INFO - 11
2026-09-27 15:02:00,773 - __main__ - INFO - failed
2026-09-27 15:02:00,773 - __main__ - INFO - 12
2026-09-27 15:02:01,365 - __main__ - INFO - failed
2026-09-27 15:02:01,365 - __main__ - INFO - 19
2026-09-27 15:02:01,980 - __main__ - INFO - failed
2026-09-27 15:02:01,980 - __main__ - INFO - 14
2026-09-27 15:02:01,998 - __main__ - INFO - failed
2026-09-27 15:02:01,998 - __main__ - INFO - 15
2026-09-27 15:02:02,017 - __main__ - INFO - failed
2026-09-27 15:02:02,017 - __main__ - INFO - 16
2026-09-27 15:02:03,133 - __main__ - INFO - failed
2026-09-27 15:02:03,133 - __main__ - INFO - 18
2026-09-27 15:02:03,151 - __main__ - INFO - failed
2026-09-27 15:02:03,151 - __main__ - INFO - 19
2026-09-27 15:02:03,672 - __main__ - INFO - failed
2026-09-27 15:02:03,673 - __main__ - INFO - 22
2026-09-27 15:02:04,355 - __main__ - INFO - failed
2026-09-27 15:02:04,355 - __main__ - INFO - 21
2026-09-27 15:02:04,778 - __main__ - INFO - failed
2026-09-27 15:02:04,778 - __main__ - INFO - 24
2026-09-27 15:02:05,572 - __main__ - INFO - failed
2026-09-27 15:02:05,572 - __main__ - INFO - 23
2026-09-27 15:02:05,885 - __main__ - INFO - failed
2026-09-27 15:02:05,885 - __main__ - INFO - 26
2026-09-27 15:02:05,903 - __main__ - INFO - failed
2026-09-27 15:02:05,903 - __main__ - INFO - 27
2026-09-27 15:02:05,921 - __main__ - INFO - failed
2026-09-27 15:02:05,921 - __main__ - INFO - 28
2026-09-27 15:02:05,939 - __main__ - INFO - failed
2026-09-27 15:02:05,939 - __main__ - INFO - 29
2026-09-27 15:02:07,084 - __main__ - INFO - failed
2026-09-27 15:02:07,084 - __main__ - INFO - 31
2026-09-27 15:02:07,907 - __main__ - INFO - failed
2026-09-27 15:02:07,908 - __main__ - INFO - 26
2026-09-27 15:02:09,265 - __main__ - INFO - failed
2026-09-27 15:02:09,266 - __main__ - INFO - 34
2026-09-27 15:02:09,285 - __main__ - INFO - failed
2026-09-27 15:02:09,285 - __main__ - INFO - 0
2026-09-27 15:02:09,303 - __main__ - INFO - failed
2026-09-27 15:02:09,303 - __main__ - INFO - 1
2026-09-27 15:02:09,321 - __main__ - INFO - failed
2026-09-27 15:02:09,321 - __main__ - INFO - 2
2026-09-27 15:02:10,488 - __main__ - INFO - failed
2026-09-27 15:02:10,488 - __main__ - INFO - 4
2026-09-27 15:02:11,316 - __main__ - INFO - failed
2026-09-27 15:02:11,316 - __main__ - INFO - 30
2026-09-27 15:02:12,791 - __main__ - INFO - failed
2026-09-27 15:02:12,791 - __main__ - INFO - 7
2026-09-27 15:02:13,918 - __main__ - INFO - failed
2026-09-27 15:02:13,918 - __main__ - INFO - 9
2026-09-27 15:02:15,857 - __main__ - INFO - failed
2026-09-27 15:02:15,857 - __main__ - INFO - 0
2026-09-27 15:02:15,875 - __main__ - INFO - failed
2026-09-27 15:02:15,875 - __main__ - INFO - 1
2026-09-27 15:02:15,893 - __main__ - INFO - failed
2026-09-27 15:02:15,893 - __main__ - INFO - 2
2026-09-27 15:02:16,242 - __main__ - INFO - failed
2026-09-27 15:02:16,242 - __main__ - INFO - 12
2026-09-27 15:02:16,260 - __main__ - INFO - failed
2026-09-27 15:02:16,260 - __main__ - INFO - 13
2026-09-27 15:02:17,061 - __main__ - INFO - failed
2026-09-27 15:02:17,061 - __main__ - INFO - 4
2026-09-27 15:02:17,528 - __main__ - INFO - failed
2026-09-27 15:02:17,529 - __main__ - INFO - 15
2026-09-27 15:02:17,547 - __main__ - INFO - failed
2026-09-27 15:02:17,547 - __main__ - INFO - 16
2026-09-27 15:02:17,565 - __main__ - INFO - failed
2026-09-27 15:02:17,565 - __main__ - INFO - 17
2026-09-27 15:02:17,583 - __main__ - INFO - failed
2026-09-27 15:02:17,583 - __main__ - INFO - 18
2026-09-27 15:02:17,601 - __main__ - INFO - failed
2026-09-27 15:02:17,601 - __main__ - INFO - 19
2026-09-27 15:02:17,619 - __main__ - INFO - failed
2026-09-27 15:02:17,620 - __main__ - INFO - 20
2026-09-27 15:02:19,861 - __main__ - INFO - failed
2026-09-27 15:02:19,861 - __main__ - INFO - 23
2026-09-27 15:02:20,969 - __main__ - INFO - failed
2026-09-27 15:02:20,969 - __main__ - INFO - 25
2026-09-27 15:02:21,462 - __main__ - INFO - failed
2026-09-27 15:02:21,462 - __main__ - INFO - 9
2026-09-27 15:02:21,480 - __main__ - INFO - failed
2026-09-27 15:02:21,480 - __main__ - INFO - 10
2026-09-27 15:02:21,498 - __main__ - INFO - failed
2026-09-27 15:02:21,498 - __main__ - INFO - 11
2026-09-27 15:02:23,254 - __main__ - INFO - failed
2026-09-27 15:02:23,254 - __main__ - INFO - 28
2026-09-27 15:02:23,272 - __main__ - INFO - failed
2026-09-27 15:02:23,272 - __main__ - INFO - 29
2026-09-27 15:02:23,291 - __main__ - INFO - failed
2026-09-27 15:02:23,291 - __main__ - INFO - 30
2026-09-27 15:02:23,309 - __main__ - INFO - failed
2026-09-27 15:02:23,309 - __main__ - INFO - 31
2026-09-27 15:02:23,846 - __main__ - INFO - failed
2026-09-27 15:02:23,846 - __main__ - INFO - 14
2026-09-27 15:02:26,328 - __main__ - INFO - failed
2026-09-27 15:02:26,328 - __main__ - INFO - 17
2026-09-27 15:02:26,346 - __main__ - INFO - failed
2026-09-27 15:02:26,346 - __main__ - INFO - 18
2026-09-27 15:02:27,765 - __main__ - INFO - failed
2026-09-27 15:02:27,765 - __main__ - INFO - 1
2026-09-27 15:02:28,547 - __main__ - INFO - failed
2026-09-27 15:02:28,547 - __main__ - INFO - 21
2026-09-27 15:02:29,653 - __main__ - INFO - failed
2026-09-27 15:02:29,653 - __main__ - INFO - 23
2026-09-27 15:02:29,671 - __main__ - INFO - failed
2026-09-27 15:02:29,671 - __main__ - INFO - 24
2026-09-27 15:02:29,993 - __main__ - INFO - failed
2026-09-27 15:02:29,993 - __main__ - INFO - 4
2026-09-27 15:02:30,011 - __main__ - INFO - failed
2026-09-27 15:02:30,011 - __main__ - INFO - 5
2026-09-27 15:02:30,798 - __main__ - INFO - failed
2026-09-27 15:02:30,799 - __main__ - INFO - 26
2026-09-27 15:02:31,124 - __main__ - INFO - failed
2026-09-27 15:02:31,124 - __main__ - INFO - 7
2026-09-27 15:02:31,142 - __main__ - INFO - failed
2026-09-27 15:02:31,142 - __main__ - INFO - 8
2026-09-27 15:02:33,037 - __main__ - INFO - failed
2026-09-27 15:02:33,037 - __main__ - INFO - 29
2026-09-27 15:02:33,056 - __main__ - INFO - failed
2026-09-27 15:02:33,056 - __main__ - INFO - 30
2026-09-27 15:02:33,074 - __main__ - INFO - failed
2026-09-27 15:02:33,074 - __main__ - INFO - 31
2026-09-27 15:02:33,345 - __main__ - INFO - failed
2026-09-27 15:02:33,345 - __main__ - INFO - 11
2026-09-27 15:02:33,364 - __main__ - INFO - failed
2026-09-27 15:02:33,364 - __main__ - INFO - 12
2026-09-27 15:02:33,382 - __main__ - INFO - failed
2026-09-27 15:02:33,382 - __main__ - INFO - 13
2026-09-27 15:02:33,400 - __main__ - INFO - failed
2026-09-27 15:02:33,400 - __main__ - INFO - 14
2026-09-27 15:02:33,418 - __main__ - INFO - failed
2026-09-27 15:02:33,418 - __main__ - INFO - 15
2026-09-27 15:02:33,436 - __main__ - INFO - failed
2026-09-27 15:02:33,436 - __main__ - INFO - 16
2026-09-27 15:02:33,454 - __main__ - INFO - failed
2026-09-27 15:02:33,454 - __main__ - INFO - 17
2026-09-27 15:02:33,472 - __main__ - INFO - failed
2026-09-27 15:02:33,472 - __main__ - INFO - 18
2026-09-27 15:02:35,247 - __main__ - INFO - failed
2026-09-27 15:02:35,248 - __main__ - INFO - 34
2026-09-27 15:02:35,267 - __main__ - INFO - failed
2026-09-27 15:02:35,267 - __main__ - INFO - 0
2026-09-27 15:02:35,285 - __main__ - INFO - failed
2026-09-27 15:02:35,285 - __main__ - INFO - 1
2026-09-27 15:02:35,303 - __main__ - INFO - failed
2026-09-27 15:02:35,303 - __main__ - INFO - 2
2026-09-27 15:02:35,685 - __main__ - INFO - failed
2026-09-27 15:02:35,685 - __main__ - INFO - 21
2026-09-27 15:02:35,703 - __main__ - INFO - failed
2026-09-27 15:02:35,703 - __main__ - INFO - 22
2026-09-27 15:02:35,721 - __main__ - INFO - failed
2026-09-27 15:02:35,721 - __main__ - INFO - 23
2026-09-27 15:02:35,739 - __main__ - INFO - failed
2026-09-27 15:02:35,739 - __main__ - INFO - 24
2026-09-27 15:02:35,757 - __main__ - INFO - failed
2026-09-27 15:02:35,757 - __main__ - INFO - 25
2026-09-27 15:02:35,775 - __main__ - INFO - failed
2026-09-27 15:02:35,775 - __main__ - INFO - 26
2026-09-27 15:02:35,793 - __main__ - INFO - failed
2026-09-27 15:02:35,793 - __main__ - INFO - 27
2026-09-27 15:02:35,811 - __main__ - INFO - failed
2026-09-27 15:02:35,811 - __main__ - INFO - 28
2026-09-27 15:02:35,829 - __main__ - INFO - failed
2026-09-27 15:02:35,829 - __main__ - INFO - 29
2026-09-27 15:02:35,847 - __main__ - INFO - failed
2026-09-27 15:02:35,847 - __main__ - INFO - 30
2026-09-27 15:02:35,864 - __main__ - INFO - failed
2026-09-27 15:02:35,865 - __main__ - INFO - 31
2026-09-27 15:02:36,450 - __main__ - INFO - failed
2026-09-27 15:02:36,450 - __main__ - INFO - 4
2026-09-27 15:02:36,468 - __main__ - INFO - failed
2026-09-27 15:02:36,468 - __main__ - INFO - 5
2026-09-27 15:02:36,486 - __main__ - INFO - failed
2026-09-27 15:02:36,486 - __main__ - INFO - 6
2026-09-27 15:02:38,048 - __main__ - INFO - failed
2026-09-27 15:02:38,048 - __main__ - INFO - 34
2026-09-27 15:02:38,067 - __main__ - INFO - failed
2026-09-27 15:02:38,067 - __main__ - INFO - 0
2026-09-27 15:02:38,085 - __main__ - INFO - failed
2026-09-27 15:02:38,085 - __main__ - INFO - 1
2026-09-27 15:02:38,103 - __main__ - INFO - failed
2026-09-27 15:02:38,103 - __main__ - INFO - 2
2026-09-27 15:02:38,121 - __main__ - INFO - failed
2026-09-27 15:02:38,121 - __main__ - INFO - 3
2026-09-27 15:02:38,139 - __main__ - INFO - failed
2026-09-27 15:02:38,139 - __main__ - INFO - 4
2026-09-27 15:02:38,156 - __main__ - INFO - failed
2026-09-27 15:02:38,156 - __main__ - INFO - 5
2026-09-27 15:02:38,174 - __main__ - INFO - failed
2026-09-27 15:02:38,174 - __main__ - INFO - 6
2026-09-27 15:02:38,192 - __main__ - INFO - failed
2026-09-27 15:02:38,192 - __main__ - INFO - 7
2026-09-27 15:02:38,210 - __main__ - INFO - failed
2026-09-27 15:02:38,210 - __main__ - INFO - 8
2026-09-27 15:02:38,228 - __main__ - INFO - failed
2026-09-27 15:02:38,228 - __main__ - INFO - 9
2026-09-27 15:02:39,877 - __main__ - INFO - failed
2026-09-27 15:02:39,878 - __main__ - INFO - 10
2026-09-27 15:02:39,896 - __main__ - INFO - failed
2026-09-27 15:02:39,896 - __main__ - INFO - 11
2026-09-27 15:02:40,397 - __main__ - INFO - failed
2026-09-27 15:02:40,397 - __main__ - INFO - 12
2026-09-27 15:02:40,995 - __main__ - INFO - failed
2026-09-27 15:02:40,996 - __main__ - INFO - 13
2026-09-27 15:02:41,014 - __main__ - INFO - failed
2026-09-27 15:02:41,014 - __main__ - INFO - 14
2026-09-27 15:02:42,121 - __main__ - INFO - failed
2026-09-27 15:02:42,122 - __main__ - INFO - 16
2026-09-27 15:02:42,140 - __main__ - INFO - failed
2026-09-27 15:02:42,140 - __main__ - INFO - 17
2026-09-27 15:02:42,158 - __main__ - INFO - failed
2026-09-27 15:02:42,158 - __main__ - INFO - 18
2026-09-27 15:02:42,176 - __main__ - INFO - failed
2026-09-27 15:02:42,176 - __main__ - INFO - 19
2026-09-27 15:02:42,194 - __main__ - INFO - failed
2026-09-27 15:02:42,194 - __main__ - INFO - 20
2026-09-27 15:02:42,212 - __main__ - INFO - failed
2026-09-27 15:02:42,212 - __main__ - INFO - 21
2026-09-27 15:02:43,317 - __main__ - INFO - failed
2026-09-27 15:02:43,317 - __main__ - INFO - 23
2026-09-27 15:02:43,653 - __main__ - INFO - failed
2026-09-27 15:02:43,653 - __main__ - INFO - 16
2026-09-27 15:02:43,671 - __main__ - INFO - failed
2026-09-27 15:02:43,671 - __main__ - INFO - 17
2026-09-27 15:02:44,437 - __main__ - INFO - failed
2026-09-27 15:02:44,437 - __main__ - INFO - 25
2026-09-27 15:02:44,455 - __main__ - INFO - failed
2026-09-27 15:02:44,455 - __main__ - INFO - 26
2026-09-27 15:02:44,473 - __main__ - INFO - failed
2026-09-27 15:02:44,474 - __main__ - INFO - 27
2026-09-27 15:02:44,768 - __main__ - INFO - failed
2026-09-27 15:02:44,768 - __main__ - INFO - 19
2026-09-27 15:02:45,918 - __main__ - INFO - failed
2026-09-27 15:02:45,918 - __main__ - INFO - 21
2026-09-27 15:02:45,936 - __main__ - INFO - failed
2026-09-27 15:02:45,937 - __main__ - INFO - 22
2026-09-27 15:02:45,955 - __main__ - INFO - failed
2026-09-27 15:02:45,955 - __main__ - INFO - 23
2026-09-27 15:02:45,973 - __main__ - INFO - failed
2026-09-27 15:02:45,973 - __main__ - INFO - 24
2026-09-27 15:02:47,074 - __main__ - INFO - failed
2026-09-27 15:02:47,074 - __main__ - INFO - 26
2026-09-27 15:02:47,756 - __main__ - INFO - failed
2026-09-27 15:02:47,756 - __main__ - INFO - 31
2026-09-27 15:02:47,774 - __main__ - INFO - failed
2026-09-27 15:02:47,775 - __main__ - INFO - 32
2026-09-27 15:02:48,167 - __main__ - INFO - failed
2026-09-27 15:02:48,168 - __main__ - INFO - 28
2026-09-27 15:02:48,186 - __main__ - INFO - failed
2026-09-27 15:02:48,186 - __main__ - INFO - 29
2026-09-27 15:02:48,204 - __main__ - INFO - failed
2026-09-27 15:02:48,204 - __main__ - INFO - 30
2026-09-27 15:02:48,881 - __main__ - INFO - failed
2026-09-27 15:02:48,881 - __main__ - INFO - 34
2026-09-27 15:02:49,386 - __main__ - INFO - failed
2026-09-27 15:02:49,386 - __main__ - INFO - 32
2026-09-27 15:02:49,404 - __main__ - INFO - failed
2026-09-27 15:02:49,404 - __main__ - INFO - 33
2026-09-27 15:02:52,124 - __main__ - INFO - failed
2026-09-27 15:02:52,124 - __main__ - INFO - 3
2026-09-27 15:02:52,142 - __main__ - INFO - failed
2026-09-27 15:02:52,143 - __main__ - INFO - 4
2026-09-27 15:02:53,236 - __main__ - INFO - failed
2026-09-27 15:02:53,236 - __main__ - INFO - 6
2026-09-27 15:02:53,898 - __main__ - INFO - failed
2026-09-27 15:02:53,898 - __main__ - INFO - 3
2026-09-27 15:02:54,330 - __main__ - INFO - failed
2026-09-27 15:02:54,330 - __main__ - INFO - 8
2026-09-27 15:02:55,095 - __main__ - INFO - failed
2026-09-27 15:02:55,095 - __main__ - INFO - 5
2026-09-27 15:02:55,113 - __main__ - INFO - failed
2026-09-27 15:02:55,113 - __main__ - INFO - 6
2026-09-27 15:02:55,131 - __main__ - INFO - failed
2026-09-27 15:02:55,131 - __main__ - INFO - 7
2026-09-27 15:02:55,149 - __main__ - INFO - failed
2026-09-27 15:02:55,149 - __main__ - INFO - 8
2026-09-27 15:02:55,167 - __main__ - INFO - failed
2026-09-27 15:02:55,167 - __main__ - INFO - 9
2026-09-27 15:02:55,185 - __main__ - INFO - failed
2026-09-27 15:02:55,185 - __main__ - INFO - 10
2026-09-27 15:02:55,203 - __main__ - INFO - failed
2026-09-27 15:02:55,203 - __main__ - INFO - 11
2026-09-27 15:02:55,456 - __main__ - INFO - failed
2026-09-27 15:02:55,456 - __main__ - INFO - 10
2026-09-27 15:02:55,475 - __main__ - INFO - failed
2026-09-27 15:02:55,475 - __main__ - INFO - 11
2026-09-27 15:02:55,493 - __main__ - INFO - failed
2026-09-27 15:02:55,493 - __main__ - INFO - 12
2026-09-27 15:02:55,511 - __main__ - INFO - failed
2026-09-27 15:02:55,511 - __main__ - INFO - 13
2026-09-27 15:02:55,529 - __main__ - INFO - failed
2026-09-27 15:02:55,529 - __main__ - INFO - 14
2026-09-27 15:02:56,326 - __main__ - INFO - failed
2026-09-27 15:02:56,326 - __main__ - INFO - 13
2026-09-27 15:02:56,344 - __main__ - INFO - failed
2026-09-27 15:02:56,344 - __main__ - INFO - 14
2026-09-27 15:02:56,362 - __main__ - INFO - failed
2026-09-27 15:02:56,363 - __main__ - INFO - 15
2026-09-27 15:02:56,381 - __main__ - INFO - failed
2026-09-27 15:02:56,381 - __main__ - INFO - 16
2026-09-27 15:02:56,399 - __main__ - INFO - failed
2026-09-27 15:02:56,399 - __main__ - INFO - 17
2026-09-27 15:02:56,653 - __main__ - INFO - failed
2026-09-27 15:02:56,653 - __main__ - INFO - 16
2026-09-27 15:02:56,671 - __main__ - INFO - failed
2026-09-27 15:02:56,671 - __main__ - INFO - 17
2026-09-27 15:02:57,529 - __main__ - INFO - failed
2026-09-27 15:02:57,530 - __main__ - INFO - 19
2026-09-27 15:02:57,548 - __main__ - INFO - failed
2026-09-27 15:02:57,548 - __main__ - INFO - 20
2026-09-27 15:02:57,566 - __main__ - INFO - failed
2026-09-27 15:02:57,566 - __main__ - INFO - 21
2026-09-27 15:02:57,584 - __main__ - INFO - failed
2026-09-27 15:02:57,584 - __main__ - INFO - 22
2026-09-27 15:02:57,810 - __main__ - INFO - failed
2026-09-27 15:02:57,810 - __main__ - INFO - 19
2026-09-27 15:02:57,828 - __main__ - INFO - failed
2026-09-27 15:02:57,828 - __main__ - INFO - 20
2026-09-27 15:02:57,846 - __main__ - INFO - failed
2026-09-27 15:02:57,846 - __main__ - INFO - 21
2026-09-27 15:02:57,864 - __main__ - INFO - failed
2026-09-27 15:02:57,865 - __main__ - INFO - 22
2026-09-27 15:02:58,705 - __main__ - INFO - failed
2026-09-27 15:02:58,705 - __main__ - INFO - 24
2026-09-27 15:02:58,971 - __main__ - INFO - failed
2026-09-27 15:02:58,971 - __main__ - INFO - 24
2026-09-27 15:02:58,989 - __main__ - INFO - failed
2026-09-27 15:02:58,989 - __main__ - INFO - 25
2026-09-27 15:02:59,007 - __main__ - INFO - failed
2026-09-27 15:02:59,007 - __main__ - INFO - 26
2026-09-27 15:02:59,025 - __main__ - INFO - failed
2026-09-27 15:02:59,025 - __main__ - INFO - 27
2026-09-27 15:02:59,044 - __main__ - INFO - failed
2026-09-27 15:02:59,044 - __main__ - INFO - 28
2026-09-27 15:02:59,062 - __main__ - INFO - failed
2026-09-27 15:02:59,062 - __main__ - INFO - 29
2026-09-27 15:02:59,842 - __main__ - INFO - failed
2026-09-27 15:02:59,842 - __main__ - INFO - 26
2026-09-27 15:03:00,184 - __main__ - INFO - failed
2026-09-27 15:03:00,184 - __main__ - INFO - 31
2026-09-27 15:03:00,202 - __main__ - INFO - failed
2026-09-27 15:03:00,202 - __main__ - INFO - 32
2026-09-27 15:03:00,220 - __main__ - INFO - failed
2026-09-27 15:03:00,220 - __main__ - INFO - 33
2026-09-27 15:03:01,312 - __main__ - INFO - failed
2026-09-27 15:03:01,312 - __main__ - INFO - 0
2026-09-27 15:03:02,035 - __main__ - INFO - failed
2026-09-27 15:03:02,035 - __main__ - INFO - 29
2026-09-27 15:03:02,404 - __main__ - INFO - failed
2026-09-27 15:03:02,404 - __main__ - INFO - 2
2026-09-27 15:03:03,174 - __main__ - INFO - failed
2026-09-27 15:03:03,174 - __main__ - INFO - 31
2026-09-27 15:03:03,192 - __main__ - INFO - failed
2026-09-27 15:03:03,192 - __main__ - INFO - 32
2026-09-27 15:03:03,210 - __main__ - INFO - failed
2026-09-27 15:03:03,210 - __main__ - INFO - 33
2026-09-27 15:03:03,228 - __main__ - INFO - failed
2026-09-27 15:03:03,228 - __main__ - INFO - 34
2026-09-27 15:03:03,247 - __main__ - INFO - failed
2026-09-27 15:03:03,247 - __main__ - INFO - 0
2026-09-27 15:03:03,265 - __main__ - INFO - failed
2026-09-27 15:03:03,265 - __main__ - INFO - 1
2026-09-27 15:03:03,504 - __main__ - INFO - failed
2026-09-27 15:03:03,504 - __main__ - INFO - 4
2026-09-27 15:03:03,522 - __main__ - INFO - failed
2026-09-27 15:03:03,522 - __main__ - INFO - 5
2026-09-27 15:03:03,540 - __main__ - INFO - failed
2026-09-27 15:03:03,540 - __main__ - INFO - 6
2026-09-27 15:03:04,368 - __main__ - INFO - failed
2026-09-27 15:03:04,368 - __main__ - INFO - 3
2026-09-27 15:03:04,386 - __main__ - INFO - failed
2026-09-27 15:03:04,386 - __main__ - INFO - 4
2026-09-27 15:03:04,630 - __main__ - INFO - failed
2026-09-27 15:03:04,630 - __main__ - INFO - 8
2026-09-27 15:03:04,648 - __main__ - INFO - failed
2026-09-27 15:03:04,648 - __main__ - INFO - 9
2026-09-27 15:03:05,533 - __main__ - INFO - failed
2026-09-27 15:03:05,533 - __main__ - INFO - 6
2026-09-27 15:03:05,551 - __main__ - INFO - failed
2026-09-27 15:03:05,551 - __main__ - INFO - 7
2026-09-27 15:03:05,569 - __main__ - INFO - failed
2026-09-27 15:03:05,569 - __main__ - INFO - 8
2026-09-27 15:03:05,587 - __main__ - INFO - failed
2026-09-27 15:03:05,587 - __main__ - INFO - 9
2026-09-27 15:03:06,749 - __main__ - INFO - failed
2026-09-27 15:03:06,749 - __main__ - INFO - 11
2026-09-27 15:03:06,867 - __main__ - INFO - failed
2026-09-27 15:03:06,868 - __main__ - INFO - 12
2026-09-27 15:03:06,887 - __main__ - INFO - failed
2026-09-27 15:03:06,888 - __main__ - INFO - 13
2026-09-27 15:03:06,906 - __main__ - INFO - failed
2026-09-27 15:03:06,906 - __main__ - INFO - 14
2026-09-27 15:03:06,924 - __main__ - INFO - failed
2026-09-27 15:03:06,924 - __main__ - INFO - 15
2026-09-27 15:03:08,025 - __main__ - INFO - failed
2026-09-27 15:03:08,025 - __main__ - INFO - 17
2026-09-27 15:03:08,043 - __main__ - INFO - failed
2026-09-27 15:03:08,043 - __main__ - INFO - 18
2026-09-27 15:03:09,082 - __main__ - INFO - failed
2026-09-27 15:03:09,082 - __main__ - INFO - 14
2026-09-27 15:03:09,100 - __main__ - INFO - failed
2026-09-27 15:03:09,100 - __main__ - INFO - 15
2026-09-27 15:03:09,119 - __main__ - INFO - failed
2026-09-27 15:03:09,119 - __main__ - INFO - 16
2026-09-27 15:03:09,169 - __main__ - INFO - failed
2026-09-27 15:03:09,169 - __main__ - INFO - 20
2026-09-27 15:03:09,188 - __main__ - INFO - failed
2026-09-27 15:03:09,188 - __main__ - INFO - 21
2026-09-27 15:03:10,247 - __main__ - INFO - failed
2026-09-27 15:03:10,248 - __main__ - INFO - 18
2026-09-27 15:03:10,265 - __main__ - INFO - failed
2026-09-27 15:03:10,266 - __main__ - INFO - 19
2026-09-27 15:03:10,284 - __main__ - INFO - failed
2026-09-27 15:03:10,284 - __main__ - INFO - 20
2026-09-27 15:03:10,320 - __main__ - INFO - failed
2026-09-27 15:03:10,320 - __main__ - INFO - 23
2026-09-27 15:03:10,339 - __main__ - INFO - failed
2026-09-27 15:03:10,339 - __main__ - INFO - 24
2026-09-27 15:03:10,360 - __main__ - INFO - failed
2026-09-27 15:03:10,360 - __main__ - INFO - 25
2026-09-27 15:03:11,461 - __main__ - INFO - failed
2026-09-27 15:03:11,462 - __main__ - INFO - 27
2026-09-27 15:03:11,527 - __main__ - INFO - failed
2026-09-27 15:03:11,528 - __main__ - INFO - 22
2026-09-27 15:03:12,661 - __main__ - INFO - failed
2026-09-27 15:03:12,661 - __main__ - INFO - 24
2026-09-27 15:03:12,679 - __main__ - INFO - failed
2026-09-27 15:03:12,697 - __main__ - INFO - 25
2026-09-27 15:03:12,697 - __main__ - INFO - failed
2026-09-27 15:03:12,697 - __main__ - INFO - 29
2026-09-27 15:03:12,735 - __main__ - INFO - failed
2026-09-27 15:03:12,735 - __main__ - INFO - 30
2026-09-27 15:03:13,864 - __main__ - INFO - failed
2026-09-27 15:03:13,864 - __main__ - INFO - 27
2026-09-27 15:03:13,882 - __main__ - INFO - failed
2026-09-27 15:03:13,882 - __main__ - INFO - 28
2026-09-27 15:03:14,019 - __main__ - INFO - failed
2026-09-27 15:03:14,019 - __main__ - INFO - 32
2026-09-27 15:03:15,057 - __main__ - INFO - failed
2026-09-27 15:03:15,057 - __main__ - INFO - 30
2026-09-27 15:03:15,131 - __main__ - INFO - failed
2026-09-27 15:03:15,131 - __main__ - INFO - 34
2026-09-27 15:03:16,219 - __main__ - INFO - failed
2026-09-27 15:03:16,219 - __main__ - INFO - 1
2026-09-27 15:03:17,298 - __main__ - INFO - failed
2026-09-27 15:03:17,298 - __main__ - INFO - 33
2026-09-27 15:03:17,316 - __main__ - INFO - failed
2026-09-27 15:03:17,316 - __main__ - INFO - 34
2026-09-27 15:03:17,335 - __main__ - INFO - failed
2026-09-27 15:03:17,335 - __main__ - INFO - 0
2026-09-27 15:03:17,353 - __main__ - INFO - failed
2026-09-27 15:03:17,371 - __main__ - INFO - 1
2026-09-27 15:03:17,391 - __main__ - INFO - failed
2026-09-27 15:03:17,391 - __main__ - INFO - 2
2026-09-27 15:03:17,409 - __main__ - INFO - failed
2026-09-27 15:03:17,409 - __main__ - INFO - 3
2026-09-27 15:03:17,428 - __main__ - INFO - failed
2026-09-27 15:03:17,428 - __main__ - INFO - 4
2026-09-27 15:03:17,446 - __main__ - INFO - failed
2026-09-27 15:03:17,446 - __main__ - INFO - 5
2026-09-27 15:03:17,464 - __main__ - INFO - failed
2026-09-27 15:03:17,464 - __main__ - INFO - 6
2026-09-27 15:03:18,510 - __main__ - INFO - failed
2026-09-27 15:03:18,510 - __main__ - INFO - 4
2026-09-27 15:03:19,668 - __main__ - INFO - failed
2026-09-27 15:03:19,668 - __main__ - INFO - 6
2026-09-27 15:03:19,686 - __main__ - INFO - failed
2026-09-27 15:03:19,686 - __main__ - INFO - 7
2026-09-27 15:03:20,707 - __main__ - INFO - failed
2026-09-27 15:03:20,707 - __main__ - INFO - 10
2026-09-27 15:03:21,817 - __main__ - INFO - failed
2026-09-27 15:03:21,817 - __main__ - INFO - 12
2026-09-27 15:03:21,882 - __main__ - INFO - failed
2026-09-27 15:03:21,882 - __main__ - INFO - 10
2026-09-27 15:03:21,901 - __main__ - INFO - failed
2026-09-27 15:03:21,901 - __main__ - INFO - 11
2026-09-27 15:03:21,920 - __main__ - INFO - failed
2026-09-27 15:03:21,920 - __main__ - INFO - 12
2026-09-27 15:03:22,920 - __main__ - INFO - failed
2026-09-27 15:03:22,921 - __main__ - INFO - 14
2026-09-27 15:03:23,023 - __main__ - INFO - failed
2026-09-27 15:03:23,023 - __main__ - INFO - 14
2026-09-27 15:03:23,041 - __main__ - INFO - failed
2026-09-27 15:03:23,041 - __main__ - INFO - 15
2026-09-27 15:03:24,015 - __main__ - INFO - failed
2026-09-27 15:03:24,016 - __main__ - INFO - 16
2026-09-27 15:03:24,168 - __main__ - INFO - failed
2026-09-27 15:03:24,168 - __main__ - INFO - 17
2026-09-27 15:03:24,186 - __main__ - INFO - failed
2026-09-27 15:03:24,186 - __main__ - INFO - 18
2026-09-27 15:03:24,205 - __main__ - INFO - failed
2026-09-27 15:03:24,205 - __main__ - INFO - 19
2026-09-27 15:03:24,223 - __main__ - INFO - failed
2026-09-27 15:03:24,223 - __main__ - INFO - 20
2026-09-27 15:03:24,241 - __main__ - INFO - failed
2026-09-27 15:03:24,242 - __main__ - INFO - 21
2026-09-27 15:03:25,119 - __main__ - INFO - failed
2026-09-27 15:03:25,119 - __main__ - INFO - 18
2026-09-27 15:03:25,347 - __main__ - INFO - failed
2026-09-27 15:03:25,347 - __main__ - INFO - 23
2026-09-27 15:03:26,218 - __main__ - INFO - failed
2026-09-27 15:03:26,218 - __main__ - INFO - 20
2026-09-27 15:03:26,237 - __main__ - INFO - failed
2026-09-27 15:03:26,237 - __main__ - INFO - 21
2026-09-27 15:03:26,255 - __main__ - INFO - failed
2026-09-27 15:03:26,255 - __main__ - INFO - 22
2026-09-27 15:03:26,450 - __main__ - INFO - failed
2026-09-27 15:03:26,450 - __main__ - INFO - 25
2026-09-27 15:03:26,468 - __main__ - INFO - failed
2026-09-27 15:03:26,468 - __main__ - INFO - 26
2026-09-27 15:03:27,344 - __main__ - INFO - failed
2026-09-27 15:03:27,344 - __main__ - INFO - 24
2026-09-27 15:03:27,362 - __main__ - INFO - failed
2026-09-27 15:03:27,362 - __main__ - INFO - 25
2026-09-27 15:03:27,380 - __main__ - INFO - failed
2026-09-27 15:03:27,380 - __main__ - INFO - 26
2026-09-27 15:03:27,566 - __main__ - INFO - failed
2026-09-27 15:03:27,566 - __main__ - INFO - 28
2026-09-27 15:03:27,585 - __main__ - INFO - failed
2026-09-27 15:03:27,585 - __main__ - INFO - 29
2026-09-27 15:03:27,603 - __main__ - INFO - failed
2026-09-27 15:03:27,603 - __main__ - INFO - 30
2026-09-27 15:03:28,467 - __main__ - INFO - failed
2026-09-27 15:03:28,467 - __main__ - INFO - 28
2026-09-27 15:03:28,700 - __main__ - INFO - failed
2026-09-27 15:03:28,700 - __main__ - INFO - 32
2026-09-27 15:03:28,718 - __main__ - INFO - failed
2026-09-27 15:03:28,718 - __main__ - INFO - 33
2026-09-27 15:03:28,736 - __main__ - INFO - failed
2026-09-27 15:03:28,736 - __main__ - INFO - 34
2026-09-27 15:03:28,755 - __main__ - INFO - failed
2026-09-27 15:03:28,755 - __main__ - INFO - 0
2026-09-27 15:03:28,773 - __main__ - INFO - failed
2026-09-27 15:03:28,773 - __main__ - INFO - 1
2026-09-27 15:03:28,791 - __main__ - INFO - failed
2026-09-27 15:03:28,791 - __main__ - INFO - 2
2026-09-27 15:03:28,810 - __main__ - INFO - failed
2026-09-27 15:03:28,810 - __main__ - INFO - 3
2026-09-27 15:03:28,828 - __main__ - INFO - failed
2026-09-27 15:03:28,828 - __main__ - INFO - 4
2026-09-27 15:03:28,846 - __main__ - INFO - failed
2026-09-27 15:03:28,846 - __main__ - INFO - 5
2026-09-27 15:03:28,864 - __main__ - INFO - failed
2026-09-27 15:03:28,864 - __main__ - INFO - 6
2026-09-27 15:03:28,881 - __main__ - INFO - failed
2026-09-27 15:03:28,882 - __main__ - INFO - 7
2026-09-27 15:03:28,899 - __main__ - INFO - failed
2026-09-27 15:03:28,899 - __main__ - INFO - 8
2026-09-27 15:03:29,580 - __main__ - INFO - failed
2026-09-27 15:03:29,580 - __main__ - INFO - 30
2026-09-27 15:03:30,680 - __main__ - INFO - failed
2026-09-27 15:03:30,680 - __main__ - INFO - 32
2026-09-27 15:03:30,698 - __main__ - INFO - failed
2026-09-27 15:03:30,698 - __main__ - INFO - 33
2026-09-27 15:03:31,061 - __main__ - INFO - failed
2026-09-27 15:03:31,061 - __main__ - INFO - 11
2026-09-27 15:03:31,079 - __main__ - INFO - failed
2026-09-27 15:03:31,079 - __main__ - INFO - 12
2026-09-27 15:03:31,796 - __main__ - INFO - failed
2026-09-27 15:03:31,796 - __main__ - INFO - 0
2026-09-27 15:03:31,814 - __main__ - INFO - failed
2026-09-27 15:03:31,814 - __main__ - INFO - 1
2026-09-27 15:03:31,832 - __main__ - INFO - failed
2026-09-27 15:03:31,832 - __main__ - INFO - 2
2026-09-27 15:03:31,850 - __main__ - INFO - failed
2026-09-27 15:03:31,850 - __main__ - INFO - 3
2026-09-27 15:03:31,868 - __main__ - INFO - failed
2026-09-27 15:03:31,868 - __main__ - INFO - 4
2026-09-27 15:03:31,886 - __main__ - INFO - failed
2026-09-27 15:03:31,886 - __main__ - INFO - 5
2026-09-27 15:03:31,904 - __main__ - INFO - failed
2026-09-27 15:03:31,904 - __main__ - INFO - 6
2026-09-27 15:03:31,922 - __main__ - INFO - failed
2026-09-27 15:03:31,922 - __main__ - INFO - 7
2026-09-27 15:03:32,224 - __main__ - INFO - failed
2026-09-27 15:03:32,224 - __main__ - INFO - 14
2026-09-27 15:03:32,243 - __main__ - INFO - failed
2026-09-27 15:03:32,243 - __main__ - INFO - 15
2026-09-27 15:03:32,261 - __main__ - INFO - failed
2026-09-27 15:03:32,261 - __main__ - INFO - 16
2026-09-27 15:03:32,279 - __main__ - INFO - failed
2026-09-27 15:03:32,279 - __main__ - INFO - 17
2026-09-27 15:03:32,297 - __main__ - INFO - failed
2026-09-27 15:03:32,297 - __main__ - INFO - 18
2026-09-27 15:03:32,315 - __main__ - INFO - failed
2026-09-27 15:03:32,315 - __main__ - INFO - 19
2026-09-27 15:03:32,333 - __main__ - INFO - failed
2026-09-27 15:03:32,333 - __main__ - INFO - 20
2026-09-27 15:03:32,351 - __main__ - INFO - failed
2026-09-27 15:03:32,351 - __main__ - INFO - 21
2026-09-27 15:03:32,369 - __main__ - INFO - failed
2026-09-27 15:03:32,369 - __main__ - INFO - 22
2026-09-27 15:03:32,387 - __main__ - INFO - failed
2026-09-27 15:03:32,387 - __main__ - INFO - 23
2026-09-27 15:03:33,042 - __main__ - INFO - failed
2026-09-27 15:03:33,042 - __main__ - INFO - 9
2026-09-27 15:03:33,060 - __main__ - INFO - failed
2026-09-27 15:03:33,061 - __main__ - INFO - 10
2026-09-27 15:03:33,079 - __main__ - INFO - failed
2026-09-27 15:03:33,079 - __main__ - INFO - 11
2026-09-27 15:03:33,097 - __main__ - INFO - failed
2026-09-27 15:03:33,097 - __main__ - INFO - 12
2026-09-27 15:03:33,115 - __main__ - INFO - failed
2026-09-27 15:03:33,115 - __main__ - INFO - 13
2026-09-27 15:03:35,639 - __main__ - INFO - failed
2026-09-27 15:03:35,640 - __main__ - INFO - 27
2026-09-27 15:03:35,658 - __main__ - INFO - failed
2026-09-27 15:03:35,658 - __main__ - INFO - 28
2026-09-27 15:03:35,676 - __main__ - INFO - failed
2026-09-27 15:03:35,676 - __main__ - INFO - 29
2026-09-27 15:03:35,695 - __main__ - INFO - failed
2026-09-27 15:03:35,695 - __main__ - INFO - 30
2026-09-27 15:03:36,364 - __main__ - INFO - failed
2026-09-27 15:03:36,365 - __main__ - INFO - 17
2026-09-27 15:03:36,383 - __main__ - INFO - failed
2026-09-27 15:03:36,383 - __main__ - INFO - 18
2026-09-27 15:03:36,401 - __main__ - INFO - failed
2026-09-27 15:03:36,401 - __main__ - INFO - 19
2026-09-27 15:03:36,419 - __main__ - INFO - failed
2026-09-27 15:03:36,419 - __main__ - INFO - 20
2026-09-27 15:03:36,437 - __main__ - INFO - failed
2026-09-27 15:03:36,437 - __main__ - INFO - 21
2026-09-27 15:03:36,455 - __main__ - INFO - failed
2026-09-27 15:03:36,455 - __main__ - INFO - 22
2026-09-27 15:03:36,473 - __main__ - INFO - failed
2026-09-27 15:03:36,473 - __main__ - INFO - 23
2026-09-27 15:03:36,491 - __main__ - INFO - failed
2026-09-27 15:03:36,491 - __main__ - INFO - 24
2026-09-27 15:03:37,731 - __main__ - INFO - failed
2026-09-27 15:03:37,731 - __main__ - INFO - 26
2026-09-27 15:03:37,749 - __main__ - INFO - failed
2026-09-27 15:03:37,749 - __main__ - INFO - 27
2026-09-27 15:03:37,856 - __main__ - INFO - failed
2026-09-27 15:03:37,856 - __main__ - INFO - 33
2026-09-27 15:03:37,874 - __main__ - INFO - failed
2026-09-27 15:03:37,875 - __main__ - INFO - 34
2026-09-27 15:03:38,982 - __main__ - INFO - failed
2026-09-27 15:03:38,982 - __main__ - INFO - 1
2026-09-27 15:03:39,000 - __main__ - INFO - failed
2026-09-27 15:03:39,000 - __main__ - INFO - 2
2026-09-27 15:03:39,956 - __main__ - INFO - failed
2026-09-27 15:03:39,956 - __main__ - INFO - 30
2026-09-27 15:03:40,112 - __main__ - INFO - failed
2026-09-27 15:03:40,112 - __main__ - INFO - 4
2026-09-27 15:03:40,130 - __main__ - INFO - failed
2026-09-27 15:03:40,130 - __main__ - INFO - 5
2026-09-27 15:03:41,058 - __main__ - INFO - failed
2026-09-27 15:03:41,058 - __main__ - INFO - 32
2026-09-27 15:03:41,076 - __main__ - INFO - failed
2026-09-27 15:03:41,076 - __main__ - INFO - 33
2026-09-27 15:03:42,206 - __main__ - INFO - failed
2026-09-27 15:03:42,206 - __main__ - INFO - 0
2026-09-27 15:03:42,312 - __main__ - INFO - failed
2026-09-27 15:03:42,312 - __main__ - INFO - 8
2026-09-27 15:03:42,330 - __main__ - INFO - failed
2026-09-27 15:03:42,330 - __main__ - INFO - 9
2026-09-27 15:03:43,330 - __main__ - INFO - failed
2026-09-27 15:03:43,331 - __main__ - INFO - 2
2026-09-27 15:03:43,417 - __main__ - INFO - failed
2026-09-27 15:03:43,418 - __main__ - INFO - 11
2026-09-27 15:03:43,436 - __main__ - INFO - failed
2026-09-27 15:03:43,437 - __main__ - INFO - 12
2026-09-27 15:03:43,456 - __main__ - INFO - failed
2026-09-27 15:03:43,456 - __main__ - INFO - 13
2026-09-27 15:03:43,474 - __main__ - INFO - failed
2026-09-27 15:03:43,474 - __main__ - INFO - 14
2026-09-27 15:03:43,492 - __main__ - INFO - failed
2026-09-27 15:03:43,492 - __main__ - INFO - 15
2026-09-27 15:03:44,456 - __main__ - INFO - failed
2026-09-27 15:03:44,457 - __main__ - INFO - 4
2026-09-27 15:03:44,593 - __main__ - INFO - failed
2026-09-27 15:03:44,594 - __main__ - INFO - 17
2026-09-27 15:03:44,612 - __main__ - INFO - failed
2026-09-27 15:03:44,612 - __main__ - INFO - 18
2026-09-27 15:03:44,630 - __main__ - INFO - failed
2026-09-27 15:03:44,630 - __main__ - INFO - 19
2026-09-27 15:03:44,648 - __main__ - INFO - failed
2026-09-27 15:03:44,648 - __main__ - INFO - 20
2026-09-27 15:03:44,666 - __main__ - INFO - failed
2026-09-27 15:03:44,666 - __main__ - INFO - 21
2026-09-27 15:03:44,684 - __main__ - INFO - failed
2026-09-27 15:03:44,685 - __main__ - INFO - 22
2026-09-27 15:03:44,702 - __main__ - INFO - failed
2026-09-27 15:03:44,703 - __main__ - INFO - 23
2026-09-27 15:03:46,671 - __main__ - INFO - failed
2026-09-27 15:03:46,671 - __main__ - INFO - 7
2026-09-27 15:03:46,689 - __main__ - INFO - failed
2026-09-27 15:03:46,690 - __main__ - INFO - 8
2026-09-27 15:03:46,707 - __main__ - INFO - failed
2026-09-27 15:03:46,708 - __main__ - INFO - 9
2026-09-27 15:03:46,725 - __main__ - INFO - failed
2026-09-27 15:03:46,726 - __main__ - INFO - 10
2026-09-27 15:03:46,743 - __main__ - INFO - failed
2026-09-27 15:03:46,744 - __main__ - INFO - 11
2026-09-27 15:03:46,861 - __main__ - INFO - failed
2026-09-27 15:03:46,862 - __main__ - INFO - 26
2026-09-27 15:03:47,975 - __main__ - INFO - failed
2026-09-27 15:03:47,976 - __main__ - INFO - 28
2026-09-27 15:03:47,994 - __main__ - INFO - failed
2026-09-27 15:03:47,994 - __main__ - INFO - 29
2026-09-27 15:03:48,945 - __main__ - INFO - failed
2026-09-27 15:03:48,945 - __main__ - INFO - 14
2026-09-27 15:03:51,187 - __main__ - INFO - failed
2026-09-27 15:03:51,187 - __main__ - INFO - 17
2026-09-27 15:03:52,300 - __main__ - INFO - failed
2026-09-27 15:03:52,300 - __main__ - INFO - 19
2026-09-27 15:03:52,468 - __main__ - INFO - failed
2026-09-27 15:03:52,468 - __main__ - INFO - 34
2026-09-27 15:03:52,487 - __main__ - INFO - failed
2026-09-27 15:03:52,487 - __main__ - INFO - 0
2026-09-27 15:03:52,505 - __main__ - INFO - failed
2026-09-27 15:03:52,506 - __main__ - INFO - 1
2026-09-27 15:03:53,395 - __main__ - INFO - failed
2026-09-27 15:03:53,396 - __main__ - INFO - 21
2026-09-27 15:03:53,596 - __main__ - INFO - failed
2026-09-27 15:03:53,597 - __main__ - INFO - 3
2026-09-27 15:03:53,614 - __main__ - INFO - failed
2026-09-27 15:03:53,615 - __main__ - INFO - 4
2026-09-27 15:03:53,632 - __main__ - INFO - failed
2026-09-27 15:03:53,633 - __main__ - INFO - 5
2026-09-27 15:03:53,652 - __main__ - INFO - failed
2026-09-27 15:03:53,652 - __main__ - INFO - 6
2026-09-27 15:03:53,670 - __main__ - INFO - failed
2026-09-27 15:03:53,670 - __main__ - INFO - 7
2026-09-27 15:03:53,688 - __main__ - INFO - failed
2026-09-27 15:03:53,688 - __main__ - INFO - 8
2026-09-27 15:03:53,706 - __main__ - INFO - failed
2026-09-27 15:03:53,706 - __main__ - INFO - 9
2026-09-27 15:03:54,670 - __main__ - INFO - failed
2026-09-27 15:03:54,670 - __main__ - INFO - 23
2026-09-27 15:03:54,688 - __main__ - INFO - failed
2026-09-27 15:03:54,688 - __main__ - INFO - 24
2026-09-27 15:03:54,813 - __main__ - INFO - failed
2026-09-27 15:03:54,813 - __main__ - INFO - 11
2026-09-27 15:03:54,831 - __main__ - INFO - failed
2026-09-27 15:03:54,831 - __main__ - INFO - 12
2026-09-27 15:03:54,849 - __main__ - INFO - failed
2026-09-27 15:03:54,849 - __main__ - INFO - 13
2026-09-27 15:03:54,867 - __main__ - INFO - failed
2026-09-27 15:03:54,867 - __main__ - INFO - 14
2026-09-27 15:03:55,944 - __main__ - INFO - failed
2026-09-27 15:03:55,944 - __main__ - INFO - 26
2026-09-27 15:03:55,962 - __main__ - INFO - failed
2026-09-27 15:03:55,962 - __main__ - INFO - 27
2026-09-27 15:03:55,980 - __main__ - INFO - failed
2026-09-27 15:03:55,980 - __main__ - INFO - 28
2026-09-27 15:03:55,998 - __main__ - INFO - failed
2026-09-27 15:03:55,998 - __main__ - INFO - 29
2026-09-27 15:03:56,016 - __main__ - INFO - failed
2026-09-27 15:03:56,016 - __main__ - INFO - 30
2026-09-27 15:03:56,034 - __main__ - INFO - failed
2026-09-27 15:03:56,034 - __main__ - INFO - 31
2026-09-27 15:03:56,052 - __main__ - INFO - failed
2026-09-27 15:03:56,052 - __main__ - INFO - 32
2026-09-27 15:03:57,156 - __main__ - INFO - failed
2026-09-27 15:03:57,156 - __main__ - INFO - 34
2026-09-27 15:03:57,176 - __main__ - INFO - failed
2026-09-27 15:03:57,176 - __main__ - INFO - 0
2026-09-27 15:03:57,585 - __main__ - INFO - failed
2026-09-27 15:03:57,586 - __main__ - INFO - 17
2026-09-27 15:03:57,604 - __main__ - INFO - failed
2026-09-27 15:03:57,604 - __main__ - INFO - 18
2026-09-27 15:03:57,622 - __main__ - INFO - failed
2026-09-27 15:03:57,622 - __main__ - INFO - 19
2026-09-27 15:04:00,032 - __main__ - INFO - failed
2026-09-27 15:04:00,032 - __main__ - INFO - 22
2026-09-27 15:04:00,050 - __main__ - INFO - failed
2026-09-27 15:04:00,051 - __main__ - INFO - 23
2026-09-27 15:04:00,068 - __main__ - INFO - failed
2026-09-27 15:04:00,069 - __main__ - INFO - 24
2026-09-27 15:04:01,153 - __main__ - INFO - failed
2026-09-27 15:04:01,153 - __main__ - INFO - 26
2026-09-27 15:04:01,171 - __main__ - INFO - failed
2026-09-27 15:04:01,171 - __main__ - INFO - 27
2026-09-27 15:04:01,516 - __main__ - INFO - failed
2026-09-27 15:04:01,516 - __main__ - INFO - 5
2026-09-27 15:04:02,272 - __main__ - INFO - failed
2026-09-27 15:04:02,273 - __main__ - INFO - 29
2026-09-27 15:04:02,615 - __main__ - INFO - failed
2026-09-27 15:04:02,615 - __main__ - INFO - 7
2026-09-27 15:04:03,416 - __main__ - INFO - failed
2026-09-27 15:04:03,417 - __main__ - INFO - 31
2026-09-27 15:04:03,435 - __main__ - INFO - failed
2026-09-27 15:04:03,435 - __main__ - INFO - 32
2026-09-27 15:04:03,453 - __main__ - INFO - failed
2026-09-27 15:04:03,453 - __main__ - INFO - 33
2026-09-27 15:04:03,471 - __main__ - INFO - failed
2026-09-27 15:04:03,471 - __main__ - INFO - 34
2026-09-27 15:04:03,490 - __main__ - INFO - failed
2026-09-27 15:04:03,490 - __main__ - INFO - 0
2026-09-27 15:04:03,725 - __main__ - INFO - failed
2026-09-27 15:04:03,725 - __main__ - INFO - 9
2026-09-27 15:04:03,743 - __main__ - INFO - failed
2026-09-27 15:04:03,743 - __main__ - INFO - 10
2026-09-27 15:04:03,761 - __main__ - INFO - failed
2026-09-27 15:04:03,761 - __main__ - INFO - 11
2026-09-27 15:04:03,779 - __main__ - INFO - failed
2026-09-27 15:04:03,779 - __main__ - INFO - 12
2026-09-27 15:04:03,797 - __main__ - INFO - failed
2026-09-27 15:04:03,797 - __main__ - INFO - 13
2026-09-27 15:04:03,816 - __main__ - INFO - failed
2026-09-27 15:04:03,816 - __main__ - INFO - 14
2026-09-27 15:04:04,596 - __main__ - INFO - failed
2026-09-27 15:04:04,596 - __main__ - INFO - 2
2026-09-27 15:04:04,614 - __main__ - INFO - failed
2026-09-27 15:04:04,614 - __main__ - INFO - 3
2026-09-27 15:04:04,632 - __main__ - INFO - failed
2026-09-27 15:04:04,632 - __main__ - INFO - 4
2026-09-27 15:04:04,650 - __main__ - INFO - failed
2026-09-27 15:04:04,650 - __main__ - INFO - 5
2026-09-27 15:04:04,668 - __main__ - INFO - failed
2026-09-27 15:04:04,668 - __main__ - INFO - 6
2026-09-27 15:04:04,686 - __main__ - INFO - failed
2026-09-27 15:04:04,686 - __main__ - INFO - 7
2026-09-27 15:04:07,095 - __main__ - INFO - failed
2026-09-27 15:04:07,095 - __main__ - INFO - 18
2026-09-27 15:04:07,113 - __main__ - INFO - failed
2026-09-27 15:04:07,113 - __main__ - INFO - 19
2026-09-27 15:04:07,131 - __main__ - INFO - failed
2026-09-27 15:04:07,131 - __main__ - INFO - 20
2026-09-27 15:04:07,149 - __main__ - INFO - failed
2026-09-27 15:04:07,149 - __main__ - INFO - 21
2026-09-27 15:04:07,167 - __main__ - INFO - failed
2026-09-27 15:04:07,167 - __main__ - INFO - 22
2026-09-27 15:04:07,185 - __main__ - INFO - failed
2026-09-27 15:04:07,185 - __main__ - INFO - 23
2026-09-27 15:04:07,203 - __main__ - INFO - failed
2026-09-27 15:04:07,203 - __main__ - INFO - 24
2026-09-27 15:04:07,220 - __main__ - INFO - failed
2026-09-27 15:04:07,221 - __main__ - INFO - 25
2026-09-27 15:04:07,239 - __main__ - INFO - failed
2026-09-27 15:04:07,239 - __main__ - INFO - 26
2026-09-27 15:04:08,093 - __main__ - INFO - failed
2026-09-27 15:04:08,093 - __main__ - INFO - 11
2026-09-27 15:04:08,111 - __main__ - INFO - failed
2026-09-27 15:04:08,111 - __main__ - INFO - 12
2026-09-27 15:04:08,423 - __main__ - INFO - failed
2026-09-27 15:04:08,423 - __main__ - INFO - 28
2026-09-27 15:04:08,441 - __main__ - INFO - failed
2026-09-27 15:04:08,441 - __main__ - INFO - 29
2026-09-27 15:04:08,459 - __main__ - INFO - failed
2026-09-27 15:04:08,459 - __main__ - INFO - 30
2026-09-27 15:04:08,477 - __main__ - INFO - failed
2026-09-27 15:04:08,477 - __main__ - INFO - 31
2026-09-27 15:04:08,495 - __main__ - INFO - failed
2026-09-27 15:04:08,495 - __main__ - INFO - 32
2026-09-27 15:04:09,214 - __main__ - INFO - failed
2026-09-27 15:04:09,214 - __main__ - INFO - 14
2026-09-27 15:04:09,232 - __main__ - INFO - failed
2026-09-27 15:04:09,232 - __main__ - INFO - 15
2026-09-27 15:04:10,716 - __main__ - INFO - failed
2026-09-27 15:04:10,717 - __main__ - INFO - 0
2026-09-27 15:04:10,735 - __main__ - INFO - failed
2026-09-27 15:04:10,735 - __main__ - INFO - 1
2026-09-27 15:04:11,404 - __main__ - INFO - failed
2026-09-27 15:04:11,404 - __main__ - INFO - 18
2026-09-27 15:04:11,422 - __main__ - INFO - failed
2026-09-27 15:04:11,422 - __main__ - INFO - 19
2026-09-27 15:04:11,440 - __main__ - INFO - failed
2026-09-27 15:04:11,440 - __main__ - INFO - 20
2026-09-27 15:04:12,545 - __main__ - INFO - failed
2026-09-27 15:04:12,545 - __main__ - INFO - 22
2026-09-27 15:04:12,564 - __main__ - INFO - failed
2026-09-27 15:04:12,564 - __main__ - INFO - 23
2026-09-27 15:04:12,937 - __main__ - INFO - failed
2026-09-27 15:04:12,937 - __main__ - INFO - 4
2026-09-27 15:04:12,955 - __main__ - INFO - failed
2026-09-27 15:04:12,956 - __main__ - INFO - 5
2026-09-27 15:04:12,973 - __main__ - INFO - failed
2026-09-27 15:04:12,974 - __main__ - INFO - 6
2026-09-27 15:04:13,680 - __main__ - INFO - failed
2026-09-27 15:04:13,680 - __main__ - INFO - 25
2026-09-27 15:04:13,698 - __main__ - INFO - failed
2026-09-27 15:04:13,698 - __main__ - INFO - 26
2026-09-27 15:04:14,088 - __main__ - INFO - failed
2026-09-27 15:04:14,088 - __main__ - INFO - 8
2026-09-27 15:04:14,106 - __main__ - INFO - failed
2026-09-27 15:04:14,107 - __main__ - INFO - 9
2026-09-27 15:04:14,125 - __main__ - INFO - failed
2026-09-27 15:04:14,125 - __main__ - INFO - 10
2026-09-27 15:04:14,795 - __main__ - INFO - failed
2026-09-27 15:04:14,795 - __main__ - INFO - 28
2026-09-27 15:04:14,813 - __main__ - INFO - failed
2026-09-27 15:04:14,813 - __main__ - INFO - 29
2026-09-27 15:04:14,831 - __main__ - INFO - failed
2026-09-27 15:04:14,831 - __main__ - INFO - 30
2026-09-27 15:04:14,850 - __main__ - INFO - failed
2026-09-27 15:04:14,850 - __main__ - INFO - 31
2026-09-27 15:04:16,389 - __main__ - INFO - failed
2026-09-27 15:04:16,389 - __main__ - INFO - 13
2026-09-27 15:04:16,407 - __main__ - INFO - failed
2026-09-27 15:04:16,407 - __main__ - INFO - 14
2026-09-27 15:04:17,533 - __main__ - INFO - failed
2026-09-27 15:04:17,533 - __main__ - INFO - 16
2026-09-27 15:04:18,128 - __main__ - INFO - failed
2026-09-27 15:04:18,129 - __main__ - INFO - 0
2026-09-27 15:04:19,707 - __main__ - INFO - failed
2026-09-27 15:04:19,707 - __main__ - INFO - 19
2026-09-27 15:04:20,482 - __main__ - INFO - failed
2026-09-27 15:04:20,482 - __main__ - INFO - 3
2026-09-27 15:04:20,500 - __main__ - INFO - failed
2026-09-27 15:04:20,500 - __main__ - INFO - 4
2026-09-27 15:04:20,518 - __main__ - INFO - failed
2026-09-27 15:04:20,518 - __main__ - INFO - 5
2026-09-27 15:04:20,536 - __main__ - INFO - failed
2026-09-27 15:04:20,536 - __main__ - INFO - 6
2026-09-27 15:04:20,554 - __main__ - INFO - failed
2026-09-27 15:04:20,554 - __main__ - INFO - 7
2026-09-27 15:04:20,572 - __main__ - INFO - failed
2026-09-27 15:04:20,572 - __main__ - INFO - 8
2026-09-27 15:04:20,590 - __main__ - INFO - failed
2026-09-27 15:04:20,590 - __main__ - INFO - 9
2026-09-27 15:04:20,608 - __main__ - INFO - failed
2026-09-27 15:04:20,608 - __main__ - INFO - 10
2026-09-27 15:04:21,883 - __main__ - INFO - failed
2026-09-27 15:04:21,884 - __main__ - INFO - 22
2026-09-27 15:04:21,902 - __main__ - INFO - failed
2026-09-27 15:04:21,902 - __main__ - INFO - 23
2026-09-27 15:04:21,920 - __main__ - INFO - failed
2026-09-27 15:04:21,920 - __main__ - INFO - 24
2026-09-27 15:04:21,938 - __main__ - INFO - failed
2026-09-27 15:04:21,938 - __main__ - INFO - 25
2026-09-27 15:04:21,955 - __main__ - INFO - failed
2026-09-27 15:04:21,956 - __main__ - INFO - 26
2026-09-27 15:04:21,973 - __main__ - INFO - failed
2026-09-27 15:04:21,973 - __main__ - INFO - 27
2026-09-27 15:04:23,077 - __main__ - INFO - failed
2026-09-27 15:04:23,077 - __main__ - INFO - 29
2026-09-27 15:04:24,011 - __main__ - INFO - failed
2026-09-27 15:04:24,011 - __main__ - INFO - 14
2026-09-27 15:04:24,210 - __main__ - INFO - failed
2026-09-27 15:04:24,211 - __main__ - INFO - 31
2026-09-27 15:04:25,122 - __main__ - INFO - failed
2026-09-27 15:04:25,122 - __main__ - INFO - 16
2026-09-27 15:04:25,140 - __main__ - INFO - failed
2026-09-27 15:04:25,140 - __main__ - INFO - 17
2026-09-27 15:04:25,314 - __main__ - INFO - failed
2026-09-27 15:04:25,315 - __main__ - INFO - 33
2026-09-27 15:04:25,333 - __main__ - INFO - failed
2026-09-27 15:04:25,333 - __main__ - INFO - 34
2026-09-27 15:04:25,352 - __main__ - INFO - failed
2026-09-27 15:04:25,352 - __main__ - INFO - 0
2026-09-27 15:04:26,234 - __main__ - INFO - failed
2026-09-27 15:04:26,234 - __main__ - INFO - 19
2026-09-27 15:04:26,536 - __main__ - INFO - failed
2026-09-27 15:04:26,536 - __main__ - INFO - 2
2026-09-27 15:04:26,554 - __main__ - INFO - failed
2026-09-27 15:04:26,554 - __main__ - INFO - 3
2026-09-27 15:04:27,332 - __main__ - INFO - failed
2026-09-27 15:04:27,332 - __main__ - INFO - 21
2026-09-27 15:04:27,660 - __main__ - INFO - failed
2026-09-27 15:04:27,660 - __main__ - INFO - 5
2026-09-27 15:04:28,436 - __main__ - INFO - failed
2026-09-27 15:04:28,436 - __main__ - INFO - 23
2026-09-27 15:04:28,454 - __main__ - INFO - failed
2026-09-27 15:04:28,455 - __main__ - INFO - 24
2026-09-27 15:04:28,472 - __main__ - INFO - failed
2026-09-27 15:04:28,472 - __main__ - INFO - 25
2026-09-27 15:04:28,775 - __main__ - INFO - failed
2026-09-27 15:04:28,775 - __main__ - INFO - 7
2026-09-27 15:04:29,905 - __main__ - INFO - failed
2026-09-27 15:04:29,905 - __main__ - INFO - 9
2026-09-27 15:04:29,923 - __main__ - INFO - failed
2026-09-27 15:04:29,923 - __main__ - INFO - 10
2026-09-27 15:04:29,941 - __main__ - INFO - failed
2026-09-27 15:04:29,941 - __main__ - INFO - 11
2026-09-27 15:04:29,959 - __main__ - INFO - failed
2026-09-27 15:04:29,959 - __main__ - INFO - 12
2026-09-27 15:04:29,977 - __main__ - INFO - failed
2026-09-27 15:04:29,977 - __main__ - INFO - 13
2026-09-27 15:04:30,660 - __main__ - INFO - failed
2026-09-27 15:04:30,660 - __main__ - INFO - 28
2026-09-27 15:04:30,678 - __main__ - INFO - failed
2026-09-27 15:04:30,678 - __main__ - INFO - 29
2026-09-27 15:04:31,087 - __main__ - INFO - failed
2026-09-27 15:04:31,087 - __main__ - INFO - 15
2026-09-27 15:04:31,105 - __main__ - INFO - failed
2026-09-27 15:04:31,105 - __main__ - INFO - 16
2026-09-27 15:04:31,123 - __main__ - INFO - failed
2026-09-27 15:04:31,123 - __main__ - INFO - 17
2026-09-27 15:04:31,141 - __main__ - INFO - failed
2026-09-27 15:04:31,142 - __main__ - INFO - 18
2026-09-27 15:04:32,888 - __main__ - INFO - failed
2026-09-27 15:04:32,888 - __main__ - INFO - 32
2026-09-27 15:04:32,906 - __main__ - INFO - failed
2026-09-27 15:04:32,907 - __main__ - INFO - 33
2026-09-27 15:04:33,372 - __main__ - INFO - failed
2026-09-27 15:04:33,372 - __main__ - INFO - 21
2026-09-27 15:04:34,032 - __main__ - INFO - failed
2026-09-27 15:04:34,032 - __main__ - INFO - 0
2026-09-27 15:04:34,475 - __main__ - INFO - failed
2026-09-27 15:04:34,475 - __main__ - INFO - 23
2026-09-27 15:04:35,123 - __main__ - INFO - failed
2026-09-27 15:04:35,123 - __main__ - INFO - 2
2026-09-27 15:04:35,141 - __main__ - INFO - failed
2026-09-27 15:04:35,141 - __main__ - INFO - 3
2026-09-27 15:04:35,159 - __main__ - INFO - failed
2026-09-27 15:04:35,159 - __main__ - INFO - 4
2026-09-27 15:04:36,280 - __main__ - INFO - failed
2026-09-27 15:04:36,280 - __main__ - INFO - 6
2026-09-27 15:04:36,719 - __main__ - INFO - failed
2026-09-27 15:04:36,719 - __main__ - INFO - 26
2026-09-27 15:04:37,416 - __main__ - INFO - failed
2026-09-27 15:04:37,417 - __main__ - INFO - 8
2026-09-27 15:04:37,435 - __main__ - INFO - failed
2026-09-27 15:04:37,435 - __main__ - INFO - 9
2026-09-27 15:04:37,453 - __main__ - INFO - failed
2026-09-27 15:04:37,453 - __main__ - INFO - 10
2026-09-27 15:04:37,471 - __main__ - INFO - failed
2026-09-27 15:04:37,471 - __main__ - INFO - 11
2026-09-27 15:04:37,489 - __main__ - INFO - failed
2026-09-27 15:04:37,489 - __main__ - INFO - 12
2026-09-27 15:04:37,507 - __main__ - INFO - failed
2026-09-27 15:04:37,507 - __main__ - INFO - 13
2026-09-27 15:04:37,525 - __main__ - INFO - failed
2026-09-27 15:04:37,525 - __main__ - INFO - 14
2026-09-27 15:04:38,691 - __main__ - INFO - failed
2026-09-27 15:04:38,691 - __main__ - INFO - 16
2026-09-27 15:04:39,013 - __main__ - INFO - failed
2026-09-27 15:04:39,013 - __main__ - INFO - 29
2026-09-27 15:04:39,031 - __main__ - INFO - failed
2026-09-27 15:04:39,031 - __main__ - INFO - 30
2026-09-27 15:04:39,049 - __main__ - INFO - failed
2026-09-27 15:04:39,049 - __main__ - INFO - 31
2026-09-27 15:04:39,067 - __main__ - INFO - failed
2026-09-27 15:04:39,067 - __main__ - INFO - 32
2026-09-27 15:04:39,085 - __main__ - INFO - failed
2026-09-27 15:04:39,086 - __main__ - INFO - 33
2026-09-27 15:04:39,104 - __main__ - INFO - failed
2026-09-27 15:04:39,104 - __main__ - INFO - 34
2026-09-27 15:04:39,123 - __main__ - INFO - failed
2026-09-27 15:04:39,123 - __main__ - INFO - 0
2026-09-27 15:04:39,141 - __main__ - INFO - failed
2026-09-27 15:04:39,141 - __main__ - INFO - 1
2026-09-27 15:04:39,159 - __main__ - INFO - failed
2026-09-27 15:04:39,159 - __main__ - INFO - 2
2026-09-27 15:04:39,178 - __main__ - INFO - failed
2026-09-27 15:04:39,178 - __main__ - INFO - 3
2026-09-27 15:04:39,197 - __main__ - INFO - failed
2026-09-27 15:04:39,197 - __main__ - INFO - 4
2026-09-27 15:04:39,215 - __main__ - INFO - failed
2026-09-27 15:04:39,215 - __main__ - INFO - 5
2026-09-27 15:04:39,233 - __main__ - INFO - failed
2026-09-27 15:04:39,233 - __main__ - INFO - 6
2026-09-27 15:04:39,251 - __main__ - INFO - failed
2026-09-27 15:04:39,252 - __main__ - INFO - 7
2026-09-27 15:04:40,400 - __main__ - INFO - failed
2026-09-27 15:04:40,401 - __main__ - INFO - 9
2026-09-27 15:04:40,419 - __main__ - INFO - failed
2026-09-27 15:04:40,419 - __main__ - INFO - 10
2026-09-27 15:04:40,437 - __main__ - INFO - failed
2026-09-27 15:04:40,437 - __main__ - INFO - 11
2026-09-27 15:04:40,939 - __main__ - INFO - failed
2026-09-27 15:04:40,939 - __main__ - INFO - 19
2026-09-27 15:04:41,523 - __main__ - INFO - failed
2026-09-27 15:04:41,523 - __main__ - INFO - 13
2026-09-27 15:04:42,049 - __main__ - INFO - failed
2026-09-27 15:04:42,049 - __main__ - INFO - 21
2026-09-27 15:04:44,271 - __main__ - INFO - failed
2026-09-27 15:04:44,272 - __main__ - INFO - 24
2026-09-27 15:04:44,290 - __main__ - INFO - failed
2026-09-27 15:04:44,290 - __main__ - INFO - 25
2026-09-27 15:04:44,796 - __main__ - INFO - failed
2026-09-27 15:04:44,796 - __main__ - INFO - 17
2026-09-27 15:04:44,814 - __main__ - INFO - failed
2026-09-27 15:04:44,815 - __main__ - INFO - 18
2026-09-27 15:04:45,903 - __main__ - INFO - failed
2026-09-27 15:04:45,904 - __main__ - INFO - 20
2026-09-27 15:04:47,004 - __main__ - INFO - failed
2026-09-27 15:04:47,005 - __main__ - INFO - 22
2026-09-27 15:04:47,023 - __main__ - INFO - failed
2026-09-27 15:04:47,023 - __main__ - INFO - 23
2026-09-27 15:04:47,041 - __main__ - INFO - failed
2026-09-27 15:04:47,041 - __main__ - INFO - 24
2026-09-27 15:04:48,145 - __main__ - INFO - failed
2026-09-27 15:04:48,146 - __main__ - INFO - 26
2026-09-27 15:04:48,710 - __main__ - INFO - failed
2026-09-27 15:04:48,710 - __main__ - INFO - 30
2026-09-27 15:04:49,250 - __main__ - INFO - failed
2026-09-27 15:04:49,250 - __main__ - INFO - 28
2026-09-27 15:04:49,268 - __main__ - INFO - failed
2026-09-27 15:04:49,268 - __main__ - INFO - 29
2026-09-27 15:04:49,286 - __main__ - INFO - failed
2026-09-27 15:04:49,286 - __main__ - INFO - 30
2026-09-27 15:04:49,304 - __main__ - INFO - failed
2026-09-27 15:04:49,304 - __main__ - INFO - 31
2026-09-27 15:04:49,913 - __main__ - INFO - failed
2026-09-27 15:04:49,913 - __main__ - INFO - 32
2026-09-27 15:04:49,931 - __main__ - INFO - failed
2026-09-27 15:04:49,931 - __main__ - INFO - 33
2026-09-27 15:04:49,949 - __main__ - INFO - failed
2026-09-27 15:04:49,949 - __main__ - INFO - 34
2026-09-27 15:04:51,480 - __main__ - INFO - failed
2026-09-27 15:04:51,480 - __main__ - INFO - 34
2026-09-27 15:04:51,499 - __main__ - INFO - failed
2026-09-27 15:04:51,499 - __main__ - INFO - 0
2026-09-27 15:04:52,125 - __main__ - INFO - failed
2026-09-27 15:04:52,125 - __main__ - INFO - 2
2026-09-27 15:04:53,730 - __main__ - INFO - failed
2026-09-27 15:04:53,730 - __main__ - INFO - 3
2026-09-27 15:04:54,818 - __main__ - INFO - failed
2026-09-27 15:04:54,818 - __main__ - INFO - 5
2026-09-27 15:04:54,836 - __main__ - INFO - failed
2026-09-27 15:04:54,836 - __main__ - INFO - 6
2026-09-27 15:04:55,414 - __main__ - INFO - failed
2026-09-27 15:04:55,414 - __main__ - INFO - 6
2026-09-27 15:04:55,432 - __main__ - INFO - failed
2026-09-27 15:04:55,432 - __main__ - INFO - 7
2026-09-27 15:04:55,450 - __main__ - INFO - failed
2026-09-27 15:04:55,450 - __main__ - INFO - 8
2026-09-27 15:04:55,468 - __main__ - INFO - failed
2026-09-27 15:04:55,468 - __main__ - INFO - 9
2026-09-27 15:04:56,587 - __main__ - INFO - failed
2026-09-27 15:04:56,587 - __main__ - INFO - 11
2026-09-27 15:04:57,029 - __main__ - INFO - failed
2026-09-27 15:04:57,029 - __main__ - INFO - 9
2026-09-27 15:04:57,047 - __main__ - INFO - failed
2026-09-27 15:04:57,047 - __main__ - INFO - 10
2026-09-27 15:04:57,696 - __main__ - INFO - failed
2026-09-27 15:04:57,696 - __main__ - INFO - 13
2026-09-27 15:04:58,815 - __main__ - INFO - failed
2026-09-27 15:04:58,815 - __main__ - INFO - 15
2026-09-27 15:04:59,245 - __main__ - INFO - failed
2026-09-27 15:04:59,245 - __main__ - INFO - 13
2026-09-27 15:04:59,929 - __main__ - INFO - failed
2026-09-27 15:04:59,929 - __main__ - INFO - 17
2026-09-27 15:04:59,947 - __main__ - INFO - failed
2026-09-27 15:04:59,947 - __main__ - INFO - 18
2026-09-27 15:04:59,965 - __main__ - INFO - failed
2026-09-27 15:04:59,965 - __main__ - INFO - 19
2026-09-27 15:04:59,983 - __main__ - INFO - failed
2026-09-27 15:04:59,983 - __main__ - INFO - 20
2026-09-27 15:05:00,001 - __main__ - INFO - failed
2026-09-27 15:05:00,001 - __main__ - INFO - 21
2026-09-27 15:05:00,359 - __main__ - INFO - failed
2026-09-27 15:05:00,360 - __main__ - INFO - 15
2026-09-27 15:05:00,378 - __main__ - INFO - failed
2026-09-27 15:05:00,378 - __main__ - INFO - 16
2026-09-27 15:05:01,467 - __main__ - INFO - failed
2026-09-27 15:05:01,467 - __main__ - INFO - 18
2026-09-27 15:05:02,211 - __main__ - INFO - failed
2026-09-27 15:05:02,211 - __main__ - INFO - 24
2026-09-27 15:05:02,229 - __main__ - INFO - failed
2026-09-27 15:05:02,230 - __main__ - INFO - 25
2026-09-27 15:05:02,248 - __main__ - INFO - failed
2026-09-27 15:05:02,248 - __main__ - INFO - 26
2026-09-27 15:05:02,266 - __main__ - INFO - failed
2026-09-27 15:05:02,266 - __main__ - INFO - 27
2026-09-27 15:05:02,284 - __main__ - INFO - failed
2026-09-27 15:05:02,284 - __main__ - INFO - 28
2026-09-27 15:05:02,302 - __main__ - INFO - failed
2026-09-27 15:05:02,302 - __main__ - INFO - 29
2026-09-27 15:05:02,603 - __main__ - INFO - failed
2026-09-27 15:05:02,603 - __main__ - INFO - 20
2026-09-27 15:05:02,622 - __main__ - INFO - failed
2026-09-27 15:05:02,622 - __main__ - INFO - 21
2026-09-27 15:05:02,640 - __main__ - INFO - failed
2026-09-27 15:05:02,640 - __main__ - INFO - 22
2026-09-27 15:05:03,448 - __main__ - INFO - failed
2026-09-27 15:05:03,448 - __main__ - INFO - 31
2026-09-27 15:05:03,466 - __main__ - INFO - failed
2026-09-27 15:05:03,466 - __main__ - INFO - 32
2026-09-27 15:05:03,484 - __main__ - INFO - failed
2026-09-27 15:05:03,484 - __main__ - INFO - 33
2026-09-27 15:05:03,502 - __main__ - INFO - failed
2026-09-27 15:05:03,503 - __main__ - INFO - 34
2026-09-27 15:05:03,521 - __main__ - INFO - failed
2026-09-27 15:05:03,522 - __main__ - INFO - 0
2026-09-27 15:05:03,540 - __main__ - INFO - failed
2026-09-27 15:05:03,540 - __main__ - INFO - 1
2026-09-27 15:05:03,557 - __main__ - INFO - failed
2026-09-27 15:05:03,558 - __main__ - INFO - 2
2026-09-27 15:05:03,746 - __main__ - INFO - failed
2026-09-27 15:05:03,747 - __main__ - INFO - 24
2026-09-27 15:05:03,765 - __main__ - INFO - failed
2026-09-27 15:05:03,765 - __main__ - INFO - 25
2026-09-27 15:05:03,783 - __main__ - INFO - failed
2026-09-27 15:05:03,783 - __main__ - INFO - 26
2026-09-27 15:05:03,801 - __main__ - INFO - failed
2026-09-27 15:05:03,801 - __main__ - INFO - 27
2026-09-27 15:05:03,819 - __main__ - INFO - failed
2026-09-27 15:05:03,819 - __main__ - INFO - 28
2026-09-27 15:05:04,930 - __main__ - INFO - failed
2026-09-27 15:05:04,931 - __main__ - INFO - 30
2026-09-27 15:05:06,036 - __main__ - INFO - failed
2026-09-27 15:05:06,036 - __main__ - INFO - 32
2026-09-27 15:05:06,054 - __main__ - INFO - failed
2026-09-27 15:05:06,054 - __main__ - INFO - 33
2026-09-27 15:05:06,072 - __main__ - INFO - failed
2026-09-27 15:05:06,072 - __main__ - INFO - 34
2026-09-27 15:05:07,174 - __main__ - INFO - failed
2026-09-27 15:05:07,174 - __main__ - INFO - 1
2026-09-27 15:05:07,907 - __main__ - INFO - failed
2026-09-27 15:05:07,907 - __main__ - INFO - 7
2026-09-27 15:05:08,269 - __main__ - INFO - failed
2026-09-27 15:05:08,269 - __main__ - INFO - 3
2026-09-27 15:05:08,287 - __main__ - INFO - failed
2026-09-27 15:05:08,287 - __main__ - INFO - 4
2026-09-27 15:05:08,305 - __main__ - INFO - failed
2026-09-27 15:05:08,305 - __main__ - INFO - 5
2026-09-27 15:05:08,323 - __main__ - INFO - failed
2026-09-27 15:05:08,323 - __main__ - INFO - 6
2026-09-27 15:05:09,100 - __main__ - INFO - failed
2026-09-27 15:05:09,100 - __main__ - INFO - 9
2026-09-27 15:05:09,119 - __main__ - INFO - failed
2026-09-27 15:05:09,119 - __main__ - INFO - 10
2026-09-27 15:05:09,137 - __main__ - INFO - failed
2026-09-27 15:05:09,137 - __main__ - INFO - 11
2026-09-27 15:05:09,155 - __main__ - INFO - failed
2026-09-27 15:05:09,155 - __main__ - INFO - 12
2026-09-27 15:05:09,416 - __main__ - INFO - failed
2026-09-27 15:05:09,416 - __main__ - INFO - 8
2026-09-27 15:05:09,434 - __main__ - INFO - failed
2026-09-27 15:05:09,434 - __main__ - INFO - 9
2026-09-27 15:05:11,339 - __main__ - INFO - failed
2026-09-27 15:05:11,339 - __main__ - INFO - 15
2026-09-27 15:05:11,357 - __main__ - INFO - failed
2026-09-27 15:05:11,357 - __main__ - INFO - 16
2026-09-27 15:05:11,375 - __main__ - INFO - failed
2026-09-27 15:05:11,375 - __main__ - INFO - 17
2026-09-27 15:05:11,599 - __main__ - INFO - failed
2026-09-27 15:05:11,599 - __main__ - INFO - 12
2026-09-27 15:05:11,617 - __main__ - INFO - failed
2026-09-27 15:05:11,617 - __main__ - INFO - 13
2026-09-27 15:05:12,703 - __main__ - INFO - failed
2026-09-27 15:05:12,703 - __main__ - INFO - 15
2026-09-27 15:05:13,796 - __main__ - INFO - failed
2026-09-27 15:05:13,796 - __main__ - INFO - 17
2026-09-27 15:05:13,814 - __main__ - INFO - failed
2026-09-27 15:05:13,814 - __main__ - INFO - 18
2026-09-27 15:05:14,913 - __main__ - INFO - failed
2026-09-27 15:05:14,913 - __main__ - INFO - 20
2026-09-27 15:05:14,931 - __main__ - INFO - failed
2026-09-27 15:05:14,931 - __main__ - INFO - 21
2026-09-27 15:05:14,949 - __main__ - INFO - failed
2026-09-27 15:05:14,949 - __main__ - INFO - 22
2026-09-27 15:05:14,967 - __main__ - INFO - failed
2026-09-27 15:05:14,967 - __main__ - INFO - 23
2026-09-27 15:05:15,775 - __main__ - INFO - failed
2026-09-27 15:05:15,775 - __main__ - INFO - 22
2026-09-27 15:05:15,793 - __main__ - INFO - failed
2026-09-27 15:05:15,793 - __main__ - INFO - 23
2026-09-27 15:05:16,895 - __main__ - INFO - failed
2026-09-27 15:05:16,895 - __main__ - INFO - 25
2026-09-27 15:05:17,255 - __main__ - INFO - failed
2026-09-27 15:05:17,255 - __main__ - INFO - 26
2026-09-27 15:05:17,273 - __main__ - INFO - failed
2026-09-27 15:05:17,273 - __main__ - INFO - 27
2026-09-27 15:05:17,291 - __main__ - INFO - failed
2026-09-27 15:05:17,292 - __main__ - INFO - 28
2026-09-27 15:05:17,310 - __main__ - INFO - failed
2026-09-27 15:05:17,310 - __main__ - INFO - 29
2026-09-27 15:05:17,328 - __main__ - INFO - failed
2026-09-27 15:05:17,328 - __main__ - INFO - 30
2026-09-27 15:05:18,016 - __main__ - INFO - failed
2026-09-27 15:05:18,016 - __main__ - INFO - 27
2026-09-27 15:05:18,034 - __main__ - INFO - failed
2026-09-27 15:05:18,034 - __main__ - INFO - 28
2026-09-27 15:05:18,052 - __main__ - INFO - failed
2026-09-27 15:05:18,052 - __main__ - INFO - 29
2026-09-27 15:05:18,070 - __main__ - INFO - failed
2026-09-27 15:05:18,070 - __main__ - INFO - 30
2026-09-27 15:05:18,088 - __main__ - INFO - failed
2026-09-27 15:05:18,088 - __main__ - INFO - 31
2026-09-27 15:05:18,106 - __main__ - INFO - failed
2026-09-27 15:05:18,106 - __main__ - INFO - 32
2026-09-27 15:05:18,124 - __main__ - INFO - failed
2026-09-27 15:05:18,124 - __main__ - INFO - 33
2026-09-27 15:05:18,142 - __main__ - INFO - failed
2026-09-27 15:05:18,142 - __main__ - INFO - 34
2026-09-27 15:05:18,160 - __main__ - INFO - failed
2026-09-27 15:05:18,160 - __main__ - INFO - 0
2026-09-27 15:05:18,426 - __main__ - INFO - failed
2026-09-27 15:05:18,426 - __main__ - INFO - 32
2026-09-27 15:05:18,444 - __main__ - INFO - failed
2026-09-27 15:05:18,444 - __main__ - INFO - 33
2026-09-27 15:05:19,544 - __main__ - INFO - failed
2026-09-27 15:05:19,544 - __main__ - INFO - 0
2026-09-27 15:05:19,562 - __main__ - INFO - failed
2026-09-27 15:05:19,562 - __main__ - INFO - 1
2026-09-27 15:05:19,580 - __main__ - INFO - failed
2026-09-27 15:05:19,580 - __main__ - INFO - 2
2026-09-27 15:05:19,598 - __main__ - INFO - failed
2026-09-27 15:05:19,598 - __main__ - INFO - 3
2026-09-27 15:05:19,616 - __main__ - INFO - failed
2026-09-27 15:05:19,616 - __main__ - INFO - 4
2026-09-27 15:05:19,634 - __main__ - INFO - failed
2026-09-27 15:05:19,634 - __main__ - INFO - 5
2026-09-27 15:05:19,652 - __main__ - INFO - failed
2026-09-27 15:05:19,652 - __main__ - INFO - 6
2026-09-27 15:05:19,670 - __main__ - INFO - failed
2026-09-27 15:05:19,670 - __main__ - INFO - 7
2026-09-27 15:05:19,688 - __main__ - INFO - failed
2026-09-27 15:05:19,688 - __main__ - INFO - 8
2026-09-27 15:05:19,706 - __main__ - INFO - failed
2026-09-27 15:05:19,706 - __main__ - INFO - 9
2026-09-27 15:05:19,724 - __main__ - INFO - failed
2026-09-27 15:05:19,724 - __main__ - INFO - 10
2026-09-27 15:05:19,742 - __main__ - INFO - failed
2026-09-27 15:05:19,742 - __main__ - INFO - 11
2026-09-27 15:05:20,837 - __main__ - INFO - failed
2026-09-27 15:05:20,837 - __main__ - INFO - 13
2026-09-27 15:05:20,855 - __main__ - INFO - failed
2026-09-27 15:05:20,855 - __main__ - INFO - 14
2026-09-27 15:05:20,874 - __main__ - INFO - failed
2026-09-27 15:05:20,874 - __main__ - INFO - 15
2026-09-27 15:05:20,892 - __main__ - INFO - failed
2026-09-27 15:05:20,892 - __main__ - INFO - 16
2026-09-27 15:05:20,910 - __main__ - INFO - failed
2026-09-27 15:05:20,910 - __main__ - INFO - 17
2026-09-27 15:05:20,928 - __main__ - INFO - failed
2026-09-27 15:05:20,928 - __main__ - INFO - 18
2026-09-27 15:05:20,946 - __main__ - INFO - failed
2026-09-27 15:05:20,946 - __main__ - INFO - 19
2026-09-27 15:05:20,964 - __main__ - INFO - failed
2026-09-27 15:05:20,965 - __main__ - INFO - 20
2026-09-27 15:05:20,983 - __main__ - INFO - failed
2026-09-27 15:05:20,983 - __main__ - INFO - 21
2026-09-27 15:05:21,001 - __main__ - INFO - failed
2026-09-27 15:05:21,001 - __main__ - INFO - 22
2026-09-27 15:05:21,019 - __main__ - INFO - failed
2026-09-27 15:05:21,019 - __main__ - INFO - 23
2026-09-27 15:05:21,442 - __main__ - INFO - failed
2026-09-27 15:05:21,443 - __main__ - INFO - 4
2026-09-27 15:05:21,461 - __main__ - INFO - failed
2026-09-27 15:05:21,461 - __main__ - INFO - 5
2026-09-27 15:05:21,479 - __main__ - INFO - failed
2026-09-27 15:05:21,479 - __main__ - INFO - 6
2026-09-27 15:05:22,130 - __main__ - INFO - failed
2026-09-27 15:05:22,130 - __main__ - INFO - 25
2026-09-27 15:05:22,569 - __main__ - INFO - failed
2026-09-27 15:05:22,569 - __main__ - INFO - 8
2026-09-27 15:05:22,587 - __main__ - INFO - failed
2026-09-27 15:05:22,587 - __main__ - INFO - 9
2026-09-27 15:05:22,605 - __main__ - INFO - failed
2026-09-27 15:05:22,605 - __main__ - INFO - 10
2026-09-27 15:05:23,333 - __main__ - INFO - failed
2026-09-27 15:05:23,333 - __main__ - INFO - 27
2026-09-27 15:05:23,694 - __main__ - INFO - failed
2026-09-27 15:05:23,694 - __main__ - INFO - 12
2026-09-27 15:05:23,712 - __main__ - INFO - failed
2026-09-27 15:05:23,712 - __main__ - INFO - 13
2026-09-27 15:05:23,730 - __main__ - INFO - failed
2026-09-27 15:05:23,730 - __main__ - INFO - 14
2026-09-27 15:05:23,748 - __main__ - INFO - failed
2026-09-27 15:05:23,748 - __main__ - INFO - 15
2026-09-27 15:05:25,532 - __main__ - INFO - failed
2026-09-27 15:05:25,532 - __main__ - INFO - 30
2026-09-27 15:05:25,964 - __main__ - INFO - failed
2026-09-27 15:05:25,964 - __main__ - INFO - 18
2026-09-27 15:05:25,982 - __main__ - INFO - failed
2026-09-27 15:05:25,982 - __main__ - INFO - 19
2026-09-27 15:05:26,000 - __main__ - INFO - failed
2026-09-27 15:05:26,000 - __main__ - INFO - 20
2026-09-27 15:05:27,097 - __main__ - INFO - failed
2026-09-27 15:05:27,097 - __main__ - INFO - 22
2026-09-27 15:05:27,115 - __main__ - INFO - failed
2026-09-27 15:05:27,115 - __main__ - INFO - 23
2026-09-27 15:05:27,134 - __main__ - INFO - failed
2026-09-27 15:05:27,134 - __main__ - INFO - 24
2026-09-27 15:05:27,762 - __main__ - INFO - failed
2026-09-27 15:05:27,763 - __main__ - INFO - 33
2026-09-27 15:05:27,781 - __main__ - INFO - failed
2026-09-27 15:05:27,781 - __main__ - INFO - 34
2026-09-27 15:05:27,800 - __main__ - INFO - failed
2026-09-27 15:05:27,800 - __main__ - INFO - 0
2026-09-27 15:05:27,818 - __main__ - INFO - failed
2026-09-27 15:05:27,818 - __main__ - INFO - 1
2026-09-27 15:05:27,836 - __main__ - INFO - failed
2026-09-27 15:05:27,836 - __main__ - INFO - 2
2026-09-27 15:05:27,854 - __main__ - INFO - failed
2026-09-27 15:05:27,854 - __main__ - INFO - 3
2026-09-27 15:05:27,871 - __main__ - INFO - failed
2026-09-27 15:05:27,871 - __main__ - INFO - 4
2026-09-27 15:05:27,889 - __main__ - INFO - failed
2026-09-27 15:05:27,889 - __main__ - INFO - 5
2026-09-27 15:05:28,230 - __main__ - INFO - failed
2026-09-27 15:05:28,230 - __main__ - INFO - 26
2026-09-27 15:05:29,325 - __main__ - INFO - failed
2026-09-27 15:05:29,325 - __main__ - INFO - 28
2026-09-27 15:05:29,343 - __main__ - INFO - failed
2026-09-27 15:05:29,343 - __main__ - INFO - 29
2026-09-27 15:05:29,361 - __main__ - INFO - failed
2026-09-27 15:05:29,361 - __main__ - INFO - 30
2026-09-27 15:05:29,379 - __main__ - INFO - failed
2026-09-27 15:05:29,379 - __main__ - INFO - 31
2026-09-27 15:05:29,397 - __main__ - INFO - failed
2026-09-27 15:05:29,397 - __main__ - INFO - 32
2026-09-27 15:05:29,415 - __main__ - INFO - failed
2026-09-27 15:05:29,415 - __main__ - INFO - 33
2026-09-27 15:05:29,433 - __main__ - INFO - failed
2026-09-27 15:05:29,433 - __main__ - INFO - 34
2026-09-27 15:05:30,083 - __main__ - INFO - failed
2026-09-27 15:05:30,083 - __main__ - INFO - 8
2026-09-27 15:05:31,605 - __main__ - INFO - failed
2026-09-27 15:05:31,605 - __main__ - INFO - 2
2026-09-27 15:05:31,623 - __main__ - INFO - failed
2026-09-27 15:05:31,623 - __main__ - INFO - 3
2026-09-27 15:05:31,641 - __main__ - INFO - failed
2026-09-27 15:05:31,641 - __main__ - INFO - 4
2026-09-27 15:05:31,659 - __main__ - INFO - failed
2026-09-27 15:05:31,659 - __main__ - INFO - 5
2026-09-27 15:05:31,677 - __main__ - INFO - failed
2026-09-27 15:05:31,677 - __main__ - INFO - 6
2026-09-27 15:05:31,695 - __main__ - INFO - failed
2026-09-27 15:05:31,695 - __main__ - INFO - 7
2026-09-27 15:05:32,284 - __main__ - INFO - failed
2026-09-27 15:05:32,284 - __main__ - INFO - 11
2026-09-27 15:05:33,877 - __main__ - INFO - failed
2026-09-27 15:05:33,877 - __main__ - INFO - 10
2026-09-27 15:05:34,491 - __main__ - INFO - failed
2026-09-27 15:05:34,491 - __main__ - INFO - 14
2026-09-27 15:05:34,509 - __main__ - INFO - failed
2026-09-27 15:05:34,509 - __main__ - INFO - 15
2026-09-27 15:05:36,775 - __main__ - INFO - failed
2026-09-27 15:05:36,775 - __main__ - INFO - 18
2026-09-27 15:05:36,793 - __main__ - INFO - failed
2026-09-27 15:05:36,794 - __main__ - INFO - 19
2026-09-27 15:05:36,812 - __main__ - INFO - failed
2026-09-27 15:05:36,812 - __main__ - INFO - 20
2026-09-27 15:05:37,245 - __main__ - INFO - failed
2026-09-27 15:05:37,245 - __main__ - INFO - 14
2026-09-27 15:05:39,001 - __main__ - INFO - failed
2026-09-27 15:05:39,002 - __main__ - INFO - 23
2026-09-27 15:05:39,518 - __main__ - INFO - failed
2026-09-27 15:05:39,518 - __main__ - INFO - 17
2026-09-27 15:05:39,536 - __main__ - INFO - failed
2026-09-27 15:05:39,536 - __main__ - INFO - 18
2026-09-27 15:05:41,215 - __main__ - INFO - failed
2026-09-27 15:05:41,215 - __main__ - INFO - 26
2026-09-27 15:05:41,233 - __main__ - INFO - failed
2026-09-27 15:05:41,233 - __main__ - INFO - 27
2026-09-27 15:05:41,710 - __main__ - INFO - failed
2026-09-27 15:05:41,710 - __main__ - INFO - 21
2026-09-27 15:05:41,728 - __main__ - INFO - failed
2026-09-27 15:05:41,728 - __main__ - INFO - 22
2026-09-27 15:05:42,358 - __main__ - INFO - failed
2026-09-27 15:05:42,358 - __main__ - INFO - 29
2026-09-27 15:05:42,376 - __main__ - INFO - failed
2026-09-27 15:05:42,376 - __main__ - INFO - 30
2026-09-27 15:05:42,394 - __main__ - INFO - failed
2026-09-27 15:05:42,395 - __main__ - INFO - 31
2026-09-27 15:05:42,854 - __main__ - INFO - failed
2026-09-27 15:05:42,854 - __main__ - INFO - 24
2026-09-27 15:05:42,872 - __main__ - INFO - failed
2026-09-27 15:05:42,872 - __main__ - INFO - 25
2026-09-27 15:05:44,596 - __main__ - INFO - failed
2026-09-27 15:05:44,596 - __main__ - INFO - 34
2026-09-27 15:05:44,615 - __main__ - INFO - failed
2026-09-27 15:05:44,615 - __main__ - INFO - 0
2026-09-27 15:05:44,633 - __main__ - INFO - failed
2026-09-27 15:05:44,633 - __main__ - INFO - 1
2026-09-27 15:05:44,651 - __main__ - INFO - failed
2026-09-27 15:05:44,651 - __main__ - INFO - 2
2026-09-27 15:05:45,107 - __main__ - INFO - failed
2026-09-27 15:05:45,108 - __main__ - INFO - 28
2026-09-27 15:05:45,758 - __main__ - INFO - failed
2026-09-27 15:05:45,758 - __main__ - INFO - 4
2026-09-27 15:05:45,776 - __main__ - INFO - failed
2026-09-27 15:05:45,776 - __main__ - INFO - 5
2026-09-27 15:05:45,794 - __main__ - INFO - failed
2026-09-27 15:05:45,794 - __main__ - INFO - 6
2026-09-27 15:05:45,812 - __main__ - INFO - failed
2026-09-27 15:05:45,812 - __main__ - INFO - 7
2026-09-27 15:05:45,830 - __main__ - INFO - failed
2026-09-27 15:05:45,830 - __main__ - INFO - 8
2026-09-27 15:05:46,195 - __main__ - INFO - failed
2026-09-27 15:05:46,195 - __main__ - INFO - 30
2026-09-27 15:05:46,213 - __main__ - INFO - failed
2026-09-27 15:05:46,214 - __main__ - INFO - 31
2026-09-27 15:05:46,231 - __main__ - INFO - failed
2026-09-27 15:05:46,231 - __main__ - INFO - 32
2026-09-27 15:05:47,365 - __main__ - INFO - failed
2026-09-27 15:05:47,365 - __main__ - INFO - 34
2026-09-27 15:05:47,384 - __main__ - INFO - failed
2026-09-27 15:05:47,385 - __main__ - INFO - 0
2026-09-27 15:05:50,255 - __main__ - INFO - failed
2026-09-27 15:05:50,255 - __main__ - INFO - 13
2026-09-27 15:05:50,273 - __main__ - INFO - failed
2026-09-27 15:05:50,273 - __main__ - INFO - 14
2026-09-27 15:05:50,291 - __main__ - INFO - failed
2026-09-27 15:05:50,291 - __main__ - INFO - 15
2026-09-27 15:05:50,309 - __main__ - INFO - failed
2026-09-27 15:05:50,309 - __main__ - INFO - 16
2026-09-27 15:05:50,327 - __main__ - INFO - failed
2026-09-27 15:05:50,327 - __main__ - INFO - 17
2026-09-27 15:05:50,702 - __main__ - INFO - failed
2026-09-27 15:05:50,702 - __main__ - INFO - 4
2026-09-27 15:05:50,720 - __main__ - INFO - failed
2026-09-27 15:05:50,720 - __main__ - INFO - 5
2026-09-27 15:05:51,415 - __main__ - INFO - failed
2026-09-27 15:05:51,415 - __main__ - INFO - 19
2026-09-27 15:05:51,822 - __main__ - INFO - failed
2026-09-27 15:05:51,822 - __main__ - INFO - 7
2026-09-27 15:05:53,640 - __main__ - INFO - failed
2026-09-27 15:05:53,640 - __main__ - INFO - 22
2026-09-27 15:05:53,658 - __main__ - INFO - failed
2026-09-27 15:05:53,658 - __main__ - INFO - 23
2026-09-27 15:05:54,745 - __main__ - INFO - failed
2026-09-27 15:05:54,745 - __main__ - INFO - 25
2026-09-27 15:05:55,184 - __main__ - INFO - failed
2026-09-27 15:05:55,184 - __main__ - INFO - 11
2026-09-27 15:05:56,927 - __main__ - INFO - failed
2026-09-27 15:05:56,927 - __main__ - INFO - 28
2026-09-27 15:05:56,945 - __main__ - INFO - failed
2026-09-27 15:05:56,945 - __main__ - INFO - 29
2026-09-27 15:05:56,963 - __main__ - INFO - failed
2026-09-27 15:05:56,963 - __main__ - INFO - 30
2026-09-27 15:05:56,981 - __main__ - INFO - failed
2026-09-27 15:05:56,981 - __main__ - INFO - 31
2026-09-27 15:05:58,115 - __main__ - INFO - failed
2026-09-27 15:05:58,115 - __main__ - INFO - 33
2026-09-27 15:05:58,133 - __main__ - INFO - failed
2026-09-27 15:05:58,133 - __main__ - INFO - 34
2026-09-27 15:06:00,722 - __main__ - INFO - failed
2026-09-27 15:06:00,723 - __main__ - INFO - 17
2026-09-27 15:06:02,930 - __main__ - INFO - failed
2026-09-27 15:06:02,930 - __main__ - INFO - 20
2026-09-27 15:06:05,162 - __main__ - INFO - failed
2026-09-27 15:06:05,162 - __main__ - INFO - 23
2026-09-27 15:06:06,263 - __main__ - INFO - failed
2026-09-27 15:06:06,263 - __main__ - INFO - 25
2026-09-27 15:06:06,281 - __main__ - INFO - failed
2026-09-27 15:06:06,281 - __main__ - INFO - 26
2026-09-27 15:06:06,299 - __main__ - INFO - failed
2026-09-27 15:06:06,299 - __main__ - INFO - 27
2026-09-27 15:06:06,317 - __main__ - INFO - failed
2026-09-27 15:06:06,317 - __main__ - INFO - 28
2026-09-27 15:06:06,335 - __main__ - INFO - failed
2026-09-27 15:06:06,335 - __main__ - INFO - 29
2026-09-27 15:06:07,434 - __main__ - INFO - failed
2026-09-27 15:06:07,435 - __main__ - INFO - 31
2026-09-27 15:06:07,453 - __main__ - INFO - failed
2026-09-27 15:06:07,453 - __main__ - INFO - 32
2026-09-27 15:06:07,471 - __main__ - INFO - failed
2026-09-27 15:06:07,471 - __main__ - INFO - 33
2026-09-27 15:06:08,612 - __main__ - INFO - failed
2026-09-27 15:06:08,612 - __main__ - INFO - 0
2026-09-27 15:06:10,866 - __main__ - INFO - failed
2026-09-27 15:06:10,866 - __main__ - INFO - 3
2026-09-27 15:06:10,884 - __main__ - INFO - failed
2026-09-27 15:06:10,884 - __main__ - INFO - 4
2026-09-27 15:06:12,081 - __main__ - INFO - failed
2026-09-27 15:06:12,081 - __main__ - INFO - 6
2026-09-27 15:06:12,099 - __main__ - INFO - failed
2026-09-27 15:06:12,099 - __main__ - INFO - 7
2026-09-27 15:06:14,341 - __main__ - INFO - failed
2026-09-27 15:06:14,341 - __main__ - INFO - 10
2026-09-27 15:06:14,360 - __main__ - INFO - failed
2026-09-27 15:06:14,360 - __main__ - INFO - 11
2026-09-27 15:06:14,378 - __main__ - INFO - failed
2026-09-27 15:06:14,378 - __main__ - INFO - 12
2026-09-27 15:06:15,484 - __main__ - INFO - failed
2026-09-27 15:06:15,484 - __main__ - INFO - 14
2026-09-27 15:06:15,502 - __main__ - INFO - failed
2026-09-27 15:06:15,502 - __main__ - INFO - 15
2026-09-27 15:06:16,620 - __main__ - INFO - failed
2026-09-27 15:06:16,621 - __main__ - INFO - 17
2026-09-27 15:06:17,778 - __main__ - INFO - failed
2026-09-27 15:06:17,779 - __main__ - INFO - 19
2026-09-27 15:06:17,797 - __main__ - INFO - failed
2026-09-27 15:06:17,797 - __main__ - INFO - 20
2026-09-27 15:06:17,815 - __main__ - INFO - failed
2026-09-27 15:06:17,815 - __main__ - INFO - 21
2026-09-27 15:06:17,833 - __main__ - INFO - failed
2026-09-27 15:06:17,833 - __main__ - INFO - 22
2026-09-27 15:06:17,851 - __main__ - INFO - failed
2026-09-27 15:06:17,851 - __main__ - INFO - 23
2026-09-27 15:06:17,869 - __main__ - INFO - failed
2026-09-27 15:06:17,869 - __main__ - INFO - 24
2026-09-27 15:06:17,887 - __main__ - INFO - failed
2026-09-27 15:06:17,887 - __main__ - INFO - 25
2026-09-27 15:06:20,384 - __main__ - INFO - failed
2026-09-27 15:06:20,384 - __main__ - INFO - 28
2026-09-27 15:06:22,599 - __main__ - INFO - failed
2026-09-27 15:06:22,599 - __main__ - INFO - 31
2026-09-27 15:06:23,733 - __main__ - INFO - failed
2026-09-27 15:06:23,733 - __main__ - INFO - 33
2026-09-27 15:06:23,751 - __main__ - INFO - failed
2026-09-27 15:06:23,752 - __main__ - INFO - 34
2026-09-27 15:06:23,753 - __main__ - INFO - running Us mob
2026-09-27 15:06:23,754 - __main__ - INFO - running Us mob
2026-09-27 15:06:23,754 - __main__ - INFO - running Us mob
2026-09-27 15:06:23,807 - __main__ - INFO - failed
2026-09-27 15:06:23,807 - __main__ - INFO - failed
2026-09-27 15:06:23,807 - __main__ - INFO - failed
2026-09-27 15:06:23,807 - __main__ - INFO - 0
2026-09-27 15:06:23,808 - __main__ - INFO - 0
2026-09-27 15:06:23,808 - __main__ - INFO - 0
2026-09-27 15:06:23,861 - __main__ - INFO - failed
2026-09-27 15:06:23,862 - __main__ - INFO - failed
2026-09-27 15:06:23,863 - __main__ - INFO - failed
2026-09-27 15:06:23,863 - __main__ - INFO - 1
2026-09-27 15:06:23,863 - __main__ - INFO - 1
2026-09-27 15:06:23,863 - __main__ - INFO - 1
2026-09-27 15:06:23,917 - __main__ - INFO - failed
2026-09-27 15:06:23,919 - __main__ - INFO - 2
2026-09-27 15:06:23,919 - __main__ - INFO - failed
2026-09-27 15:06:23,919 - __main__ - INFO - 2
2026-09-27 15:06:23,938 - __main__ - INFO - failed
2026-09-27 15:06:23,957 - __main__ - INFO - 3
2026-09-27 15:06:23,957 - __main__ - INFO - failed
2026-09-27 15:06:23,957 - __main__ - INFO - 3
2026-09-27 15:06:23,994 - __main__ - INFO - failed
2026-09-27 15:06:23,995 - __main__ - INFO - failed
2026-09-27 15:06:23,995 - __main__ - INFO - 4
2026-09-27 15:06:23,995 - __main__ - INFO - 4
2026-09-27 15:06:24,033 - __main__ - INFO - failed
2026-09-27 15:06:24,033 - __main__ - INFO - 5
2026-09-27 15:06:25,182 - __main__ - INFO - failed
2026-09-27 15:06:25,183 - __main__ - INFO - 3
2026-09-27 15:06:25,202 - __main__ - INFO - failed
2026-09-27 15:06:25,220 - __main__ - INFO - 4
2026-09-27 15:06:25,240 - __main__ - INFO - failed
2026-09-27 15:06:25,240 - __main__ - INFO - 5
2026-09-27 15:06:26,222 - __main__ - INFO - failed
2026-09-27 15:06:26,222 - __main__ - INFO - 7
2026-09-27 15:06:26,240 - __main__ - INFO - failed
2026-09-27 15:06:26,240 - __main__ - INFO - 8
2026-09-27 15:06:26,258 - __main__ - INFO - failed
2026-09-27 15:06:26,258 - __main__ - INFO - 9
2026-09-27 15:06:26,276 - __main__ - INFO - failed
2026-09-27 15:06:26,276 - __main__ - INFO - 10
2026-09-27 15:06:26,294 - __main__ - INFO - failed
2026-09-27 15:06:26,294 - __main__ - INFO - 11
2026-09-27 15:06:26,386 - __main__ - INFO - failed
2026-09-27 15:06:26,386 - __main__ - INFO - 8
2026-09-27 15:06:26,422 - __main__ - INFO - failed
2026-09-27 15:06:26,424 - __main__ - INFO - 9
2026-09-27 15:06:27,877 - __main__ - INFO - failed
2026-09-27 15:06:27,877 - __main__ - INFO - 8
2026-09-27 15:06:28,544 - __main__ - INFO - failed
2026-09-27 15:06:28,544 - __main__ - INFO - 14
2026-09-27 15:06:28,562 - __main__ - INFO - failed
2026-09-27 15:06:28,562 - __main__ - INFO - 15
2026-09-27 15:06:28,580 - __main__ - INFO - failed
2026-09-27 15:06:28,580 - __main__ - INFO - 16
2026-09-27 15:06:28,598 - __main__ - INFO - failed
2026-09-27 15:06:28,598 - __main__ - INFO - 17
2026-09-27 15:06:28,616 - __main__ - INFO - failed
2026-09-27 15:06:28,616 - __main__ - INFO - 18
2026-09-27 15:06:29,733 - __main__ - INFO - failed
2026-09-27 15:06:29,733 - __main__ - INFO - 20
2026-09-27 15:06:29,751 - __main__ - INFO - failed
2026-09-27 15:06:29,751 - __main__ - INFO - 21
2026-09-27 15:06:29,770 - __main__ - INFO - failed
2026-09-27 15:06:29,770 - __main__ - INFO - 0
2026-09-27 15:06:29,788 - __main__ - INFO - failed
2026-09-27 15:06:29,788 - __main__ - INFO - 1
2026-09-27 15:06:29,806 - __main__ - INFO - failed
2026-09-27 15:06:29,824 - __main__ - INFO - 2
2026-09-27 15:06:29,824 - __main__ - INFO - failed
2026-09-27 15:06:29,824 - __main__ - INFO - 13
2026-09-27 15:06:29,860 - __main__ - INFO - failed
2026-09-27 15:06:29,861 - __main__ - INFO - failed
2026-09-27 15:06:29,861 - __main__ - INFO - 3
2026-09-27 15:06:29,861 - __main__ - INFO - 14
2026-09-27 15:06:29,898 - __main__ - INFO - failed
2026-09-27 15:06:29,899 - __main__ - INFO - 4
2026-09-27 15:06:31,020 - __main__ - INFO - failed
2026-09-27 15:06:31,020 - __main__ - INFO - 6
2026-09-27 15:06:31,038 - __main__ - INFO - failed
2026-09-27 15:06:31,038 - __main__ - INFO - 7
2026-09-27 15:06:31,522 - __main__ - INFO - failed
2026-09-27 15:06:31,522 - __main__ - INFO - 12
2026-09-27 15:06:31,541 - __main__ - INFO - failed
2026-09-27 15:06:31,541 - __main__ - INFO - 13
2026-09-27 15:06:31,559 - __main__ - INFO - failed
2026-09-27 15:06:31,559 - __main__ - INFO - 14
2026-09-27 15:06:31,577 - __main__ - INFO - failed
2026-09-27 15:06:31,577 - __main__ - INFO - 15
2026-09-27 15:06:31,595 - __main__ - INFO - failed
2026-09-27 15:06:31,595 - __main__ - INFO - 16
2026-09-27 15:06:32,159 - __main__ - INFO - failed
2026-09-27 15:06:32,159 - __main__ - INFO - 9
2026-09-27 15:06:34,886 - __main__ - INFO - failed
2026-09-27 15:06:34,887 - __main__ - INFO - 20
2026-09-27 15:06:35,476 - __main__ - INFO - failed
2026-09-27 15:06:35,476 - __main__ - INFO - 13
2026-09-27 15:06:35,530 - __main__ - INFO - failed
2026-09-27 15:06:35,530 - __main__ - INFO - 20
2026-09-27 15:06:35,991 - __main__ - INFO - failed
2026-09-27 15:06:35,991 - __main__ - INFO - 0
2026-09-27 15:06:36,010 - __main__ - INFO - failed
2026-09-27 15:06:36,010 - __main__ - INFO - 1
2026-09-27 15:06:36,587 - __main__ - INFO - failed
2026-09-27 15:06:36,587 - __main__ - INFO - 15
2026-09-27 15:06:36,605 - __main__ - INFO - failed
2026-09-27 15:06:36,605 - __main__ - INFO - 16
2026-09-27 15:06:36,623 - __main__ - INFO - failed
2026-09-27 15:06:36,624 - __main__ - INFO - 17
2026-09-27 15:06:36,642 - __main__ - INFO - failed
2026-09-27 15:06:36,642 - __main__ - INFO - 18
2026-09-27 15:06:36,660 - __main__ - INFO - failed
2026-09-27 15:06:36,660 - __main__ - INFO - 19
2026-09-27 15:06:36,678 - __main__ - INFO - failed
2026-09-27 15:06:36,678 - __main__ - INFO - 20
2026-09-27 15:06:37,832 - __main__ - INFO - failed
2026-09-27 15:06:37,833 - __main__ - INFO - failed
2026-09-27 15:06:37,833 - __main__ - INFO - 1
2026-09-27 15:06:37,833 - __main__ - INFO - 0
2026-09-27 15:06:37,870 - __main__ - INFO - failed
2026-09-27 15:06:37,870 - __main__ - INFO - 1
2026-09-27 15:06:37,889 - __main__ - INFO - failed
2026-09-27 15:06:37,889 - __main__ - INFO - 2
2026-09-27 15:06:37,907 - __main__ - INFO - failed
2026-09-27 15:06:37,907 - __main__ - INFO - 3
2026-09-27 15:06:39,363 - __main__ - INFO - failed
2026-09-27 15:06:39,363 - __main__ - INFO - 5
2026-09-27 15:06:39,381 - __main__ - INFO - failed
2026-09-27 15:06:39,382 - __main__ - INFO - 6
2026-09-27 15:06:39,400 - __main__ - INFO - failed
2026-09-27 15:06:39,400 - __main__ - INFO - 7
2026-09-27 15:06:39,418 - __main__ - INFO - failed
2026-09-27 15:06:39,418 - __main__ - INFO - 8
2026-09-27 15:06:40,121 - __main__ - INFO - failed
2026-09-27 15:06:40,121 - __main__ - INFO - 4
2026-09-27 15:06:40,157 - __main__ - INFO - failed
2026-09-27 15:06:40,157 - __main__ - INFO - 5
2026-09-27 15:06:40,177 - __main__ - INFO - failed
2026-09-27 15:06:40,177 - __main__ - INFO - 6
2026-09-27 15:06:40,574 - __main__ - INFO - failed
2026-09-27 15:06:40,574 - __main__ - INFO - 10
2026-09-27 15:06:40,592 - __main__ - INFO - failed
2026-09-27 15:06:40,592 - __main__ - INFO - 11
2026-09-27 15:06:41,298 - __main__ - INFO - failed
2026-09-27 15:06:41,298 - __main__ - INFO - 7
2026-09-27 15:06:42,442 - __main__ - INFO - failed
2026-09-27 15:06:42,442 - __main__ - INFO - 9
2026-09-27 15:06:42,460 - __main__ - INFO - failed
2026-09-27 15:06:42,478 - __main__ - INFO - 10
2026-09-27 15:06:42,478 - __main__ - INFO - failed
2026-09-27 15:06:42,478 - __main__ - INFO - 9
2026-09-27 15:06:42,514 - __main__ - INFO - failed
2026-09-27 15:06:42,514 - __main__ - INFO - 10
2026-09-27 15:06:42,533 - __main__ - INFO - failed
2026-09-27 15:06:42,533 - __main__ - INFO - 11
2026-09-27 15:06:43,649 - __main__ - INFO - failed
2026-09-27 15:06:43,649 - __main__ - INFO - 13
2026-09-27 15:06:44,776 - __main__ - INFO - failed
2026-09-27 15:06:44,777 - __main__ - INFO - 13
2026-09-27 15:06:44,795 - __main__ - INFO - failed
2026-09-27 15:06:44,795 - __main__ - INFO - 14
2026-09-27 15:06:44,830 - __main__ - INFO - failed
2026-09-27 15:06:44,830 - __main__ - INFO - 15
2026-09-27 15:06:44,850 - __main__ - INFO - failed
2026-09-27 15:06:44,851 - __main__ - INFO - 16
2026-09-27 15:06:45,087 - __main__ - INFO - failed
2026-09-27 15:06:45,087 - __main__ - INFO - 16
2026-09-27 15:06:45,105 - __main__ - INFO - failed
2026-09-27 15:06:45,105 - __main__ - INFO - 17
2026-09-27 15:06:45,123 - __main__ - INFO - failed
2026-09-27 15:06:45,123 - __main__ - INFO - 18
2026-09-27 15:06:45,141 - __main__ - INFO - failed
2026-09-27 15:06:45,141 - __main__ - INFO - 19
2026-09-27 15:06:45,160 - __main__ - INFO - failed
2026-09-27 15:06:45,160 - __main__ - INFO - 20
2026-09-27 15:06:45,178 - __main__ - INFO - failed
2026-09-27 15:06:45,178 - __main__ - INFO - 21
2026-09-27 15:06:45,992 - __main__ - INFO - failed
2026-09-27 15:06:45,992 - __main__ - INFO - 18
2026-09-27 15:06:46,028 - __main__ - INFO - failed
2026-09-27 15:06:46,028 - __main__ - INFO - 19
2026-09-27 15:06:46,047 - __main__ - INFO - failed
2026-09-27 15:06:46,047 - __main__ - INFO - 20
2026-09-27 15:06:46,066 - __main__ - INFO - failed
2026-09-27 15:06:46,066 - __main__ - INFO - 21
2026-09-27 15:06:46,291 - __main__ - INFO - failed
2026-09-27 15:06:46,291 - __main__ - INFO - 1
2026-09-27 15:06:46,309 - __main__ - INFO - failed
2026-09-27 15:06:46,309 - __main__ - INFO - 2
2026-09-27 15:06:46,327 - __main__ - INFO - failed
2026-09-27 15:06:46,327 - __main__ - INFO - 3
2026-09-27 15:06:47,201 - __main__ - INFO - failed
2026-09-27 15:06:47,201 - __main__ - INFO - 17
2026-09-27 15:06:48,306 - __main__ - INFO - failed
2026-09-27 15:06:48,306 - __main__ - INFO - 2
2026-09-27 15:06:48,324 - __main__ - INFO - failed
2026-09-27 15:06:48,342 - __main__ - INFO - failed
2026-09-27 15:06:48,342 - __main__ - INFO - 3
2026-09-27 15:06:48,342 - __main__ - INFO - 19
2026-09-27 15:06:48,546 - __main__ - INFO - failed
2026-09-27 15:06:48,546 - __main__ - INFO - 6
2026-09-27 15:06:48,564 - __main__ - INFO - failed
2026-09-27 15:06:48,565 - __main__ - INFO - 7
2026-09-27 15:06:48,583 - __main__ - INFO - failed
2026-09-27 15:06:48,583 - __main__ - INFO - 8
2026-09-27 15:06:48,601 - __main__ - INFO - failed
2026-09-27 15:06:48,601 - __main__ - INFO - 9
2026-09-27 15:06:48,619 - __main__ - INFO - failed
2026-09-27 15:06:48,619 - __main__ - INFO - 10
2026-09-27 15:06:48,637 - __main__ - INFO - failed
2026-09-27 15:06:48,637 - __main__ - INFO - 11
2026-09-27 15:06:49,498 - __main__ - INFO - failed
2026-09-27 15:06:49,498 - __main__ - INFO - 21
2026-09-27 15:06:49,536 - __main__ - INFO - failed
2026-09-27 15:06:49,536 - __main__ - INFO - 5
2026-09-27 15:06:49,555 - __main__ - INFO - failed
2026-09-27 15:06:49,555 - __main__ - INFO - 6
2026-09-27 15:06:49,574 - __main__ - INFO - failed
2026-09-27 15:06:49,574 - __main__ - INFO - 7
2026-09-27 15:06:49,592 - __main__ - INFO - failed
2026-09-27 15:06:49,592 - __main__ - INFO - 8
2026-09-27 15:06:49,610 - __main__ - INFO - failed
2026-09-27 15:06:49,611 - __main__ - INFO - 9
2026-09-27 15:06:49,628 - __main__ - INFO - failed
2026-09-27 15:06:49,629 - __main__ - INFO - 10
2026-09-27 15:06:49,647 - __main__ - INFO - failed
2026-09-27 15:06:49,647 - __main__ - INFO - 11
2026-09-27 15:06:49,665 - __main__ - INFO - failed
2026-09-27 15:06:49,665 - __main__ - INFO - 12
2026-09-27 15:06:50,828 - __main__ - INFO - failed
2026-09-27 15:06:50,829 - __main__ - INFO - 14
2026-09-27 15:06:51,869 - __main__ - INFO - failed
2026-09-27 15:06:51,870 - __main__ - INFO - 15
2026-09-27 15:06:51,888 - __main__ - INFO - failed
2026-09-27 15:06:51,888 - __main__ - INFO - 16
2026-09-27 15:06:54,140 - __main__ - INFO - failed
2026-09-27 15:06:54,140 - __main__ - INFO - 19
2026-09-27 15:06:55,278 - __main__ - INFO - failed
2026-09-27 15:06:55,296 - __main__ - INFO - 19
2026-09-27 15:06:55,296 - __main__ - INFO - failed
2026-09-27 15:06:55,331 - __main__ - INFO - failed
2026-09-27 15:06:55,331 - __main__ - INFO - 5
2026-09-27 15:06:55,332 - __main__ - INFO - 21
2026-09-27 15:06:55,353 - __main__ - INFO - failed
2026-09-27 15:06:55,371 - __main__ - INFO - failed
2026-09-27 15:06:55,371 - __main__ - INFO - 6
2026-09-27 15:06:55,371 - __main__ - INFO - 0
2026-09-27 15:06:55,409 - __main__ - INFO - failed
2026-09-27 15:06:55,410 - __main__ - INFO - failed
2026-09-27 15:06:55,410 - __main__ - INFO - 1
2026-09-27 15:06:55,410 - __main__ - INFO - 7
2026-09-27 15:06:55,446 - __main__ - INFO - failed
2026-09-27 15:06:55,447 - __main__ - INFO - 2
2026-09-27 15:06:55,466 - __main__ - INFO - failed
2026-09-27 15:06:55,467 - __main__ - INFO - 3
2026-09-27 15:06:56,585 - __main__ - INFO - failed
2026-09-27 15:06:56,585 - __main__ - INFO - 9
2026-09-27 15:06:56,604 - __main__ - INFO - failed
2026-09-27 15:06:56,604 - __main__ - INFO - 10
2026-09-27 15:06:57,733 - __main__ - INFO - failed
2026-09-27 15:06:57,733 - __main__ - INFO - 12
2026-09-27 15:06:57,751 - __main__ - INFO - failed
2026-09-27 15:06:57,752 - __main__ - INFO - 13
2026-09-27 15:06:58,770 - __main__ - INFO - failed
2026-09-27 15:06:58,770 - __main__ - INFO - 1
2026-09-27 15:06:58,857 - __main__ - INFO - failed
2026-09-27 15:06:58,857 - __main__ - INFO - 15
2026-09-27 15:06:58,876 - __main__ - INFO - failed
2026-09-27 15:06:58,877 - __main__ - INFO - 16
2026-09-27 15:06:59,926 - __main__ - INFO - failed
2026-09-27 15:06:59,926 - __main__ - INFO - 3
2026-09-27 15:06:59,946 - __main__ - INFO - failed
2026-09-27 15:06:59,946 - __main__ - INFO - 4
2026-09-27 15:06:59,964 - __main__ - INFO - failed
2026-09-27 15:06:59,964 - __main__ - INFO - 5
2026-09-27 15:06:59,982 - __main__ - INFO - failed
2026-09-27 15:06:59,982 - __main__ - INFO - 6
2026-09-27 15:07:01,039 - __main__ - INFO - failed
2026-09-27 15:07:01,040 - __main__ - INFO - 9
2026-09-27 15:07:01,058 - __main__ - INFO - failed
2026-09-27 15:07:01,058 - __main__ - INFO - 10
2026-09-27 15:07:01,168 - __main__ - INFO - failed
2026-09-27 15:07:01,169 - __main__ - INFO - 19
2026-09-27 15:07:02,293 - __main__ - INFO - failed
2026-09-27 15:07:02,294 - __main__ - INFO - 21
2026-09-27 15:07:02,313 - __main__ - INFO - failed
2026-09-27 15:07:02,313 - __main__ - INFO - 0
2026-09-27 15:07:02,333 - __main__ - INFO - failed
2026-09-27 15:07:02,334 - __main__ - INFO - 1
2026-09-27 15:07:02,352 - __main__ - INFO - failed
2026-09-27 15:07:02,352 - __main__ - INFO - 2
2026-09-27 15:07:02,370 - __main__ - INFO - failed
2026-09-27 15:07:02,370 - __main__ - INFO - 3
2026-09-27 15:07:03,267 - __main__ - INFO - failed
2026-09-27 15:07:03,267 - __main__ - INFO - 13
2026-09-27 15:07:03,285 - __main__ - INFO - failed
2026-09-27 15:07:03,285 - __main__ - INFO - 14
2026-09-27 15:07:04,402 - __main__ - INFO - failed
2026-09-27 15:07:04,402 - __main__ - INFO - 16
2026-09-27 15:07:06,634 - __main__ - INFO - failed
2026-09-27 15:07:06,635 - __main__ - INFO - 19
2026-09-27 15:07:06,653 - __main__ - INFO - failed
2026-09-27 15:07:06,653 - __main__ - INFO - 20
2026-09-27 15:07:06,671 - __main__ - INFO - failed
2026-09-27 15:07:06,671 - __main__ - INFO - 21
2026-09-27 15:07:06,709 - __main__ - INFO - failed
2026-09-27 15:07:06,709 - __main__ - INFO - 13
2026-09-27 15:07:06,728 - __main__ - INFO - failed
2026-09-27 15:07:06,728 - __main__ - INFO - 14
2026-09-27 15:07:06,748 - __main__ - INFO - failed
2026-09-27 15:07:06,748 - __main__ - INFO - 15
2026-09-27 15:07:07,831 - __main__ - INFO - failed
2026-09-27 15:07:07,831 - __main__ - INFO - 1
2026-09-27 15:07:07,849 - __main__ - INFO - failed
2026-09-27 15:07:07,850 - __main__ - INFO - 2
2026-09-27 15:07:07,905 - __main__ - INFO - failed
2026-09-27 15:07:07,905 - __main__ - INFO - 17
2026-09-27 15:07:08,988 - __main__ - INFO - failed
2026-09-27 15:07:08,988 - __main__ - INFO - 4
2026-09-27 15:07:09,006 - __main__ - INFO - failed
2026-09-27 15:07:09,006 - __main__ - INFO - 5
2026-09-27 15:07:09,043 - __main__ - INFO - failed
2026-09-27 15:07:09,061 - __main__ - INFO - 6
2026-09-27 15:07:09,061 - __main__ - INFO - failed
2026-09-27 15:07:09,061 - __main__ - INFO - 19
2026-09-27 15:07:09,097 - __main__ - INFO - failed
2026-09-27 15:07:09,099 - __main__ - INFO - 20
2026-09-27 15:07:09,118 - __main__ - INFO - failed
2026-09-27 15:07:09,119 - __main__ - INFO - 21
2026-09-27 15:07:09,138 - __main__ - INFO - failed
2026-09-27 15:07:09,138 - __main__ - INFO - 0
2026-09-27 15:07:09,159 - __main__ - INFO - failed
2026-09-27 15:07:09,159 - __main__ - INFO - 1
2026-09-27 15:07:09,177 - __main__ - INFO - failed
2026-09-27 15:07:09,178 - __main__ - INFO - 2
2026-09-27 15:07:09,197 - __main__ - INFO - failed
2026-09-27 15:07:09,197 - __main__ - INFO - 3
2026-09-27 15:07:09,215 - __main__ - INFO - failed
2026-09-27 15:07:09,215 - __main__ - INFO - 4
2026-09-27 15:07:09,233 - __main__ - INFO - failed
2026-09-27 15:07:09,233 - __main__ - INFO - 5
2026-09-27 15:07:10,198 - __main__ - INFO - failed
2026-09-27 15:07:10,198 - __main__ - INFO - 11
2026-09-27 15:07:10,216 - __main__ - INFO - failed
2026-09-27 15:07:10,216 - __main__ - INFO - 12
2026-09-27 15:07:11,377 - __main__ - INFO - failed
2026-09-27 15:07:11,377 - __main__ - INFO - 9
2026-09-27 15:07:11,414 - __main__ - INFO - failed
2026-09-27 15:07:11,414 - __main__ - INFO - 10
2026-09-27 15:07:11,432 - __main__ - INFO - failed
2026-09-27 15:07:11,433 - __main__ - INFO - 11
2026-09-27 15:07:11,453 - __main__ - INFO - failed
2026-09-27 15:07:11,453 - __main__ - INFO - 12
2026-09-27 15:07:11,471 - __main__ - INFO - failed
2026-09-27 15:07:11,471 - __main__ - INFO - 13
2026-09-27 15:07:11,489 - __main__ - INFO - failed
2026-09-27 15:07:11,489 - __main__ - INFO - 14
2026-09-27 15:07:11,508 - __main__ - INFO - failed
2026-09-27 15:07:11,527 - __main__ - INFO - 15
2026-09-27 15:07:11,546 - __main__ - INFO - failed
2026-09-27 15:07:11,546 - __main__ - INFO - 16
2026-09-27 15:07:11,565 - __main__ - INFO - failed
2026-09-27 15:07:11,565 - __main__ - INFO - 17
2026-09-27 15:07:12,665 - __main__ - INFO - failed
2026-09-27 15:07:12,665 - __main__ - INFO - 9
2026-09-27 15:07:12,683 - __main__ - INFO - failed
2026-09-27 15:07:12,684 - __main__ - INFO - 10
2026-09-27 15:07:12,702 - __main__ - INFO - failed
2026-09-27 15:07:12,702 - __main__ - INFO - 11
2026-09-27 15:07:12,738 - __main__ - INFO - failed
2026-09-27 15:07:12,738 - __main__ - INFO - 12
2026-09-27 15:07:13,777 - __main__ - INFO - failed
2026-09-27 15:07:13,777 - __main__ - INFO - 16
2026-09-27 15:07:13,795 - __main__ - INFO - failed
2026-09-27 15:07:13,795 - __main__ - INFO - 17
2026-09-27 15:07:13,813 - __main__ - INFO - failed
2026-09-27 15:07:13,813 - __main__ - INFO - 18
2026-09-27 15:07:13,831 - __main__ - INFO - failed
2026-09-27 15:07:13,831 - __main__ - INFO - 19
2026-09-27 15:07:13,849 - __main__ - INFO - failed
2026-09-27 15:07:13,849 - __main__ - INFO - 20
2026-09-27 15:07:13,867 - __main__ - INFO - failed
2026-09-27 15:07:13,885 - __main__ - INFO - 21
2026-09-27 15:07:13,885 - __main__ - INFO - failed
2026-09-27 15:07:13,887 - __main__ - INFO - 14
2026-09-27 15:07:13,922 - __main__ - INFO - failed
2026-09-27 15:07:13,940 - __main__ - INFO - 20
2026-09-27 15:07:13,940 - __main__ - INFO - failed
2026-09-27 15:07:13,941 - __main__ - INFO - failed
2026-09-27 15:07:13,960 - __main__ - INFO - 0
2026-09-27 15:07:13,960 - __main__ - INFO - 15
2026-09-27 15:07:13,997 - __main__ - INFO - failed
2026-09-27 15:07:13,998 - __main__ - INFO - 16
2026-09-27 15:07:15,125 - __main__ - INFO - failed
2026-09-27 15:07:15,143 - __main__ - INFO - 0
2026-09-27 15:07:15,143 - __main__ - INFO - failed
2026-09-27 15:07:15,143 - __main__ - INFO - 2
2026-09-27 15:07:15,178 - __main__ - INFO - failed
2026-09-27 15:07:15,179 - __main__ - INFO - 1
2026-09-27 15:07:15,198 - __main__ - INFO - failed
2026-09-27 15:07:15,199 - __main__ - INFO - 2
2026-09-27 15:07:15,217 - __main__ - INFO - failed
2026-09-27 15:07:15,217 - __main__ - INFO - 3
2026-09-27 15:07:15,238 - __main__ - INFO - failed
2026-09-27 15:07:15,238 - __main__ - INFO - 4
2026-09-27 15:07:15,274 - __main__ - INFO - failed
2026-09-27 15:07:15,274 - __main__ - INFO - failed
2026-09-27 15:07:15,275 - __main__ - INFO - 5
2026-09-27 15:07:15,275 - __main__ - INFO - 18
2026-09-27 15:07:16,333 - __main__ - INFO - failed
2026-09-27 15:07:16,333 - __main__ - INFO - 4
2026-09-27 15:07:16,351 - __main__ - INFO - failed
2026-09-27 15:07:16,351 - __main__ - INFO - 5
2026-09-27 15:07:16,369 - __main__ - INFO - failed
2026-09-27 15:07:16,369 - __main__ - INFO - 6
2026-09-27 15:07:16,406 - __main__ - INFO - failed
2026-09-27 15:07:16,424 - __main__ - INFO - 20
2026-09-27 15:07:16,445 - __main__ - INFO - failed
2026-09-27 15:07:16,445 - __main__ - INFO - 21
2026-09-27 15:07:16,464 - __main__ - INFO - failed
2026-09-27 15:07:16,465 - __main__ - INFO - 0
2026-09-27 15:07:17,506 - __main__ - INFO - failed
2026-09-27 15:07:17,506 - __main__ - INFO - 8
2026-09-27 15:07:17,524 - __main__ - INFO - failed
2026-09-27 15:07:17,524 - __main__ - INFO - 9
2026-09-27 15:07:17,542 - __main__ - INFO - failed
2026-09-27 15:07:17,560 - __main__ - INFO - 10
2026-09-27 15:07:18,675 - __main__ - INFO - failed
2026-09-27 15:07:18,693 - __main__ - INFO - 12
2026-09-27 15:07:18,693 - __main__ - INFO - failed
2026-09-27 15:07:18,710 - __main__ - INFO - 9
2026-09-27 15:07:18,712 - __main__ - INFO - failed
2026-09-27 15:07:18,748 - __main__ - INFO - 13
2026-09-27 15:07:19,908 - __main__ - INFO - failed
2026-09-27 15:07:19,908 - __main__ - INFO - 11
2026-09-27 15:07:21,071 - __main__ - INFO - failed
2026-09-27 15:07:21,071 - __main__ - INFO - 5
2026-09-27 15:07:21,106 - __main__ - INFO - failed
2026-09-27 15:07:21,107 - __main__ - INFO - 13
2026-09-27 15:07:21,108 - __main__ - INFO - failed
2026-09-27 15:07:21,108 - __main__ - INFO - 6
2026-09-27 15:07:21,144 - __main__ - INFO - failed
2026-09-27 15:07:21,144 - __main__ - INFO - 7
2026-09-27 15:07:21,163 - __main__ - INFO - failed
2026-09-27 15:07:21,163 - __main__ - INFO - 8
2026-09-27 15:07:21,182 - __main__ - INFO - failed
2026-09-27 15:07:21,182 - __main__ - INFO - 9
2026-09-27 15:07:21,201 - __main__ - INFO - failed
2026-09-27 15:07:21,201 - __main__ - INFO - 10
2026-09-27 15:07:21,222 - __main__ - INFO - failed
2026-09-27 15:07:21,223 - __main__ - INFO - 11
2026-09-27 15:07:22,280 - __main__ - INFO - failed
2026-09-27 15:07:22,280 - __main__ - INFO - 15
2026-09-27 15:07:22,298 - __main__ - INFO - failed
2026-09-27 15:07:22,316 - __main__ - INFO - 16
2026-09-27 15:07:22,316 - __main__ - INFO - failed
2026-09-27 15:07:22,333 - __main__ - INFO - 17
2026-09-27 15:07:22,334 - __main__ - INFO - failed
2026-09-27 15:07:22,370 - __main__ - INFO - 17
2026-09-27 15:07:22,370 - __main__ - INFO - failed
2026-09-27 15:07:22,352 - __main__ - INFO - failed
2026-09-27 15:07:22,370 - __main__ - INFO - 18
2026-09-27 15:07:22,389 - __main__ - INFO - failed
2026-09-27 15:07:22,389 - __main__ - INFO - 13
2026-09-27 15:07:22,406 - __main__ - INFO - 18
2026-09-27 15:07:22,407 - __main__ - INFO - failed
2026-09-27 15:07:22,408 - __main__ - INFO - 19
2026-09-27 15:07:22,462 - __main__ - INFO - failed
2026-09-27 15:07:22,462 - __main__ - INFO - 19
2026-09-27 15:07:22,483 - __main__ - INFO - failed
2026-09-27 15:07:22,483 - __main__ - INFO - 20
2026-09-27 15:07:22,504 - __main__ - INFO - failed
2026-09-27 15:07:22,504 - __main__ - INFO - 21
2026-09-27 15:07:22,524 - __main__ - INFO - failed
2026-09-27 15:07:22,524 - __main__ - INFO - 0
2026-09-27 15:07:23,633 - __main__ - INFO - failed
2026-09-27 15:07:23,633 - __main__ - INFO - 2
2026-09-27 15:07:23,702 - __main__ - INFO - failed
2026-09-27 15:07:23,702 - __main__ - INFO - 21
2026-09-27 15:07:25,850 - __main__ - INFO - failed
2026-09-27 15:07:25,850 - __main__ - INFO - 5
2026-09-27 15:07:25,868 - __main__ - INFO - failed
2026-09-27 15:07:25,868 - __main__ - INFO - 6
2026-09-27 15:07:25,993 - __main__ - INFO - failed
2026-09-27 15:07:25,993 - __main__ - INFO - 17
2026-09-27 15:07:26,011 - __main__ - INFO - failed
2026-09-27 15:07:26,011 - __main__ - INFO - 18
2026-09-27 15:07:26,975 - __main__ - INFO - failed
2026-09-27 15:07:26,975 - __main__ - INFO - 8
2026-09-27 15:07:28,274 - __main__ - INFO - failed
2026-09-27 15:07:28,274 - __main__ - INFO - 21
2026-09-27 15:07:28,294 - __main__ - INFO - failed
2026-09-27 15:07:28,294 - __main__ - INFO - 0
2026-09-27 15:07:29,293 - __main__ - INFO - failed
2026-09-27 15:07:29,293 - __main__ - INFO - 11
2026-09-27 15:07:29,410 - __main__ - INFO - failed
2026-09-27 15:07:29,410 - __main__ - INFO - 2
2026-09-27 15:07:29,429 - __main__ - INFO - failed
2026-09-27 15:07:29,429 - __main__ - INFO - 3
2026-09-27 15:07:29,447 - __main__ - INFO - failed
2026-09-27 15:07:29,447 - __main__ - INFO - 4
2026-09-27 15:07:30,553 - __main__ - INFO - failed
2026-09-27 15:07:30,553 - __main__ - INFO - 6
2026-09-27 15:07:30,571 - __main__ - INFO - failed
2026-09-27 15:07:30,571 - __main__ - INFO - 7
2026-09-27 15:07:31,642 - __main__ - INFO - failed
2026-09-27 15:07:31,642 - __main__ - INFO - 14
2026-09-27 15:07:31,660 - __main__ - INFO - failed
2026-09-27 15:07:31,678 - __main__ - INFO - 15
2026-09-27 15:07:32,803 - __main__ - INFO - failed
2026-09-27 15:07:32,803 - __main__ - INFO - 10
2026-09-27 15:07:32,821 - __main__ - INFO - failed
2026-09-27 15:07:32,821 - __main__ - INFO - 11
2026-09-27 15:07:32,839 - __main__ - INFO - failed
2026-09-27 15:07:32,839 - __main__ - INFO - 12
2026-09-27 15:07:32,857 - __main__ - INFO - failed
2026-09-27 15:07:32,857 - __main__ - INFO - 13
2026-09-27 15:07:32,875 - __main__ - INFO - failed
2026-09-27 15:07:32,875 - __main__ - INFO - 14
2026-09-27 15:07:33,993 - __main__ - INFO - failed
2026-09-27 15:07:33,993 - __main__ - INFO - 18
2026-09-27 15:07:34,011 - __main__ - INFO - failed
2026-09-27 15:07:34,011 - __main__ - INFO - 19
2026-09-27 15:07:34,029 - __main__ - INFO - failed
2026-09-27 15:07:34,029 - __main__ - INFO - 20
2026-09-27 15:07:34,047 - __main__ - INFO - failed
2026-09-27 15:07:34,047 - __main__ - INFO - 21
2026-09-27 15:07:34,066 - __main__ - INFO - failed
2026-09-27 15:07:34,066 - __main__ - INFO - 0
2026-09-27 15:07:34,084 - __main__ - INFO - failed
2026-09-27 15:07:34,084 - __main__ - INFO - 1
2026-09-27 15:07:34,120 - __main__ - INFO - failed
2026-09-27 15:07:34,121 - __main__ - INFO - 16
2026-09-27 15:07:35,234 - __main__ - INFO - failed
2026-09-27 15:07:35,234 - __main__ - INFO - 18
2026-09-27 15:07:36,388 - __main__ - INFO - failed
2026-09-27 15:07:36,388 - __main__ - INFO - 20
2026-09-27 15:07:36,443 - __main__ - INFO - failed
2026-09-27 15:07:36,443 - __main__ - INFO - 4
2026-09-27 15:07:37,572 - __main__ - INFO - failed
2026-09-27 15:07:37,572 - __main__ - INFO - 6
2026-09-27 15:07:38,682 - __main__ - INFO - failed
2026-09-27 15:07:38,682 - __main__ - INFO - 8
2026-09-27 15:07:39,817 - __main__ - INFO - failed
2026-09-27 15:07:39,817 - __main__ - INFO - 10
2026-09-27 15:07:40,812 - __main__ - INFO - failed
2026-09-27 15:07:40,812 - __main__ - INFO - 3
2026-09-27 15:07:40,830 - __main__ - INFO - failed
2026-09-27 15:07:40,830 - __main__ - INFO - 4
2026-09-27 15:07:41,991 - __main__ - INFO - failed
2026-09-27 15:07:41,991 - __main__ - INFO - 6
2026-09-27 15:07:42,010 - __main__ - INFO - failed
2026-09-27 15:07:42,010 - __main__ - INFO - 7
2026-09-27 15:07:42,028 - __main__ - INFO - failed
2026-09-27 15:07:42,028 - __main__ - INFO - 8
2026-09-27 15:07:42,046 - __main__ - INFO - failed
2026-09-27 15:07:42,046 - __main__ - INFO - 9
2026-09-27 15:07:42,063 - __main__ - INFO - failed
2026-09-27 15:07:42,064 - __main__ - INFO - 10
2026-09-27 15:07:42,275 - __main__ - INFO - failed
2026-09-27 15:07:42,275 - __main__ - INFO - 13
2026-09-27 15:07:43,222 - __main__ - INFO - failed
2026-09-27 15:07:43,223 - __main__ - INFO - 12
2026-09-27 15:07:43,241 - __main__ - INFO - failed
2026-09-27 15:07:43,241 - __main__ - INFO - 13
2026-09-27 15:07:43,259 - __main__ - INFO - failed
2026-09-27 15:07:43,259 - __main__ - INFO - 14
2026-09-27 15:07:43,277 - __main__ - INFO - failed
2026-09-27 15:07:43,278 - __main__ - INFO - 15
2026-09-27 15:07:43,296 - __main__ - INFO - failed
2026-09-27 15:07:43,296 - __main__ - INFO - 16
2026-09-27 15:07:43,314 - __main__ - INFO - failed
2026-09-27 15:07:43,314 - __main__ - INFO - 17
2026-09-27 15:07:43,332 - __main__ - INFO - failed
2026-09-27 15:07:43,332 - __main__ - INFO - 18
2026-09-27 15:07:44,505 - __main__ - INFO - failed
2026-09-27 15:07:44,505 - __main__ - INFO - 20
2026-09-27 15:07:44,523 - __main__ - INFO - failed
2026-09-27 15:07:44,524 - __main__ - INFO - 21
2026-09-27 15:07:44,543 - __main__ - INFO - failed
2026-09-27 15:07:44,543 - __main__ - INFO - 0
2026-09-27 15:07:45,648 - __main__ - INFO - failed
2026-09-27 15:07:45,648 - __main__ - INFO - 17
2026-09-27 15:07:46,768 - __main__ - INFO - failed
2026-09-27 15:07:46,768 - __main__ - INFO - 3
2026-09-27 15:07:46,786 - __main__ - INFO - failed
2026-09-27 15:07:46,786 - __main__ - INFO - 4
2026-09-27 15:07:46,822 - __main__ - INFO - failed
2026-09-27 15:07:46,822 - __main__ - INFO - 5
2026-09-27 15:07:46,842 - __main__ - INFO - failed
2026-09-27 15:07:46,842 - __main__ - INFO - 6
2026-09-27 15:07:46,860 - __main__ - INFO - failed
2026-09-27 15:07:46,860 - __main__ - INFO - 7
2026-09-27 15:07:47,981 - __main__ - INFO - failed
2026-09-27 15:07:47,981 - __main__ - INFO - 9
2026-09-27 15:07:49,163 - __main__ - INFO - failed
2026-09-27 15:07:49,163 - __main__ - INFO - 21
2026-09-27 15:07:50,277 - __main__ - INFO - failed
2026-09-27 15:07:50,295 - __main__ - INFO - 12
2026-09-27 15:07:52,508 - __main__ - INFO - failed
2026-09-27 15:07:52,509 - __main__ - INFO - 15
2026-09-27 15:07:52,545 - __main__ - INFO - failed
2026-09-27 15:07:52,545 - __main__ - INFO - 3
2026-09-27 15:07:52,564 - __main__ - INFO - failed
2026-09-27 15:07:52,564 - __main__ - INFO - 4
2026-09-27 15:07:52,583 - __main__ - INFO - failed
2026-09-27 15:07:52,583 - __main__ - INFO - 5
2026-09-27 15:07:52,602 - __main__ - INFO - failed
2026-09-27 15:07:52,602 - __main__ - INFO - 6
2026-09-27 15:07:53,662 - __main__ - INFO - failed
2026-09-27 15:07:53,662 - __main__ - INFO - 17
2026-09-27 15:07:53,680 - __main__ - INFO - failed
2026-09-27 15:07:53,680 - __main__ - INFO - 18
2026-09-27 15:07:53,698 - __main__ - INFO - failed
2026-09-27 15:07:53,698 - __main__ - INFO - 19
2026-09-27 15:07:53,716 - __main__ - INFO - failed
2026-09-27 15:07:53,716 - __main__ - INFO - 20
2026-09-27 15:07:53,782 - __main__ - INFO - failed
2026-09-27 15:07:53,782 - __main__ - INFO - 8
2026-09-27 15:07:54,897 - __main__ - INFO - failed
2026-09-27 15:07:54,897 - __main__ - INFO - 10
2026-09-27 15:07:54,933 - __main__ - INFO - failed
2026-09-27 15:07:54,933 - __main__ - INFO - 11
2026-09-27 15:07:54,952 - __main__ - INFO - failed
2026-09-27 15:07:54,952 - __main__ - INFO - 12
2026-09-27 15:07:54,972 - __main__ - INFO - failed
2026-09-27 15:07:54,972 - __main__ - INFO - 13
2026-09-27 15:07:54,990 - __main__ - INFO - failed
2026-09-27 15:07:54,990 - __main__ - INFO - 14
2026-09-27 15:07:55,009 - __main__ - INFO - failed
2026-09-27 15:07:55,009 - __main__ - INFO - 15
2026-09-27 15:07:55,027 - __main__ - INFO - failed
2026-09-27 15:07:55,027 - __main__ - INFO - 16
2026-09-27 15:07:56,172 - __main__ - INFO - failed
2026-09-27 15:07:56,172 - __main__ - INFO - 18
2026-09-27 15:07:57,171 - __main__ - INFO - failed
2026-09-27 15:07:57,171 - __main__ - INFO - 2
2026-09-27 15:07:57,189 - __main__ - INFO - failed
2026-09-27 15:07:57,189 - __main__ - INFO - 3
2026-09-27 15:07:57,207 - __main__ - INFO - failed
2026-09-27 15:07:57,207 - __main__ - INFO - 4
2026-09-27 15:07:57,226 - __main__ - INFO - failed
2026-09-27 15:07:57,226 - __main__ - INFO - 5
2026-09-27 15:07:57,326 - __main__ - INFO - failed
2026-09-27 15:07:57,326 - __main__ - INFO - 20
2026-09-27 15:08:01,691 - __main__ - INFO - failed
2026-09-27 15:08:01,691 - __main__ - INFO - 10
2026-09-27 15:08:02,815 - __main__ - INFO - failed
2026-09-27 15:08:02,816 - __main__ - INFO - 12
2026-09-27 15:08:03,003 - __main__ - INFO - failed
2026-09-27 15:08:03,004 - __main__ - INFO - 4
2026-09-27 15:08:03,023 - __main__ - INFO - failed
2026-09-27 15:08:03,023 - __main__ - INFO - 5
2026-09-27 15:08:03,041 - __main__ - INFO - failed
2026-09-27 15:08:03,041 - __main__ - INFO - 6
2026-09-27 15:08:03,059 - __main__ - INFO - failed
2026-09-27 15:08:03,059 - __main__ - INFO - 7
2026-09-27 15:08:04,041 - __main__ - INFO - failed
2026-09-27 15:08:04,041 - __main__ - INFO - 14
2026-09-27 15:08:04,059 - __main__ - INFO - failed
2026-09-27 15:08:04,059 - __main__ - INFO - 15
2026-09-27 15:08:05,225 - __main__ - INFO - failed
2026-09-27 15:08:05,225 - __main__ - INFO - 17
2026-09-27 15:08:05,448 - __main__ - INFO - failed
2026-09-27 15:08:05,449 - __main__ - INFO - 10
2026-09-27 15:08:06,354 - __main__ - INFO - failed
2026-09-27 15:08:06,354 - __main__ - INFO - 19
2026-09-27 15:08:07,475 - __main__ - INFO - failed
2026-09-27 15:08:07,476 - __main__ - INFO - 21
2026-09-27 15:08:07,494 - __main__ - INFO - failed
2026-09-27 15:08:07,495 - __main__ - INFO - 0
2026-09-27 15:08:07,512 - __main__ - INFO - failed
2026-09-27 15:08:07,513 - __main__ - INFO - 1
2026-09-27 15:08:07,706 - __main__ - INFO - failed
2026-09-27 15:08:07,707 - __main__ - INFO - 13
2026-09-27 15:08:07,725 - __main__ - INFO - failed
2026-09-27 15:08:07,725 - __main__ - INFO - 14
2026-09-27 15:08:07,743 - __main__ - INFO - failed
2026-09-27 15:08:07,743 - __main__ - INFO - 15
2026-09-27 15:08:09,797 - __main__ - INFO - failed
2026-09-27 15:08:09,797 - __main__ - INFO - 4
2026-09-27 15:08:09,816 - __main__ - INFO - failed
2026-09-27 15:08:09,816 - __main__ - INFO - 5
2026-09-27 15:08:09,838 - __main__ - INFO - failed
2026-09-27 15:08:09,838 - __main__ - INFO - 6
2026-09-27 15:08:09,998 - __main__ - INFO - failed
2026-09-27 15:08:09,998 - __main__ - INFO - 18
2026-09-27 15:08:10,944 - __main__ - INFO - failed
2026-09-27 15:08:10,944 - __main__ - INFO - 8
2026-09-27 15:08:10,962 - __main__ - INFO - failed
2026-09-27 15:08:10,962 - __main__ - INFO - 9
2026-09-27 15:08:12,244 - __main__ - INFO - failed
2026-09-27 15:08:12,245 - __main__ - INFO - 21
2026-09-27 15:08:13,352 - __main__ - INFO - failed
2026-09-27 15:08:13,352 - __main__ - INFO - 1
2026-09-27 15:08:13,373 - __main__ - INFO - failed
2026-09-27 15:08:13,374 - __main__ - INFO - 2
2026-09-27 15:08:13,392 - __main__ - INFO - failed
2026-09-27 15:08:13,392 - __main__ - INFO - 3
2026-09-27 15:08:13,410 - __main__ - INFO - failed
2026-09-27 15:08:13,410 - __main__ - INFO - 4
2026-09-27 15:08:13,428 - __main__ - INFO - failed
2026-09-27 15:08:13,428 - __main__ - INFO - 5
2026-09-27 15:08:15,389 - __main__ - INFO - failed
2026-09-27 15:08:15,389 - __main__ - INFO - 14
2026-09-27 15:08:15,408 - __main__ - INFO - failed
2026-09-27 15:08:15,408 - __main__ - INFO - 15
2026-09-27 15:08:15,426 - __main__ - INFO - failed
2026-09-27 15:08:15,427 - __main__ - INFO - 16
2026-09-27 15:08:15,445 - __main__ - INFO - failed
2026-09-27 15:08:15,445 - __main__ - INFO - 17
2026-09-27 15:08:15,463 - __main__ - INFO - failed
2026-09-27 15:08:15,463 - __main__ - INFO - 18
2026-09-27 15:08:15,481 - __main__ - INFO - failed
2026-09-27 15:08:15,481 - __main__ - INFO - 19
2026-09-27 15:08:16,598 - __main__ - INFO - failed
2026-09-27 15:08:16,599 - __main__ - INFO - 21
2026-09-27 15:08:16,714 - __main__ - INFO - failed
2026-09-27 15:08:16,714 - __main__ - INFO - 9
2026-09-27 15:08:16,732 - __main__ - INFO - failed
2026-09-27 15:08:16,732 - __main__ - INFO - 10
2026-09-27 15:08:16,751 - __main__ - INFO - failed
2026-09-27 15:08:16,751 - __main__ - INFO - 11
2026-09-27 15:08:16,769 - __main__ - INFO - failed
2026-09-27 15:08:16,769 - __main__ - INFO - 12
2026-09-27 15:08:17,706 - __main__ - INFO - failed
2026-09-27 15:08:17,706 - __main__ - INFO - 1
2026-09-27 15:08:17,724 - __main__ - INFO - failed
2026-09-27 15:08:17,724 - __main__ - INFO - 2
2026-09-27 15:08:17,865 - __main__ - INFO - failed
2026-09-27 15:08:17,866 - __main__ - INFO - 14
2026-09-27 15:08:19,013 - __main__ - INFO - failed
2026-09-27 15:08:19,013 - __main__ - INFO - 16
2026-09-27 15:08:21,163 - __main__ - INFO - failed
2026-09-27 15:08:21,164 - __main__ - INFO - 6
2026-09-27 15:08:21,182 - __main__ - INFO - failed
2026-09-27 15:08:21,182 - __main__ - INFO - 7
2026-09-27 15:08:21,220 - __main__ - INFO - failed
2026-09-27 15:08:21,220 - __main__ - INFO - 19
2026-09-27 15:08:22,371 - __main__ - INFO - failed
2026-09-27 15:08:22,372 - __main__ - INFO - 9
2026-09-27 15:08:22,390 - __main__ - INFO - failed
2026-09-27 15:08:22,390 - __main__ - INFO - 10
2026-09-27 15:08:23,479 - __main__ - INFO - failed
2026-09-27 15:08:23,480 - __main__ - INFO - 0
2026-09-27 15:08:23,515 - __main__ - INFO - failed
2026-09-27 15:08:23,515 - __main__ - INFO - 12
2026-09-27 15:08:23,516 - __main__ - INFO - failed
2026-09-27 15:08:23,533 - __main__ - INFO - 1
2026-09-27 15:08:23,534 - __main__ - INFO - failed
2026-09-27 15:08:23,552 - __main__ - INFO - 13
2026-09-27 15:08:23,553 - __main__ - INFO - failed
2026-09-27 15:08:23,571 - __main__ - INFO - 2
2026-09-27 15:08:23,571 - __main__ - INFO - failed
2026-09-27 15:08:23,588 - __main__ - INFO - 14
2026-09-27 15:08:24,724 - __main__ - INFO - failed
2026-09-27 15:08:24,724 - __main__ - INFO - 4
2026-09-27 15:08:25,822 - __main__ - INFO - failed
2026-09-27 15:08:25,822 - __main__ - INFO - 17
2026-09-27 15:08:25,840 - __main__ - INFO - failed
2026-09-27 15:08:25,840 - __main__ - INFO - 18
2026-09-27 15:08:25,858 - __main__ - INFO - failed
2026-09-27 15:08:25,876 - __main__ - INFO - 19
2026-09-27 15:08:25,876 - __main__ - INFO - failed
2026-09-27 15:08:25,893 - __main__ - INFO - 6
2026-09-27 15:08:25,895 - __main__ - INFO - failed
2026-09-27 15:08:25,913 - __main__ - INFO - 20
2026-09-27 15:08:25,913 - __main__ - INFO - failed
2026-09-27 15:08:25,913 - __main__ - INFO - 7
2026-09-27 15:08:25,949 - __main__ - INFO - failed
2026-09-27 15:08:25,950 - __main__ - INFO - 21
2026-09-27 15:08:27,042 - __main__ - INFO - failed
2026-09-27 15:08:27,042 - __main__ - INFO - 1
2026-09-27 15:08:27,077 - __main__ - INFO - failed
2026-09-27 15:08:27,078 - __main__ - INFO - 9
2026-09-27 15:08:27,078 - __main__ - INFO - failed
2026-09-27 15:08:27,096 - __main__ - INFO - 2
2026-09-27 15:08:29,400 - __main__ - INFO - failed
2026-09-27 15:08:29,400 - __main__ - INFO - 5
2026-09-27 15:08:29,418 - __main__ - INFO - failed
2026-09-27 15:08:29,418 - __main__ - INFO - 6
2026-09-27 15:08:29,436 - __main__ - INFO - failed
2026-09-27 15:08:29,436 - __main__ - INFO - 7
2026-09-27 15:08:29,473 - __main__ - INFO - failed
2026-09-27 15:08:29,473 - __main__ - INFO - 12
2026-09-27 15:08:29,492 - __main__ - INFO - failed
2026-09-27 15:08:29,492 - __main__ - INFO - 13
2026-09-27 15:08:30,587 - __main__ - INFO - failed
2026-09-27 15:08:30,587 - __main__ - INFO - 9
2026-09-27 15:08:30,623 - __main__ - INFO - failed
2026-09-27 15:08:30,623 - __main__ - INFO - 10
2026-09-27 15:08:30,623 - __main__ - INFO - failed
2026-09-27 15:08:30,623 - __main__ - INFO - 15
2026-09-27 15:08:30,660 - __main__ - INFO - failed
2026-09-27 15:08:30,661 - __main__ - INFO - failed
2026-09-27 15:08:30,661 - __main__ - INFO - 11
2026-09-27 15:08:30,661 - __main__ - INFO - 16
2026-09-27 15:08:30,697 - __main__ - INFO - failed
2026-09-27 15:08:30,697 - __main__ - INFO - 12
2026-09-27 15:08:30,698 - __main__ - INFO - failed
2026-09-27 15:08:30,698 - __main__ - INFO - 17
2026-09-27 15:08:30,734 - __main__ - INFO - failed
2026-09-27 15:08:30,734 - __main__ - INFO - 13
2026-09-27 15:08:30,735 - __main__ - INFO - failed
2026-09-27 15:08:30,735 - __main__ - INFO - 18
2026-09-27 15:08:30,771 - __main__ - INFO - failed
2026-09-27 15:08:30,772 - __main__ - INFO - failed
2026-09-27 15:08:30,772 - __main__ - INFO - 14
2026-09-27 15:08:30,772 - __main__ - INFO - 19
2026-09-27 15:08:30,808 - __main__ - INFO - failed
2026-09-27 15:08:30,809 - __main__ - INFO - 15
2026-09-27 15:08:33,136 - __main__ - INFO - failed
2026-09-27 15:08:33,136 - __main__ - INFO - 0
2026-09-27 15:08:33,172 - __main__ - INFO - failed
2026-09-27 15:08:33,172 - __main__ - INFO - 1
2026-09-27 15:08:34,404 - __main__ - INFO - failed
2026-09-27 15:08:34,404 - __main__ - INFO - 19
2026-09-27 15:08:34,422 - __main__ - INFO - failed
2026-09-27 15:08:34,422 - __main__ - INFO - 20
2026-09-27 15:08:34,441 - __main__ - INFO - failed
2026-09-27 15:08:34,441 - __main__ - INFO - 21
2026-09-27 15:08:34,460 - __main__ - INFO - failed
2026-09-27 15:08:34,460 - __main__ - INFO - 0
2026-09-27 15:08:34,477 - __main__ - INFO - failed
2026-09-27 15:08:34,478 - __main__ - INFO - 1
2026-09-27 15:08:34,496 - __main__ - INFO - failed
2026-09-27 15:08:34,496 - __main__ - INFO - 2
2026-09-27 15:08:35,424 - __main__ - INFO - failed
2026-09-27 15:08:35,424 - __main__ - INFO - 4
2026-09-27 15:08:35,594 - __main__ - INFO - failed
2026-09-27 15:08:35,594 - __main__ - INFO - 4
2026-09-27 15:08:35,613 - __main__ - INFO - failed
2026-09-27 15:08:35,613 - __main__ - INFO - 5
2026-09-27 15:08:36,535 - __main__ - INFO - failed
2026-09-27 15:08:36,535 - __main__ - INFO - 6
2026-09-27 15:08:36,744 - __main__ - INFO - failed
2026-09-27 15:08:36,744 - __main__ - INFO - 7
2026-09-27 15:08:36,762 - __main__ - INFO - failed
2026-09-27 15:08:36,762 - __main__ - INFO - 8
2026-09-27 15:08:36,780 - __main__ - INFO - failed
2026-09-27 15:08:36,780 - __main__ - INFO - 9
2026-09-27 15:08:36,798 - __main__ - INFO - failed
2026-09-27 15:08:36,799 - __main__ - INFO - 10
2026-09-27 15:08:36,816 - __main__ - INFO - failed
2026-09-27 15:08:36,817 - __main__ - INFO - 11
2026-09-27 15:08:36,835 - __main__ - INFO - failed
2026-09-27 15:08:36,835 - __main__ - INFO - 12
2026-09-27 15:08:37,666 - __main__ - INFO - failed
2026-09-27 15:08:37,666 - __main__ - INFO - 8
2026-09-27 15:08:37,977 - __main__ - INFO - failed
2026-09-27 15:08:37,977 - __main__ - INFO - 14
2026-09-27 15:08:37,995 - __main__ - INFO - failed
2026-09-27 15:08:37,995 - __main__ - INFO - 15
2026-09-27 15:08:38,804 - __main__ - INFO - failed
2026-09-27 15:08:38,804 - __main__ - INFO - 10
2026-09-27 15:08:38,822 - __main__ - INFO - failed
2026-09-27 15:08:38,822 - __main__ - INFO - 11
2026-09-27 15:08:38,840 - __main__ - INFO - failed
2026-09-27 15:08:38,840 - __main__ - INFO - 12
2026-09-27 15:08:38,858 - __main__ - INFO - failed
2026-09-27 15:08:38,858 - __main__ - INFO - 13
2026-09-27 15:08:38,876 - __main__ - INFO - failed
2026-09-27 15:08:38,876 - __main__ - INFO - 14
2026-09-27 15:08:40,032 - __main__ - INFO - failed
2026-09-27 15:08:40,033 - __main__ - INFO - 16
2026-09-27 15:08:40,051 - __main__ - INFO - failed
2026-09-27 15:08:40,051 - __main__ - INFO - 17
2026-09-27 15:08:40,069 - __main__ - INFO - failed
2026-09-27 15:08:40,069 - __main__ - INFO - 18
2026-09-27 15:08:40,087 - __main__ - INFO - failed
2026-09-27 15:08:40,087 - __main__ - INFO - 19
2026-09-27 15:08:40,104 - __main__ - INFO - failed
2026-09-27 15:08:40,104 - __main__ - INFO - 20
2026-09-27 15:08:40,122 - __main__ - INFO - failed
2026-09-27 15:08:40,123 - __main__ - INFO - 21
2026-09-27 15:08:40,141 - __main__ - INFO - failed
2026-09-27 15:08:40,141 - __main__ - INFO - 0
2026-09-27 15:08:41,521 - __main__ - INFO - failed
2026-09-27 15:08:41,521 - __main__ - INFO - 19
2026-09-27 15:08:41,539 - __main__ - INFO - failed
2026-09-27 15:08:41,539 - __main__ - INFO - 20
2026-09-27 15:08:41,557 - __main__ - INFO - failed
2026-09-27 15:08:41,557 - __main__ - INFO - 21
2026-09-27 15:08:42,432 - __main__ - INFO - failed
2026-09-27 15:08:42,433 - __main__ - INFO - 3
2026-09-27 15:08:42,688 - __main__ - INFO - failed
2026-09-27 15:08:42,689 - __main__ - INFO - 1
2026-09-27 15:08:42,707 - __main__ - INFO - failed
2026-09-27 15:08:42,707 - __main__ - INFO - 2
2026-09-27 15:08:43,626 - __main__ - INFO - failed
2026-09-27 15:08:43,627 - __main__ - INFO - 5
2026-09-27 15:08:43,790 - __main__ - INFO - failed
2026-09-27 15:08:43,790 - __main__ - INFO - 4
2026-09-27 15:08:43,808 - __main__ - INFO - failed
2026-09-27 15:08:43,808 - __main__ - INFO - 5
2026-09-27 15:08:44,728 - __main__ - INFO - failed
2026-09-27 15:08:44,728 - __main__ - INFO - 7
2026-09-27 15:08:44,746 - __main__ - INFO - failed
2026-09-27 15:08:44,747 - __main__ - INFO - 8
2026-09-27 15:08:44,765 - __main__ - INFO - failed
2026-09-27 15:08:44,765 - __main__ - INFO - 9
2026-09-27 15:08:44,783 - __main__ - INFO - failed
2026-09-27 15:08:44,783 - __main__ - INFO - 10
2026-09-27 15:08:44,801 - __main__ - INFO - failed
2026-09-27 15:08:44,801 - __main__ - INFO - 11
2026-09-27 15:08:44,819 - __main__ - INFO - failed
2026-09-27 15:08:44,819 - __main__ - INFO - 12
2026-09-27 15:08:44,917 - __main__ - INFO - failed
2026-09-27 15:08:44,917 - __main__ - INFO - 7
2026-09-27 15:08:45,936 - __main__ - INFO - failed
2026-09-27 15:08:45,936 - __main__ - INFO - 14
2026-09-27 15:08:45,954 - __main__ - INFO - failed
2026-09-27 15:08:45,954 - __main__ - INFO - 15
2026-09-27 15:08:45,972 - __main__ - INFO - failed
2026-09-27 15:08:45,973 - __main__ - INFO - 16
2026-09-27 15:08:45,991 - __main__ - INFO - failed
2026-09-27 15:08:45,991 - __main__ - INFO - 17
2026-09-27 15:08:46,009 - __main__ - INFO - failed
2026-09-27 15:08:46,009 - __main__ - INFO - 18
2026-09-27 15:08:46,045 - __main__ - INFO - failed
2026-09-27 15:08:46,045 - __main__ - INFO - 19
2026-09-27 15:08:46,045 - __main__ - INFO - failed
2026-09-27 15:08:46,045 - __main__ - INFO - 9
2026-09-27 15:08:47,152 - __main__ - INFO - failed
2026-09-27 15:08:47,153 - __main__ - INFO - 21
2026-09-27 15:08:48,287 - __main__ - INFO - failed
2026-09-27 15:08:48,287 - __main__ - INFO - 12
2026-09-27 15:08:49,381 - __main__ - INFO - failed
2026-09-27 15:08:49,381 - __main__ - INFO - 14
2026-09-27 15:08:49,400 - __main__ - INFO - failed
2026-09-27 15:08:49,400 - __main__ - INFO - 15
2026-09-27 15:08:50,519 - __main__ - INFO - failed
2026-09-27 15:08:50,519 - __main__ - INFO - 17
2026-09-27 15:08:50,537 - __main__ - INFO - failed
2026-09-27 15:08:50,537 - __main__ - INFO - 18
2026-09-27 15:08:50,555 - __main__ - INFO - failed
2026-09-27 15:08:50,555 - __main__ - INFO - 19
2026-09-27 15:08:50,574 - __main__ - INFO - failed
2026-09-27 15:08:50,574 - __main__ - INFO - 20
2026-09-27 15:08:50,592 - __main__ - INFO - failed
2026-09-27 15:08:50,592 - __main__ - INFO - 21
2026-09-27 15:08:50,611 - __main__ - INFO - failed
2026-09-27 15:08:50,611 - __main__ - INFO - 0
2026-09-27 15:08:50,647 - __main__ - INFO - failed
2026-09-27 15:08:50,647 - __main__ - INFO - 3
2026-09-27 15:08:51,761 - __main__ - INFO - failed
2026-09-27 15:08:51,761 - __main__ - INFO - 5
2026-09-27 15:08:51,779 - __main__ - INFO - failed
2026-09-27 15:08:51,779 - __main__ - INFO - 6
2026-09-27 15:08:51,797 - __main__ - INFO - failed
2026-09-27 15:08:51,797 - __main__ - INFO - 7
2026-09-27 15:08:51,867 - __main__ - INFO - failed
2026-09-27 15:08:51,868 - __main__ - INFO - 2
2026-09-27 15:08:53,097 - __main__ - INFO - failed
2026-09-27 15:08:53,097 - __main__ - INFO - 4
2026-09-27 15:08:53,992 - __main__ - INFO - failed
2026-09-27 15:08:53,993 - __main__ - INFO - 10
2026-09-27 15:08:55,122 - __main__ - INFO - failed
2026-09-27 15:08:55,122 - __main__ - INFO - 12
2026-09-27 15:08:55,140 - __main__ - INFO - failed
2026-09-27 15:08:55,140 - __main__ - INFO - 13
2026-09-27 15:08:55,158 - __main__ - INFO - failed
2026-09-27 15:08:55,158 - __main__ - INFO - 14
2026-09-27 15:08:55,176 - __main__ - INFO - failed
2026-09-27 15:08:55,176 - __main__ - INFO - 15
2026-09-27 15:08:57,486 - __main__ - INFO - failed
2026-09-27 15:08:57,486 - __main__ - INFO - 18
2026-09-27 15:08:57,504 - __main__ - INFO - failed
2026-09-27 15:08:57,505 - __main__ - INFO - 19
2026-09-27 15:08:57,523 - __main__ - INFO - failed
2026-09-27 15:08:57,523 - __main__ - INFO - 20
2026-09-27 15:08:57,655 - __main__ - INFO - failed
2026-09-27 15:08:57,655 - __main__ - INFO - 9
2026-09-27 15:08:58,765 - __main__ - INFO - failed
2026-09-27 15:08:58,765 - __main__ - INFO - 11
2026-09-27 15:08:58,784 - __main__ - INFO - failed
2026-09-27 15:08:58,784 - __main__ - INFO - 12
2026-09-27 15:08:59,714 - __main__ - INFO - failed
2026-09-27 15:08:59,714 - __main__ - INFO - 1
2026-09-27 15:09:02,101 - __main__ - INFO - failed
2026-09-27 15:09:02,101 - __main__ - INFO - 16
2026-09-27 15:09:02,119 - __main__ - INFO - failed
2026-09-27 15:09:02,120 - __main__ - INFO - 17
2026-09-27 15:09:02,138 - __main__ - INFO - failed
2026-09-27 15:09:02,138 - __main__ - INFO - 18
2026-09-27 15:09:02,156 - __main__ - INFO - failed
2026-09-27 15:09:02,156 - __main__ - INFO - 19
2026-09-27 15:09:02,174 - __main__ - INFO - failed
2026-09-27 15:09:02,174 - __main__ - INFO - 20
2026-09-27 15:09:02,192 - __main__ - INFO - failed
2026-09-27 15:09:02,192 - __main__ - INFO - 21
2026-09-27 15:09:02,212 - __main__ - INFO - failed
2026-09-27 15:09:02,212 - __main__ - INFO - 0
2026-09-27 15:09:02,230 - __main__ - INFO - failed
2026-09-27 15:09:02,230 - __main__ - INFO - 1
2026-09-27 15:09:02,248 - __main__ - INFO - failed
2026-09-27 15:09:02,248 - __main__ - INFO - 2
2026-09-27 15:09:04,146 - __main__ - INFO - failed
2026-09-27 15:09:04,147 - __main__ - INFO - 6
2026-09-27 15:09:04,165 - __main__ - INFO - failed
2026-09-27 15:09:04,165 - __main__ - INFO - 7
2026-09-27 15:09:04,183 - __main__ - INFO - failed
2026-09-27 15:09:04,183 - __main__ - INFO - 8
2026-09-27 15:09:04,201 - __main__ - INFO - failed
2026-09-27 15:09:04,201 - __main__ - INFO - 9
2026-09-27 15:09:04,219 - __main__ - INFO - failed
2026-09-27 15:09:04,219 - __main__ - INFO - 10
2026-09-27 15:09:04,237 - __main__ - INFO - failed
2026-09-27 15:09:04,237 - __main__ - INFO - 11
2026-09-27 15:09:04,255 - __main__ - INFO - failed
2026-09-27 15:09:04,255 - __main__ - INFO - 12
2026-09-27 15:09:04,273 - __main__ - INFO - failed
2026-09-27 15:09:04,273 - __main__ - INFO - 13
2026-09-27 15:09:04,291 - __main__ - INFO - failed
2026-09-27 15:09:04,291 - __main__ - INFO - 14
2026-09-27 15:09:04,309 - __main__ - INFO - failed
2026-09-27 15:09:04,309 - __main__ - INFO - 15
2026-09-27 15:09:04,327 - __main__ - INFO - failed
2026-09-27 15:09:04,327 - __main__ - INFO - 16
2026-09-27 15:09:04,498 - __main__ - INFO - failed
2026-09-27 15:09:04,498 - __main__ - INFO - 5
2026-09-27 15:09:04,518 - __main__ - INFO - failed
2026-09-27 15:09:04,518 - __main__ - INFO - 6
2026-09-27 15:09:04,536 - __main__ - INFO - failed
2026-09-27 15:09:04,536 - __main__ - INFO - 7
2026-09-27 15:09:04,554 - __main__ - INFO - failed
2026-09-27 15:09:04,554 - __main__ - INFO - 8
2026-09-27 15:09:05,655 - __main__ - INFO - failed
2026-09-27 15:09:05,656 - __main__ - INFO - 10
2026-09-27 15:09:06,675 - __main__ - INFO - failed
2026-09-27 15:09:06,675 - __main__ - INFO - 19
2026-09-27 15:09:06,693 - __main__ - INFO - failed
2026-09-27 15:09:06,693 - __main__ - INFO - 20
2026-09-27 15:09:06,803 - __main__ - INFO - failed
2026-09-27 15:09:06,804 - __main__ - INFO - 12
2026-09-27 15:09:06,822 - __main__ - INFO - failed
2026-09-27 15:09:06,822 - __main__ - INFO - 13
2026-09-27 15:09:06,840 - __main__ - INFO - failed
2026-09-27 15:09:06,840 - __main__ - INFO - 14
2026-09-27 15:09:06,858 - __main__ - INFO - failed
2026-09-27 15:09:06,858 - __main__ - INFO - 15
2026-09-27 15:09:06,877 - __main__ - INFO - failed
2026-09-27 15:09:06,877 - __main__ - INFO - 16
2026-09-27 15:09:08,002 - __main__ - INFO - failed
2026-09-27 15:09:08,002 - __main__ - INFO - 18
2026-09-27 15:09:08,021 - __main__ - INFO - failed
2026-09-27 15:09:08,021 - __main__ - INFO - 19
2026-09-27 15:09:10,090 - __main__ - INFO - failed
2026-09-27 15:09:10,090 - __main__ - INFO - 2
2026-09-27 15:09:11,230 - __main__ - INFO - failed
2026-09-27 15:09:11,230 - __main__ - INFO - 4
2026-09-27 15:09:11,461 - __main__ - INFO - failed
2026-09-27 15:09:11,461 - __main__ - INFO - 1
2026-09-27 15:09:11,479 - __main__ - INFO - failed
2026-09-27 15:09:11,480 - __main__ - INFO - 2
2026-09-27 15:09:11,497 - __main__ - INFO - failed
2026-09-27 15:09:11,498 - __main__ - INFO - 3
2026-09-27 15:09:11,516 - __main__ - INFO - failed
2026-09-27 15:09:11,516 - __main__ - INFO - 4
2026-09-27 15:09:12,371 - __main__ - INFO - failed
2026-09-27 15:09:12,371 - __main__ - INFO - 6
2026-09-27 15:09:12,389 - __main__ - INFO - failed
2026-09-27 15:09:12,390 - __main__ - INFO - 7
2026-09-27 15:09:13,759 - __main__ - INFO - failed
2026-09-27 15:09:13,760 - __main__ - INFO - 7
2026-09-27 15:09:13,778 - __main__ - INFO - failed
2026-09-27 15:09:13,778 - __main__ - INFO - 8
2026-09-27 15:09:15,080 - __main__ - INFO - failed
2026-09-27 15:09:15,081 - __main__ - INFO - 10
2026-09-27 15:09:15,099 - __main__ - INFO - failed
2026-09-27 15:09:15,099 - __main__ - INFO - 11
2026-09-27 15:09:15,786 - __main__ - INFO - failed
2026-09-27 15:09:15,786 - __main__ - INFO - 11
2026-09-27 15:09:15,804 - __main__ - INFO - failed
2026-09-27 15:09:15,804 - __main__ - INFO - 12
2026-09-27 15:09:16,217 - __main__ - INFO - failed
2026-09-27 15:09:16,217 - __main__ - INFO - 13
2026-09-27 15:09:16,235 - __main__ - INFO - failed
2026-09-27 15:09:16,235 - __main__ - INFO - 14
2026-09-27 15:09:16,253 - __main__ - INFO - failed
2026-09-27 15:09:16,253 - __main__ - INFO - 15
2026-09-27 15:09:16,272 - __main__ - INFO - failed
2026-09-27 15:09:16,272 - __main__ - INFO - 16
2026-09-27 15:09:16,290 - __main__ - INFO - failed
2026-09-27 15:09:16,290 - __main__ - INFO - 17
2026-09-27 15:09:16,308 - __main__ - INFO - failed
2026-09-27 15:09:16,308 - __main__ - INFO - 18
2026-09-27 15:09:16,326 - __main__ - INFO - failed
2026-09-27 15:09:16,326 - __main__ - INFO - 19
2026-09-27 15:09:16,344 - __main__ - INFO - failed
2026-09-27 15:09:16,344 - __main__ - INFO - 20
2026-09-27 15:09:16,362 - __main__ - INFO - failed
2026-09-27 15:09:16,362 - __main__ - INFO - 21
2026-09-27 15:09:16,381 - __main__ - INFO - failed
2026-09-27 15:09:16,381 - __main__ - INFO - 0
2026-09-27 15:09:16,399 - __main__ - INFO - failed
2026-09-27 15:09:16,399 - __main__ - INFO - 1
2026-09-27 15:09:16,417 - __main__ - INFO - failed
2026-09-27 15:09:16,417 - __main__ - INFO - 2
2026-09-27 15:09:16,899 - __main__ - INFO - failed
2026-09-27 15:09:16,899 - __main__ - INFO - 14
2026-09-27 15:09:18,994 - __main__ - INFO - failed
2026-09-27 15:09:18,994 - __main__ - INFO - 5
2026-09-27 15:09:20,097 - __main__ - INFO - failed
2026-09-27 15:09:20,097 - __main__ - INFO - 7
2026-09-27 15:09:20,115 - __main__ - INFO - failed
2026-09-27 15:09:20,115 - __main__ - INFO - 8
2026-09-27 15:09:20,133 - __main__ - INFO - failed
2026-09-27 15:09:20,133 - __main__ - INFO - 9
2026-09-27 15:09:20,151 - __main__ - INFO - failed
2026-09-27 15:09:20,152 - __main__ - INFO - 10
2026-09-27 15:09:20,329 - __main__ - INFO - failed
2026-09-27 15:09:20,329 - __main__ - INFO - 18
2026-09-27 15:09:20,347 - __main__ - INFO - failed
2026-09-27 15:09:20,347 - __main__ - INFO - 19
2026-09-27 15:09:21,451 - __main__ - INFO - failed
2026-09-27 15:09:21,451 - __main__ - INFO - 21
2026-09-27 15:09:21,470 - __main__ - INFO - failed
2026-09-27 15:09:21,470 - __main__ - INFO - 0
2026-09-27 15:09:21,488 - __main__ - INFO - failed
2026-09-27 15:09:21,488 - __main__ - INFO - 1
2026-09-27 15:09:22,420 - __main__ - INFO - failed
2026-09-27 15:09:22,421 - __main__ - INFO - 13
2026-09-27 15:09:22,439 - __main__ - INFO - failed
2026-09-27 15:09:22,439 - __main__ - INFO - 14
2026-09-27 15:09:22,457 - __main__ - INFO - failed
2026-09-27 15:09:22,457 - __main__ - INFO - 15
2026-09-27 15:09:22,475 - __main__ - INFO - failed
2026-09-27 15:09:22,475 - __main__ - INFO - 16
2026-09-27 15:09:22,640 - __main__ - INFO - failed
2026-09-27 15:09:22,640 - __main__ - INFO - 3
2026-09-27 15:09:23,739 - __main__ - INFO - failed
2026-09-27 15:09:23,740 - __main__ - INFO - 5
2026-09-27 15:09:23,758 - __main__ - INFO - failed
2026-09-27 15:09:23,758 - __main__ - INFO - 6
2026-09-27 15:09:23,776 - __main__ - INFO - failed
2026-09-27 15:09:23,776 - __main__ - INFO - 7
2026-09-27 15:09:24,840 - __main__ - INFO - failed
2026-09-27 15:09:24,840 - __main__ - INFO - 19
2026-09-27 15:09:24,974 - __main__ - INFO - failed
2026-09-27 15:09:24,974 - __main__ - INFO - 9
2026-09-27 15:09:24,992 - __main__ - INFO - failed
2026-09-27 15:09:24,993 - __main__ - INFO - 10
2026-09-27 15:09:25,011 - __main__ - INFO - failed
2026-09-27 15:09:25,011 - __main__ - INFO - 11
2026-09-27 15:09:25,029 - __main__ - INFO - failed
2026-09-27 15:09:25,029 - __main__ - INFO - 12
2026-09-27 15:09:26,120 - __main__ - INFO - failed
2026-09-27 15:09:26,120 - __main__ - INFO - 14
2026-09-27 15:09:26,138 - __main__ - INFO - failed
2026-09-27 15:09:26,139 - __main__ - INFO - 15
2026-09-27 15:09:26,157 - __main__ - INFO - failed
2026-09-27 15:09:26,157 - __main__ - INFO - 16
2026-09-27 15:09:26,175 - __main__ - INFO - failed
2026-09-27 15:09:26,175 - __main__ - INFO - 17
2026-09-27 15:09:26,193 - __main__ - INFO - failed
2026-09-27 15:09:26,193 - __main__ - INFO - 18
2026-09-27 15:09:27,287 - __main__ - INFO - failed
2026-09-27 15:09:27,288 - __main__ - INFO - 20
2026-09-27 15:09:28,123 - __main__ - INFO - failed
2026-09-27 15:09:28,124 - __main__ - INFO - 1
2026-09-27 15:09:28,142 - __main__ - INFO - failed
2026-09-27 15:09:28,142 - __main__ - INFO - 2
2026-09-27 15:09:28,160 - __main__ - INFO - failed
2026-09-27 15:09:28,160 - __main__ - INFO - 3
2026-09-27 15:09:28,178 - __main__ - INFO - failed
2026-09-27 15:09:28,178 - __main__ - INFO - 4
2026-09-27 15:09:28,196 - __main__ - INFO - failed
2026-09-27 15:09:28,196 - __main__ - INFO - 5
2026-09-27 15:09:28,386 - __main__ - INFO - failed
2026-09-27 15:09:28,386 - __main__ - INFO - 0
2026-09-27 15:09:29,491 - __main__ - INFO - failed
2026-09-27 15:09:29,491 - __main__ - INFO - 2
2026-09-27 15:09:29,509 - __main__ - INFO - failed
2026-09-27 15:09:29,509 - __main__ - INFO - 3
2026-09-27 15:09:30,616 - __main__ - INFO - failed
2026-09-27 15:09:30,616 - __main__ - INFO - 5
2026-09-27 15:09:31,463 - __main__ - INFO - failed
2026-09-27 15:09:31,463 - __main__ - INFO - 9
2026-09-27 15:09:31,481 - __main__ - INFO - failed
2026-09-27 15:09:31,481 - __main__ - INFO - 10
2026-09-27 15:09:31,500 - __main__ - INFO - failed
2026-09-27 15:09:31,500 - __main__ - INFO - 11
2026-09-27 15:09:31,518 - __main__ - INFO - failed
2026-09-27 15:09:31,518 - __main__ - INFO - 12
2026-09-27 15:09:31,536 - __main__ - INFO - failed
2026-09-27 15:09:31,536 - __main__ - INFO - 13
2026-09-27 15:09:31,554 - __main__ - INFO - failed
2026-09-27 15:09:31,554 - __main__ - INFO - 14
2026-09-27 15:09:31,572 - __main__ - INFO - failed
2026-09-27 15:09:31,572 - __main__ - INFO - 15
2026-09-27 15:09:31,590 - __main__ - INFO - failed
2026-09-27 15:09:31,590 - __main__ - INFO - 16
2026-09-27 15:09:31,706 - __main__ - INFO - failed
2026-09-27 15:09:31,706 - __main__ - INFO - 7
2026-09-27 15:09:31,724 - __main__ - INFO - failed
2026-09-27 15:09:31,724 - __main__ - INFO - 8
2026-09-27 15:09:31,742 - __main__ - INFO - failed
2026-09-27 15:09:31,742 - __main__ - INFO - 9
2026-09-27 15:09:32,699 - __main__ - INFO - failed
2026-09-27 15:09:32,699 - __main__ - INFO - 18
2026-09-27 15:09:33,785 - __main__ - INFO - failed
2026-09-27 15:09:33,786 - __main__ - INFO - 20
2026-09-27 15:09:34,898 - __main__ - INFO - failed
2026-09-27 15:09:34,898 - __main__ - INFO - 0
2026-09-27 15:09:34,916 - __main__ - INFO - failed
2026-09-27 15:09:34,916 - __main__ - INFO - 1
2026-09-27 15:09:36,037 - __main__ - INFO - failed
2026-09-27 15:09:36,037 - __main__ - INFO - 3
2026-09-27 15:09:37,155 - __main__ - INFO - failed
2026-09-27 15:09:37,155 - __main__ - INFO - 5
2026-09-27 15:09:37,173 - __main__ - INFO - failed
2026-09-27 15:09:37,173 - __main__ - INFO - 6
2026-09-27 15:09:37,221 - __main__ - INFO - failed
2026-09-27 15:09:37,221 - __main__ - INFO - 15
2026-09-27 15:09:37,242 - __main__ - INFO - failed
2026-09-27 15:09:37,242 - __main__ - INFO - 16
2026-09-27 15:09:37,261 - __main__ - INFO - failed
2026-09-27 15:09:37,261 - __main__ - INFO - 17
2026-09-27 15:09:37,279 - __main__ - INFO - failed
2026-09-27 15:09:37,279 - __main__ - INFO - 18
2026-09-27 15:09:37,297 - __main__ - INFO - failed
2026-09-27 15:09:37,297 - __main__ - INFO - 19
2026-09-27 15:09:38,391 - __main__ - INFO - failed
2026-09-27 15:09:38,392 - __main__ - INFO - 8
2026-09-27 15:09:38,487 - __main__ - INFO - failed
2026-09-27 15:09:38,487 - __main__ - INFO - 21
2026-09-27 15:09:39,527 - __main__ - INFO - failed
2026-09-27 15:09:39,527 - __main__ - INFO - 10
2026-09-27 15:09:39,636 - __main__ - INFO - failed
2026-09-27 15:09:39,636 - __main__ - INFO - 1
2026-09-27 15:09:40,632 - __main__ - INFO - failed
2026-09-27 15:09:40,632 - __main__ - INFO - 12
2026-09-27 15:09:40,650 - __main__ - INFO - failed
2026-09-27 15:09:40,650 - __main__ - INFO - 13
2026-09-27 15:09:40,668 - __main__ - INFO - failed
2026-09-27 15:09:40,668 - __main__ - INFO - 14
2026-09-27 15:09:40,766 - __main__ - INFO - failed
2026-09-27 15:09:40,766 - __main__ - INFO - 3
2026-09-27 15:09:40,785 - __main__ - INFO - failed
2026-09-27 15:09:40,786 - __main__ - INFO - 4
2026-09-27 15:09:41,787 - __main__ - INFO - failed
2026-09-27 15:09:41,787 - __main__ - INFO - 16
2026-09-27 15:09:41,890 - __main__ - INFO - failed
2026-09-27 15:09:41,890 - __main__ - INFO - 6
2026-09-27 15:09:41,909 - __main__ - INFO - failed
2026-09-27 15:09:41,910 - __main__ - INFO - 7
2026-09-27 15:09:41,928 - __main__ - INFO - failed
2026-09-27 15:09:41,928 - __main__ - INFO - 8
2026-09-27 15:09:41,946 - __main__ - INFO - failed
2026-09-27 15:09:41,946 - __main__ - INFO - 9
2026-09-27 15:09:42,927 - __main__ - INFO - failed
2026-09-27 15:09:42,927 - __main__ - INFO - 18
2026-09-27 15:09:42,946 - __main__ - INFO - failed
2026-09-27 15:09:42,946 - __main__ - INFO - 19
2026-09-27 15:09:42,964 - __main__ - INFO - failed
2026-09-27 15:09:42,964 - __main__ - INFO - 20
2026-09-27 15:09:42,982 - __main__ - INFO - failed
2026-09-27 15:09:42,982 - __main__ - INFO - 21
2026-09-27 15:09:43,065 - __main__ - INFO - failed
2026-09-27 15:09:43,065 - __main__ - INFO - 11
2026-09-27 15:09:43,084 - __main__ - INFO - failed
2026-09-27 15:09:43,084 - __main__ - INFO - 12
2026-09-27 15:09:43,102 - __main__ - INFO - failed
2026-09-27 15:09:43,103 - __main__ - INFO - 13
2026-09-27 15:09:43,121 - __main__ - INFO - failed
2026-09-27 15:09:43,121 - __main__ - INFO - 14
2026-09-27 15:09:43,139 - __main__ - INFO - failed
2026-09-27 15:09:43,139 - __main__ - INFO - 15
2026-09-27 15:09:43,157 - __main__ - INFO - failed
2026-09-27 15:09:43,157 - __main__ - INFO - 16
2026-09-27 15:09:44,120 - __main__ - INFO - failed
2026-09-27 15:09:44,120 - __main__ - INFO - 1
2026-09-27 15:09:44,138 - __main__ - INFO - failed
2026-09-27 15:09:44,138 - __main__ - INFO - 2
2026-09-27 15:09:44,156 - __main__ - INFO - failed
2026-09-27 15:09:44,156 - __main__ - INFO - 3
2026-09-27 15:09:44,174 - __main__ - INFO - failed
2026-09-27 15:09:44,174 - __main__ - INFO - 4
2026-09-27 15:09:44,192 - __main__ - INFO - failed
2026-09-27 15:09:44,192 - __main__ - INFO - 5
2026-09-27 15:09:45,318 - __main__ - INFO - failed
2026-09-27 15:09:45,318 - __main__ - INFO - 7
2026-09-27 15:09:45,464 - __main__ - INFO - failed
2026-09-27 15:09:45,464 - __main__ - INFO - 19
2026-09-27 15:09:45,482 - __main__ - INFO - failed
2026-09-27 15:09:45,482 - __main__ - INFO - 20
2026-09-27 15:09:45,500 - __main__ - INFO - failed
2026-09-27 15:09:45,501 - __main__ - INFO - 21
2026-09-27 15:09:45,519 - __main__ - INFO - failed
2026-09-27 15:09:45,520 - __main__ - INFO - 0
2026-09-27 15:09:46,441 - __main__ - INFO - failed
2026-09-27 15:09:46,441 - __main__ - INFO - 9
2026-09-27 15:09:46,459 - __main__ - INFO - failed
2026-09-27 15:09:46,459 - __main__ - INFO - 10
2026-09-27 15:09:46,682 - __main__ - INFO - failed
2026-09-27 15:09:46,682 - __main__ - INFO - 2
2026-09-27 15:09:46,700 - __main__ - INFO - failed
2026-09-27 15:09:46,700 - __main__ - INFO - 3
2026-09-27 15:09:46,718 - __main__ - INFO - failed
2026-09-27 15:09:46,718 - __main__ - INFO - 4
2026-09-27 15:09:46,736 - __main__ - INFO - failed
2026-09-27 15:09:46,736 - __main__ - INFO - 5
2026-09-27 15:09:46,755 - __main__ - INFO - failed
2026-09-27 15:09:46,755 - __main__ - INFO - 6
2026-09-27 15:09:47,562 - __main__ - INFO - failed
2026-09-27 15:09:47,562 - __main__ - INFO - 12
2026-09-27 15:09:47,580 - __main__ - INFO - failed
2026-09-27 15:09:47,580 - __main__ - INFO - 13
2026-09-27 15:09:47,862 - __main__ - INFO - failed
2026-09-27 15:09:47,862 - __main__ - INFO - 8
2026-09-27 15:09:47,880 - __main__ - INFO - failed
2026-09-27 15:09:47,880 - __main__ - INFO - 9
2026-09-27 15:09:48,970 - __main__ - INFO - failed
2026-09-27 15:09:48,971 - __main__ - INFO - 15
2026-09-27 15:09:48,989 - __main__ - INFO - failed
2026-09-27 15:09:48,989 - __main__ - INFO - 16
2026-09-27 15:09:49,025 - __main__ - INFO - failed
2026-09-27 15:09:49,025 - __main__ - INFO - 11
2026-09-27 15:09:50,156 - __main__ - INFO - failed
2026-09-27 15:09:50,156 - __main__ - INFO - 13
2026-09-27 15:09:50,174 - __main__ - INFO - failed
2026-09-27 15:09:50,174 - __main__ - INFO - 14
2026-09-27 15:09:51,286 - __main__ - INFO - failed
2026-09-27 15:09:51,286 - __main__ - INFO - 16
2026-09-27 15:09:51,304 - __main__ - INFO - failed
2026-09-27 15:09:51,304 - __main__ - INFO - 17
2026-09-27 15:09:52,540 - __main__ - INFO - failed
2026-09-27 15:09:52,540 - __main__ - INFO - 19
2026-09-27 15:09:52,559 - __main__ - INFO - failed
2026-09-27 15:09:52,559 - __main__ - INFO - 20
2026-09-27 15:09:52,580 - __main__ - INFO - failed
2026-09-27 15:09:52,580 - __main__ - INFO - 21
2026-09-27 15:09:52,600 - __main__ - INFO - failed
2026-09-27 15:09:52,600 - __main__ - INFO - 0
2026-09-27 15:09:52,618 - __main__ - INFO - failed
2026-09-27 15:09:52,618 - __main__ - INFO - 1
2026-09-27 15:09:52,637 - __main__ - INFO - failed
2026-09-27 15:09:52,637 - __main__ - INFO - 2
2026-09-27 15:09:52,655 - __main__ - INFO - failed
2026-09-27 15:09:52,656 - __main__ - INFO - 3
2026-09-27 15:09:52,673 - __main__ - INFO - failed
2026-09-27 15:09:52,674 - __main__ - INFO - 4
2026-09-27 15:09:52,691 - __main__ - INFO - failed
2026-09-27 15:09:52,691 - __main__ - INFO - 5
2026-09-27 15:09:52,709 - __main__ - INFO - failed
2026-09-27 15:09:52,709 - __main__ - INFO - 6
2026-09-27 15:09:52,727 - __main__ - INFO - failed
2026-09-27 15:09:52,727 - __main__ - INFO - 7
2026-09-27 15:09:52,745 - __main__ - INFO - failed
2026-09-27 15:09:52,745 - __main__ - INFO - 8
2026-09-27 15:09:53,898 - __main__ - INFO - failed
2026-09-27 15:09:53,898 - __main__ - INFO - 10
2026-09-27 15:09:53,916 - __main__ - INFO - failed
2026-09-27 15:09:53,917 - __main__ - INFO - 11
2026-09-27 15:09:54,891 - __main__ - INFO - failed
2026-09-27 15:09:54,891 - __main__ - INFO - 0
2026-09-27 15:09:54,909 - __main__ - INFO - failed
2026-09-27 15:09:54,909 - __main__ - INFO - 1
2026-09-27 15:09:54,927 - __main__ - INFO - failed
2026-09-27 15:09:54,927 - __main__ - INFO - 2
2026-09-27 15:09:54,945 - __main__ - INFO - failed
2026-09-27 15:09:54,945 - __main__ - INFO - 3
2026-09-27 15:09:55,017 - __main__ - INFO - failed
2026-09-27 15:09:55,017 - __main__ - INFO - 13
2026-09-27 15:09:55,035 - __main__ - INFO - failed
2026-09-27 15:09:55,035 - __main__ - INFO - 14
2026-09-27 15:09:57,429 - __main__ - INFO - failed
2026-09-27 15:09:57,429 - __main__ - INFO - 17
2026-09-27 15:09:57,447 - __main__ - INFO - failed
2026-09-27 15:09:57,447 - __main__ - INFO - 18
2026-09-27 15:09:57,465 - __main__ - INFO - failed
2026-09-27 15:09:57,465 - __main__ - INFO - 19
2026-09-27 15:09:57,483 - __main__ - INFO - failed
2026-09-27 15:09:57,484 - __main__ - INFO - 20
2026-09-27 15:09:57,502 - __main__ - INFO - failed
2026-09-27 15:09:57,502 - __main__ - INFO - 21
2026-09-27 15:09:58,602 - __main__ - INFO - failed
2026-09-27 15:09:58,602 - __main__ - INFO - 1
2026-09-27 15:09:58,620 - __main__ - INFO - failed
2026-09-27 15:09:58,620 - __main__ - INFO - 2
2026-09-27 15:09:58,638 - __main__ - INFO - failed
2026-09-27 15:09:58,638 - __main__ - INFO - 3
2026-09-27 15:09:59,521 - __main__ - INFO - failed
2026-09-27 15:09:59,521 - __main__ - INFO - 8
2026-09-27 15:09:59,540 - __main__ - INFO - failed
2026-09-27 15:09:59,540 - __main__ - INFO - 9
2026-09-27 15:09:59,558 - __main__ - INFO - failed
2026-09-27 15:09:59,558 - __main__ - INFO - 10
2026-09-27 15:09:59,576 - __main__ - INFO - failed
2026-09-27 15:09:59,576 - __main__ - INFO - 11
2026-09-27 15:09:59,594 - __main__ - INFO - failed
2026-09-27 15:09:59,594 - __main__ - INFO - 12
2026-09-27 15:09:59,767 - __main__ - INFO - failed
2026-09-27 15:09:59,767 - __main__ - INFO - 5
2026-09-27 15:09:59,785 - __main__ - INFO - failed
2026-09-27 15:09:59,785 - __main__ - INFO - 6
2026-09-27 15:09:59,803 - __main__ - INFO - failed
2026-09-27 15:09:59,804 - __main__ - INFO - 7
2026-09-27 15:09:59,821 - __main__ - INFO - failed
2026-09-27 15:09:59,822 - __main__ - INFO - 8
2026-09-27 15:09:59,840 - __main__ - INFO - failed
2026-09-27 15:09:59,840 - __main__ - INFO - 9
2026-09-27 15:10:02,244 - __main__ - INFO - failed
2026-09-27 15:10:02,244 - __main__ - INFO - 12
2026-09-27 15:10:02,262 - __main__ - INFO - failed
2026-09-27 15:10:02,262 - __main__ - INFO - 13
2026-09-27 15:10:02,280 - __main__ - INFO - failed
2026-09-27 15:10:02,280 - __main__ - INFO - 14
2026-09-27 15:10:03,020 - __main__ - INFO - failed
2026-09-27 15:10:03,020 - __main__ - INFO - 16
2026-09-27 15:10:03,445 - __main__ - INFO - failed
2026-09-27 15:10:03,445 - __main__ - INFO - 16
2026-09-27 15:10:03,463 - __main__ - INFO - failed
2026-09-27 15:10:03,463 - __main__ - INFO - 17
2026-09-27 15:10:03,481 - __main__ - INFO - failed
2026-09-27 15:10:03,481 - __main__ - INFO - 18
2026-09-27 15:10:03,499 - __main__ - INFO - failed
2026-09-27 15:10:03,499 - __main__ - INFO - 19
2026-09-27 15:10:03,517 - __main__ - INFO - failed
2026-09-27 15:10:03,517 - __main__ - INFO - 20
2026-09-27 15:10:04,169 - __main__ - INFO - failed
2026-09-27 15:10:04,169 - __main__ - INFO - 18
2026-09-27 15:10:04,187 - __main__ - INFO - failed
2026-09-27 15:10:04,188 - __main__ - INFO - 19
2026-09-27 15:10:04,206 - __main__ - INFO - failed
2026-09-27 15:10:04,206 - __main__ - INFO - 20
2026-09-27 15:10:04,693 - __main__ - INFO - failed
2026-09-27 15:10:04,693 - __main__ - INFO - 0
2026-09-27 15:10:04,711 - __main__ - INFO - failed
2026-09-27 15:10:04,711 - __main__ - INFO - 1
2026-09-27 15:10:04,729 - __main__ - INFO - failed
2026-09-27 15:10:04,729 - __main__ - INFO - 2
2026-09-27 15:10:04,747 - __main__ - INFO - failed
2026-09-27 15:10:04,747 - __main__ - INFO - 3
2026-09-27 15:10:04,765 - __main__ - INFO - failed
2026-09-27 15:10:04,765 - __main__ - INFO - 4
2026-09-27 15:10:04,783 - __main__ - INFO - failed
2026-09-27 15:10:04,783 - __main__ - INFO - 5
2026-09-27 15:10:04,801 - __main__ - INFO - failed
2026-09-27 15:10:04,801 - __main__ - INFO - 6
2026-09-27 15:10:05,895 - __main__ - INFO - failed
2026-09-27 15:10:05,895 - __main__ - INFO - 8
2026-09-27 15:10:06,393 - __main__ - INFO - failed
2026-09-27 15:10:06,393 - __main__ - INFO - 1
2026-09-27 15:10:06,411 - __main__ - INFO - failed
2026-09-27 15:10:06,411 - __main__ - INFO - 2
2026-09-27 15:10:06,429 - __main__ - INFO - failed
2026-09-27 15:10:06,429 - __main__ - INFO - 3
2026-09-27 15:10:06,447 - __main__ - INFO - failed
2026-09-27 15:10:06,447 - __main__ - INFO - 4
2026-09-27 15:10:06,465 - __main__ - INFO - failed
2026-09-27 15:10:06,465 - __main__ - INFO - 5
2026-09-27 15:10:06,483 - __main__ - INFO - failed
2026-09-27 15:10:06,483 - __main__ - INFO - 6
2026-09-27 15:10:06,501 - __main__ - INFO - failed
2026-09-27 15:10:06,501 - __main__ - INFO - 7
2026-09-27 15:10:07,626 - __main__ - INFO - failed
2026-09-27 15:10:07,626 - __main__ - INFO - 9
2026-09-27 15:10:08,161 - __main__ - INFO - failed
2026-09-27 15:10:08,161 - __main__ - INFO - 11
2026-09-27 15:10:08,762 - __main__ - INFO - failed
2026-09-27 15:10:08,762 - __main__ - INFO - 11
2026-09-27 15:10:08,780 - __main__ - INFO - failed
2026-09-27 15:10:08,780 - __main__ - INFO - 12
2026-09-27 15:10:09,877 - __main__ - INFO - failed
2026-09-27 15:10:09,878 - __main__ - INFO - 14
2026-09-27 15:10:10,638 - __main__ - INFO - failed
2026-09-27 15:10:10,638 - __main__ - INFO - 14
2026-09-27 15:10:12,095 - __main__ - INFO - failed
2026-09-27 15:10:12,095 - __main__ - INFO - 17
2026-09-27 15:10:12,113 - __main__ - INFO - failed
2026-09-27 15:10:12,113 - __main__ - INFO - 18
2026-09-27 15:10:13,964 - __main__ - INFO - failed
2026-09-27 15:10:13,964 - __main__ - INFO - 18
2026-09-27 15:10:13,982 - __main__ - INFO - failed
2026-09-27 15:10:13,983 - __main__ - INFO - 19
2026-09-27 15:10:14,001 - __main__ - INFO - failed
2026-09-27 15:10:14,001 - __main__ - INFO - 20
2026-09-27 15:10:14,019 - __main__ - INFO - failed
2026-09-27 15:10:14,019 - __main__ - INFO - 21
2026-09-27 15:10:14,331 - __main__ - INFO - failed
2026-09-27 15:10:14,331 - __main__ - INFO - 21
2026-09-27 15:10:15,481 - __main__ - INFO - failed
2026-09-27 15:10:15,481 - __main__ - INFO - 1
2026-09-27 15:10:18,752 - __main__ - INFO - failed
2026-09-27 15:10:18,752 - __main__ - INFO - 5
2026-09-27 15:10:18,770 - __main__ - INFO - failed
2026-09-27 15:10:18,770 - __main__ - INFO - 6
2026-09-27 15:10:18,788 - __main__ - INFO - failed
2026-09-27 15:10:18,788 - __main__ - INFO - 7
2026-09-27 15:10:19,915 - __main__ - INFO - failed
2026-09-27 15:10:19,915 - __main__ - INFO - 9
2026-09-27 15:10:19,933 - __main__ - INFO - failed
2026-09-27 15:10:19,933 - __main__ - INFO - 10
2026-09-27 15:10:22,140 - __main__ - INFO - failed
2026-09-27 15:10:22,141 - __main__ - INFO - 13
2026-09-27 15:10:23,273 - __main__ - INFO - failed
2026-09-27 15:10:23,274 - __main__ - INFO - 15
2026-09-27 15:10:23,292 - __main__ - INFO - failed
2026-09-27 15:10:23,292 - __main__ - INFO - 16
2026-09-27 15:10:23,310 - __main__ - INFO - failed
2026-09-27 15:10:23,310 - __main__ - INFO - 17
2026-09-27 15:10:24,395 - __main__ - INFO - failed
2026-09-27 15:10:24,395 - __main__ - INFO - 19
2026-09-27 15:10:24,413 - __main__ - INFO - failed
2026-09-27 15:10:24,413 - __main__ - INFO - 20
2026-09-27 15:10:24,431 - __main__ - INFO - failed
2026-09-27 15:10:24,432 - __main__ - INFO - 21
2026-09-28 17:57:13,994 - __main__ - INFO - running pc
2026-09-28 17:57:13,994 - __main__ - INFO - running pc
2026-09-28 17:57:13,994 - __main__ - INFO - running pc
2026-09-28 18:13:21,073 - __main__ - INFO - running Us mob
2026-09-28 18:13:21,074 - __main__ - INFO - running Us mob
2026-09-28 18:13:21,092 - __main__ - INFO - running Us mob
2026-09-29 16:19:48,392 - __main__ - INFO - running pc
2026-09-29 16:19:48,392 - __main__ - INFO - running pc
2026-09-29 16:19:48,392 - __main__ - INFO - running pc
2026-09-29 16:36:26,192 - __main__ - INFO - running Us mob
2026-09-29 16:36:26,192 - __main__ - INFO - running Us mob
2026-09-29 16:36:26,193 - __main__ - INFO - running Us mob
